id,name,type,category,prediction,runner_status,input_columns,effective_pattern_after_runner_normalization,subcategory,category
rule_a9e339b4c26e2eae,opt_outs_ml.emoji_only_non_stop,deterministic_detector,auto_message,0,runnable regex,CUSTOMER_MESSAGE,^call me asap$,auto_reply,close
rule_451c36fb9b91ee65,opt_outs_ml.hot_topic_not_opt_out,deterministic_detector,auto_message,0,runnable regex,CUSTOMER_MESSAGE,^can i call you later$,auto_reply,close
rule_39802d76d8b46842,opt_outs_ml.hot_topic_opt_out,deterministic_detector,auto_message,0,runnable regex,CUSTOMER_MESSAGE,^how much is it$,auto_reply,close
rule_d1c382f5b6e65b4f,autoQAMessages.journey.hot_topic_journey,deterministic_detector,auto_message,0,runnable regex,CUSTOMER_MESSAGE,^how much$,auto_reply,close
rule_ec094007bcf5f1d2,autoQAMessages.journey.hot_topic_journey,deterministic_detector,auto_message,0,runnable regex,CUSTOMER_MESSAGE,^price$,auto_reply,close
rule_c9ca2d6f940b3f72,zapOptOuts.deterministic.hot_topic_not_opt_out,deterministic_detector,auto_reply,0,runnable literal_phrase,CUSTOMER_MESSAGE,au volant sent from my car,driving_auto_reply,close
rule_aac8946d7283e42a,zapOptOuts.deterministic_js.single_letter_only,deterministic_detector,auto_reply,0,runnable literal_phrase,CUSTOMER_MESSAGE,auto generated text i ll call you later,driving_auto_reply,close
rule_5e79496916045ff5,zapOptOuts.deterministic_js.number_only,deterministic_detector,auto_reply,0,runnable literal_phrase,CUSTOMER_MESSAGE,auto message your message cannot be sent because the file format is currently not supported,driving_auto_reply,close
rule_06d01f1a0e0b3885,zapOptOuts.classifier.is_link,deterministic_detector,auto_reply,0,runnable literal_phrase,CUSTOMER_MESSAGE,driving,driving_auto_reply,close
rule_bc586b9c3e3fbebb,zapOptOuts.deterministic_js.hot_topic_not_opt_out,deterministic_detector,auto_reply,0,runnable literal_phrase,CUSTOMER_MESSAGE,driving can t text,driving_auto_reply,close
rule_cba10b842dd3c62c,zapOptOuts.deterministic.single_letter_only,deterministic_detector,auto_reply,0,runnable literal_phrase,CUSTOMER_MESSAGE,driving can t text sent from car,driving_auto_reply,close
rule_124fec4e056055f0,zapOptOuts.deterministic.number_only,deterministic_detector,auto_reply,0,runnable literal_phrase,CUSTOMER_MESSAGE,driving can t text sent from jill,driving_auto_reply,close
rule_5e0adbf105aa36ad,zapOptOuts.classifier.is_auto_driving,deterministic_detector,auto_reply,0,runnable literal_phrase,CUSTOMER_MESSAGE,driving can t text sent from mitsubishi motors,driving_auto_reply,close
rule_fb87c5eff02a0a39,keywordHighlighter.not_opt_out_whole_message_gate,deterministic_detector,auto_reply,0,runnable literal_phrase,CUSTOMER_MESSAGE,driving can t text sent from my altima,driving_auto_reply,close
rule_9be2c6ed14eae39f,opt_outs_ml.number_only,deterministic_detector,auto_reply,0,runnable literal_phrase,CUSTOMER_MESSAGE,driving can t text sent from my car,driving_auto_reply,close
rule_b9286fab74651c14,zapOptOuts.deterministic.hot_topic_opt_out,deterministic_detector,auto_reply,0,runnable literal_phrase,CUSTOMER_MESSAGE,driving can t text sent from my frontier,driving_auto_reply,close
rule_266901b48b11b9b5,zapOptOuts.deterministic.stop_emoji_only,deterministic_detector,auto_reply,0,runnable literal_phrase,CUSTOMER_MESSAGE,driving can t text sent from my kicks,driving_auto_reply,close
rule_c54681d9c37ff496,zapOptOuts.deterministic_js.stop_emoji_only,deterministic_detector,auto_reply,0,runnable literal_phrase,CUSTOMER_MESSAGE,driving can t text sent from my maxima,driving_auto_reply,close
rule_04ccd306ffe60f34,zapOptOuts.deterministic_js.hot_topic_opt_out,deterministic_detector,auto_reply,0,runnable literal_phrase,CUSTOMER_MESSAGE,driving can t text sent from my murano,driving_auto_reply,close
rule_b491a4b1e06837f7,zapOptOuts.deterministic.tapback_stop_emoji,deterministic_detector,auto_reply,0,runnable literal_phrase,CUSTOMER_MESSAGE,driving can t text sent from my nv200,driving_auto_reply,close
rule_dd69e252645da3fc,autoQAMessages.terminal_keyword_opt_out,deterministic_detector,auto_reply,0,runnable literal_phrase,CUSTOMER_MESSAGE,driving can t text sent from my pathfinder,driving_auto_reply,close
rule_37b34588b84f6497,autoQAMessages.brand_keyword_combo,deterministic_detector,auto_reply,0,runnable literal_phrase,CUSTOMER_MESSAGE,driving can t text sent from my qx50,driving_auto_reply,close
rule_6e4219e542602274,autoQAMessages.keyword_only_message,deterministic_detector,auto_reply,0,runnable literal_phrase,CUSTOMER_MESSAGE,driving can t text sent from my rogu,driving_auto_reply,close
rule_c7efb77ac5ac0fbc,autoQAMessages.short_repeated_keyword_message,deterministic_detector,auto_reply,0,runnable literal_phrase,CUSTOMER_MESSAGE,driving can t text sent from my rogue,driving_auto_reply,close
rule_57000917af698066,autoQAMessages.direct_opt_out_matcher,deterministic_detector,auto_reply,0,runnable literal_phrase,CUSTOMER_MESSAGE,driving can t text sent from my rogue sport,driving_auto_reply,close
rule_5ad738f73455404e,opt_outs_ml.save_contact_done,deterministic_detector,auto_reply,0,runnable literal_phrase,CUSTOMER_MESSAGE,driving can t text sent from my rogue1234,driving_auto_reply,close
rule_8b84b62ad3f4e0f2,opt_outs_ml.single_letter_only,deterministic_detector,auto_reply,0,runnable literal_phrase,CUSTOMER_MESSAGE,driving can t text sent from my rouge,driving_auto_reply,close
rule_13fcdf2158b4acba,opt_outs_ml.stop_emoji_only,deterministic_detector,auto_reply,0,runnable literal_phrase,CUSTOMER_MESSAGE,driving can t text sent from my sentra,driving_auto_reply,close
rule_14492eac781ac6da,zapOptOuts.workflow.node_4.subscription.subscription_candidate,deterministic_detector,auto_reply,0,runnable literal_phrase,CUSTOMER_MESSAGE,driving can t text sent from my titan,driving_auto_reply,close
rule_eb3a23218a018086,opt_outs_ml.tapback_reaction,deterministic_detector,auto_reply,0,runnable literal_phrase,CUSTOMER_MESSAGE,driving can t text sent from my versa,driving_auto_reply,close
rule_b25458937a65a761,autoQAMessages.under_13_age_threshold,deterministic_detector,auto_reply,0,runnable literal_phrase,CUSTOMER_MESSAGE,driving can t text sent from mycar,driving_auto_reply,close
rule_73ab0cf9aa8d63c5,autoQAMessages.json_array.non_opt_out.auto_reply.001.au_volant_sent_from_my_car,literal_phrase,auto_reply,0,runnable literal_phrase,CUSTOMER_MESSAGE,driving can t text sent from ncc 1701,driving_auto_reply,close
rule_7f5dea328a22ec3b,autoQAMessages.json_array.non_opt_out.auto_reply.003.auto_generated_text_i_ll_call_you_later,literal_phrase,auto_reply,0,runnable literal_phrase,CUSTOMER_MESSAGE,driving can t text sent from nissan rogue,driving_auto_reply,close
rule_353dc8a1dffaf9f8,autoQAMessages.json_array.non_opt_out.auto_reply.004.auto_message_your_message_cannot_be_sent_because_the_file_format_is_cu,literal_phrase,auto_reply,0,runnable literal_phrase,CUSTOMER_MESSAGE,driving can t text sent from rogue,driving_auto_reply,close
rule_c22dae263fe5d4ef,autoQAMessages.json_array.non_opt_out.auto_reply.005.driving,literal_phrase,auto_reply,0,runnable literal_phrase,CUSTOMER_MESSAGE,driving can t text sent from sentra,driving_auto_reply,close
rule_b4dffe75e6c1649e,autoQAMessages.json_array.non_opt_out.auto_reply.006.driving_can_t_text,literal_phrase,auto_reply,0,runnable literal_phrase,CUSTOMER_MESSAGE,driving can t textsent from my murano,driving_auto_reply,close
rule_2984f1d4e005495e,autoQAMessages.json_array.non_opt_out.auto_reply.007.driving_can_t_text_sent_from_car,literal_phrase,auto_reply,0,runnable literal_phrase,CUSTOMER_MESSAGE,estoy conduciendo sent from my car,driving_auto_reply,close
rule_574bad654e5b612f,autoQAMessages.json_array.non_opt_out.auto_reply.008.driving_can_t_text_sent_from_jill,literal_phrase,auto_reply,0,runnable literal_phrase,CUSTOMER_MESSAGE,hey i m currently unavailable i ll get back to you as soon as i can,driving_auto_reply,close
rule_d557d821d182cfa1,autoQAMessages.json_array.non_opt_out.auto_reply.009.driving_can_t_text_sent_from_mitsubishi_motors,literal_phrase,auto_reply,0,runnable literal_phrase,CUSTOMER_MESSAGE,i m driving,driving_auto_reply,close
rule_5979c8b14a037094,autoQAMessages.json_array.non_opt_out.auto_reply.010.driving_can_t_text_sent_from_my_altima,literal_phrase,auto_reply,0,runnable literal_phrase,CUSTOMER_MESSAGE,i m driving i ll see your message when i get where i m going,driving_auto_reply,close
rule_8b04071fd5873fd9,autoQAMessages.json_array.non_opt_out.auto_reply.011.driving_can_t_text_sent_from_my_car,literal_phrase,auto_reply,0,runnable literal_phrase,CUSTOMER_MESSAGE,i m driving right now i ll see your message when i get where i m going,driving_auto_reply,close
rule_c5b34ea3b4263252,autoQAMessages.json_array.non_opt_out.auto_reply.012.driving_can_t_text_sent_from_my_frontier,literal_phrase,auto_reply,0,runnable literal_phrase,CUSTOMER_MESSAGE,i m driving sent from my car,driving_auto_reply,close
rule_e05adae78ad32bc4,autoQAMessages.json_array.non_opt_out.auto_reply.013.driving_can_t_text_sent_from_my_kicks,literal_phrase,auto_reply,0,runnable literal_phrase,CUSTOMER_MESSAGE,i m driving with do not disturb while driving turned on i ll see your message when i get where i m going,driving_auto_reply,close
rule_13edd17902e5135f,autoQAMessages.json_array.non_opt_out.auto_reply.014.driving_can_t_text_sent_from_my_maxima,literal_phrase,auto_reply,0,runnable literal_phrase,CUSTOMER_MESSAGE,i m driving with do not disturb while driving turned on i ll see your message when i get where i m going thank you,driving_auto_reply,close
rule_f8037c8103c29206,autoQAMessages.json_array.non_opt_out.auto_reply.015.driving_can_t_text_sent_from_my_murano,literal_phrase,auto_reply,0,runnable literal_phrase,CUSTOMER_MESSAGE,i m driving with focus turned on i ll see your message when i arrive at my destination,driving_auto_reply,close
rule_cdae0d3aba3d3bf7,autoQAMessages.json_array.non_opt_out.auto_reply.016.driving_can_t_text_sent_from_my_nv200,literal_phrase,auto_reply,0,runnable literal_phrase,CUSTOMER_MESSAGE,i m driving with focus turned on i ll see your message when i get where i m going,driving_auto_reply,close
rule_7c0b936994adddbc,autoQAMessages.json_array.non_opt_out.auto_reply.017.driving_can_t_text_sent_from_my_pathfinder,literal_phrase,auto_reply,0,runnable literal_phrase,CUSTOMER_MESSAGE,i m not receiving notifications if this is urgent reply urgent to send a notification through with your original message,cant_chat,close
rule_75c28eed86f551dc,autoQAMessages.json_array.non_opt_out.auto_reply.018.driving_can_t_text_sent_from_my_qx50,literal_phrase,auto_reply,0,runnable literal_phrase,CUSTOMER_MESSAGE,sorry can t talk now,cant_chat,close
rule_4f4183786ad33660,autoQAMessages.json_array.non_opt_out.auto_reply.019.driving_can_t_text_sent_from_my_rogu,literal_phrase,auto_reply,0,runnable literal_phrase,CUSTOMER_MESSAGE,thank you for contacting me i m unable to chat right now but i ll reply to your text as soon as i can thanks,cant_chat,close
rule_03d3d854fc495e87,autoQAMessages.json_array.non_opt_out.auto_reply.020.driving_can_t_text_sent_from_my_rogue,literal_phrase,auto_reply,0,runnable literal_phrase,CUSTOMER_MESSAGE,thanks for reaching out i can t chat at the moment but i ll text you back as soon as i can thanks,cant_chat,close
rule_b352b28e1e1a8851,autoQAMessages.json_array.non_opt_out.auto_reply.021.driving_can_t_text_sent_from_my_rogue_sport,literal_phrase,auto_reply,0,runnable literal_phrase,CUSTOMER_MESSAGE,thanks for reaching out i can t chat at the moment but i ll text you back as soon as i can thanks child of christ,cant_chat,close
rule_e295cc567143d5cd,autoQAMessages.json_array.non_opt_out.auto_reply.022.driving_can_t_text_sent_from_my_rogue1234,literal_phrase,auto_reply,0,runnable literal_phrase,CUSTOMER_MESSAGE,thanks for reaching out i can t chat at the moment but i ll text you back as soon as i can thanks sent from text free,cant_chat,close
rule_770a287adacfbd77,autoQAMessages.json_array.non_opt_out.auto_reply.023.driving_can_t_text_sent_from_my_rouge,literal_phrase,auto_reply,0,runnable literal_phrase,CUSTOMER_MESSAGE,thanks for reaching out i can t chat now but i ll text you back as soon as i can,cant_chat,close
rule_290cb6e1736ad8c6,autoQAMessages.json_array.non_opt_out.auto_reply.024.driving_can_t_text_sent_from_my_sentra,literal_phrase,auto_reply,0,runnable literal_phrase,CUSTOMER_MESSAGE,thanks for reaching out text me and if you have ig please message me let mee feed you set all notifications,cant_chat,close
rule_fb9aaa607885be36,autoQAMessages.json_array.non_opt_out.auto_reply.025.driving_can_t_text_sent_from_my_titan,literal_phrase,block,1,runnable literal_phrase,CUSTOMER_MESSAGE,block,block,opt_out
rule_51b50c8be4670501,autoQAMessages.json_array.non_opt_out.auto_reply.026.driving_can_t_text_sent_from_my_versa,literal_phrase,block,1,runnable regex,CUSTOMER_MESSAGE,\b(?:i\s+am|im|i\s*'?m)\s+going\s+to\s+block\s+(?:this|you|the\s+number)\b,block,opt_out
rule_0fd906527bd83cef,autoQAMessages.json_array.non_opt_out.auto_reply.027.driving_can_t_text_sent_from_mycar,literal_phrase,block,1,runnable regex,CUSTOMER_MESSAGE,\bblock\w*,block,opt_out
rule_fc0d6d4da0e64b88,autoQAMessages.json_array.non_opt_out.auto_reply.029.driving_can_t_text_sent_from_nissan_rogue,literal_phrase,block,1,runnable regex,CUSTOMER_MESSAGE,\bblocked\s+you\b,block,opt_out
rule_6ca82608aacdcbca,autoQAMessages.json_array.non_opt_out.auto_reply.030.driving_can_t_text_sent_from_rogue,literal_phrase,block,1,runnable regex,CUSTOMER_MESSAGE,\bgoing\s+to\s+block\s+(?:this|you|the\s+number)\b,block,opt_out
rule_86b9fa980b435314,autoQAMessages.json_array.non_opt_out.auto_reply.031.driving_can_t_text_sent_from_sentra,literal_phrase,complaint,1,runnable literal_phrase,CUSTOMER_MESSAGE,spam,spam,opt_out
rule_ccd2561df5df1221,autoQAMessages.json_array.non_opt_out.auto_reply.032.driving_can_t_textsent_from_my_murano,literal_phrase,complaint,,runnable regex,CUSTOMER_MESSAGE,\bcomplain\w*,remove,
rule_15de522e383ea323,autoQAMessages.json_array.non_opt_out.auto_reply.002.hey_i_m_currently_unavailable_i_ll_get_back_to_you_as_soon_as_i_can,literal_phrase,complaint,1,runnable regex,CUSTOMER_MESSAGE,\bfraud\w*,scam,fuzzy_opt_out
rule_4fd69f7b4f606fcb,autoQAMessages.json_array.non_opt_out.auto_reply.035.i_m_driving_i_ll_see_your_message_when_i_get_where_i_m_going,literal_phrase,complaint,1,runnable regex,CUSTOMER_MESSAGE,\bharass\w*,annoy,tmt
rule_7f0a603bff2f9d4c,autoQAMessages.json_array.non_opt_out.auto_reply.037.i_m_driving_sent_from_my_car,literal_phrase,complaint,,runnable regex,CUSTOMER_MESSAGE,\breport you\b,legal,opt_out
rule_62f575b1f914ea95,autoQAMessages.json_array.non_opt_out.auto_reply.039.i_m_driving_with_do_not_disturb_while_driving_turned_on_i_ll_see_your_,literal_phrase,complaint,,runnable regex,CUSTOMER_MESSAGE,\breport\w*,legal,opt_out
rule_9f51e3ed351f8e73,autoQAMessages.json_array.non_opt_out.auto_reply.041.i_m_driving_with_focus_turned_on_i_ll_see_your_message_when_i_get_wher,literal_phrase,complaint,1,runnable regex,CUSTOMER_MESSAGE,\bscam\w*,scam,fuzzy_opt_out
rule_3aca6fe7268a47e9,autoQAMessages.json_array.non_opt_out.auto_reply.043.sorry_can_t_talk_now,literal_phrase,complaint,,runnable regex,CUSTOMER_MESSAGE,\bspam\b,remove,
rule_9fe21fa6f70b07ae,autoQAMessages.json_array.non_opt_out.auto_reply.045.thanks_for_reaching_out_i_can_t_chat_at_the_moment_but_i_ll_text_you_b,literal_phrase,complaint,1,runnable regex,CUSTOMER_MESSAGE,\bunsolicited\b,remove,
rule_50650cc4348422d6,autoQAMessages.json_array.non_opt_out.auto_reply.046.thanks_for_reaching_out_i_can_t_chat_at_the_moment_but_i_ll_text_you_b,literal_phrase,coupon,0,runnable regex,CUSTOMER_MESSAGE,^any discount codes$,coupon,reply
rule_602f9536daecf720,autoQAMessages.json_array.non_opt_out.auto_reply.047.thanks_for_reaching_out_i_can_t_chat_at_the_moment_but_i_ll_text_you_b,literal_phrase,coupon,0,runnable regex,CUSTOMER_MESSAGE,^code doesn t work$,coupon,reply
rule_0c3267a1891ef74b,autoQAMessages.json_array.non_opt_out.auto_reply.048.thanks_for_reaching_out_i_can_t_chat_now_but_i_ll_text_you_back_as_soo,literal_phrase,coupon,0,runnable regex,CUSTOMER_MESSAGE,^code not working$,coupon,reply
rule_c739bef22133d224,autoQAMessages.json_array.non_opt_out.auto_reply.049.thanks_for_reaching_out_text_me_and_if_you_have_ig_please_message_me_l,literal_phrase,coupon,0,runnable regex,CUSTOMER_MESSAGE,^code$,coupon,reply
rule_5a95f1e7574cd603,optOutClassifier.json.patterns.25,literal_phrase,coupon,0,runnable regex,CUSTOMER_MESSAGE,^coupon code$,coupon,reply
rule_fed4cc7912c2263a,optOutClassifier.json.patterns.7,literal_phrase,coupon,0,runnable regex,CUSTOMER_MESSAGE,^coupon$,coupon,reply
rule_dae74c93afd7131a,optOutClassifier.json.patterns.30,literal_phrase,coupon,0,runnable regex,CUSTOMER_MESSAGE,^coupons$,coupon,reply
rule_3a9dc0981448dafb,optOutClassifier.json.patterns.0,literal_phrase,coupon,0,runnable regex,CUSTOMER_MESSAGE,^discount code$,coupon,reply
rule_c02ddb9a82866189,optOutClassifier.json.patterns.8,literal_phrase,coupon,0,runnable regex,CUSTOMER_MESSAGE,^discount$,coupon,reply
rule_6637c5fe8b148974,autoQAMessages.json_array.direct_opt_out.device_not_working.001.this_is_an_automatic_message_this_is_a_kosher_talk_only_device_and_doe,literal_phrase,coupon,0,runnable regex,CUSTOMER_MESSAGE,^promo code$,coupon,reply
rule_4cef2bec7b79642c,autoQAMessages.json_array.direct_opt_out.device_not_working.002.this_number_doesn_t_support_text_please_call_instead,literal_phrase,coupon,0,runnable regex,CUSTOMER_MESSAGE,^the code doesn t work$,coupon,reply
rule_5d2a615af3c354b9,autoQAMessages.json_array.direct_opt_out.device_not_working.003.this_phone_cannot_receive_text_messages_please_call_instead,literal_phrase,coupon,0,runnable regex,CUSTOMER_MESSAGE,^what s the code$,coupon,reply
rule_f6dadd095c6b2623,autoQAMessages.json_array.direct_opt_out.device_not_working.004.this_phone_does_not_accept_text_messages_please_call_instead,literal_phrase,delete_data,1,runnable literal_phrase,CUSTOMER_MESSAGE,delet,unsubscribe_phrase,opt_out
rule_22cf2fd8fb74c8ce,autoQAMessages.json_array.direct_opt_out.device_not_working.005.this_phone_does_not_accept_text_messages_please_call_instead_this_is_a,literal_phrase,delete_data,1,runnable literal_phrase,CUSTOMER_MESSAGE,remove me,unsubscribe_phrase,opt_out
rule_ca0e0ef41f8c2d63,autoQAMessages.json_array.direct_opt_out.device_not_working.006.this_phone_number_is_no_longer_in_service,literal_phrase,delete_data,1,runnable literal_phrase,CUSTOMER_MESSAGE,remove my,remove,
rule_7935f8a579f8f6eb,optOutClassifier.json.patterns.72,literal_phrase,delete_data,,runnable regex,CUSTOMER_MESSAGE,\bdelet\w*,unsubscribe_phrase,opt_out
rule_8c5cba2f8f1724e9,autoQAMessages.json_array.opt_out_offensive.002.fuck_off,literal_phrase,delete_data,1,runnable regex,CUSTOMER_MESSAGE,\bremeuva\b,unsubscribe_phrase,opt_out
rule_b6ca67714384c052,autoQAMessages.json_array.opt_out_offensive.003.fuck_u,literal_phrase,delete_data,1,runnable regex,CUSTOMER_MESSAGE,\bremove me\b,unsubscribe_phrase,opt_out
rule_5496cf283174a76a,autoQAMessages.json_array.opt_out_offensive.005.fuck_you,literal_phrase,delete_data,1,runnable regex,CUSTOMER_MESSAGE,\bremove my\b,unsubscribe_phrase,opt_out
rule_64fab2705dd8924d,autoQAMessages.json_array.opt_out_offensive.008.go_to_hell,literal_phrase,device_not_working,1,runnable literal_phrase,CUSTOMER_MESSAGE,this is an automatic message this is a kosher talk only device and does not accept text messages please call instead,device_not_working,opt_out
rule_42f9acffeaa437e0,autoQAMessages.json_array.opt_out_offensive.009.shut_the_fuck_up,literal_phrase,device_not_working,1,runnable literal_phrase,CUSTOMER_MESSAGE,this number doesn t support text please call instead,device_not_working,opt_out
rule_7de94f161ab433c8,autoQAMessages.json_array.opt_out_offensive.010.stfu,literal_phrase,device_not_working,1,runnable literal_phrase,CUSTOMER_MESSAGE,this phone cannot receive text messages please call instead,device_not_working,opt_out
rule_c13640da933ab27e,autoQAMessages.json_array.opt_out_offensive.011.stop_bitch,literal_phrase,device_not_working,1,runnable literal_phrase,CUSTOMER_MESSAGE,this phone does not accept text messages please call instead,device_not_working,opt_out
rule_8bfec7744b353651,autoQAMessages.json_array.opt_out_offensive.012.stop_fucking_texting_me,literal_phrase,device_not_working,1,runnable literal_phrase,CUSTOMER_MESSAGE,this phone does not accept text messages please call instead this is an automatic reply,device_not_working,opt_out
rule_d9b38d17ec4f8251,autoQAMessages.json_array.opt_out_offensive.013.sybau,literal_phrase,device_not_working,1,runnable literal_phrase,CUSTOMER_MESSAGE,this phone number is no longer in service,device_not_working,opt_out
rule_235ad34a90c941a4,optOutClassifier.json.patterns.14,literal_phrase,direct_opt_out,1,runnable regex,CUSTOMER_MESSAGE,\b(?:blocking\ all\ texts|blocking\ you|block\ texts|uninstalled|uninstaller|block\ you|uninstall|ill\ block|blocking)\b,block,opt_out
rule_96d85e50355029cb,optOutClassifier.json.patterns.15,literal_phrase,direct_opt_out,1,runnable regex,CUSTOMER_MESSAGE,\b(?:get\ away\ from\ my\ life|no\ longer\ interested|blocking\ this\ number|i\ dont\ need\ to\ talk|i\ will\ be\ blocking|leave\ me\ alone|not\ interested|stop\ bothering|delete\ account|get\ away|go\ away|get\ out|im\ done)\b,block,opt_out
rule_d68cf12285850e44,optOutClassifier.json.patterns.21,literal_phrase,direct_opt_out,1,runnable regex,CUSTOMER_MESSAGE,\b(?:please\ remove\ me\ from\ your\ mailing\ list|please\ remove\ me\ from\ your\ text\ list|dont\ need\ to\ keep\ sending\ me\ text|dont\ send\ me\ anymore\ notifications|please\ take\ me\ off\ your\ text\ list|dont\ send\ me\ anymore\ promotions|please\ remove\ me\ from\ this\ list|please\ remove\ me\ from\ your\ list|please\ stop\ sending\ me\ messages|please\ unsubscribe\ me\ thank\ you|dont\ send\ me\ anymore\ discounts|stop\ sending\ me\ text\ messages|dont\ send\ me\ anymore\ coupons|dont\ send\ me\ anymore\ updates|please\ stop\ sending\ me\ texts|please\ take\ me\ off\ your\ list|dont\ send\ me\ anymore\ offers|dont\ send\ me\ anymore\ deals|do\ not\ sell\ my\ information|dont\ send\ me\ anymore\ news|please\ stop\ sending\ texts|you\ have\ the\ wrong\ number|stop\ sending\ me\ messages|dont\ sell\ my\ information|please\ stop\ messaging\ me|remove\ me\ from\ your\ list|stop\ texting\ this\ number|please\ do\ not\ contact\ me|dont\ want\ notifications|dont\ want\ text\ messages|can\ you\ stop\ texting\ me|please\ stop\ texting\ me|stop\ texting\ me\ please|please\ dont\ contact\ me|stop\ sending\ me\ texts|delete\ my\ address|delete\ my\ information|how\ can\ i\ unsubscribe|stop\ ai\ text\ messages|i\ want\ to\ unsubscribe|please\ unsubscribe\ me|stop\ sending\ me\ stuff|stop\ sending\ messages|take\ me\ off\ your\ list|unsubscribe\ me\ please|don\ t\ want\ your\ promo|dont\ want\ promotions|how\ do\ i\ unsubscribe|stop\ sending\ me\ text|stop\ sending\ me\ sms|dont\ want\ discounts|do\ not\ sell\ my\ info|please\ stop\ texting|stop\ texting\ please|how\ to\ unsubscribe|stop\ ai\ promotions|please\ unsubscribe|stop\ sending\ texts|stop\ text\ messages|unsubscribe\ please|delete\ my\ account|dont\ want\ coupons|dont\ want\ updates|how\ can\ i\ opt\ out|dont\ sell\ my\ info|please\ stop\ texts|stop\ messaging\ me|stop\ sending\ text|stop\ texts\ please|do\ not\ contact\ me|dont\ want\ promos|dont\ want\ offers|remove\ my\ number|how\ do\ i\ opt\ out|stop\ with\ the\ ai|stop\ ai\ messages|please\ remove\ me|remove\ from\ list|stop\ unsubscribe|stop\ texting\ me|dont\ want\ deals|dont\ want\ texts|stop\ contacting|no\ need\ to\ send|quit\ texting\ me|stop\ to\ opt\ out|dont\ contact\ me|dont\ want\ news|stop\ harrasing|delete\ my\ info|delete\ my\ data|how\ to\ opt\ out|leave\ me\ alone|unsubscribe\ me|dont\ harass\ me|stop\ messaging|stop\ stop\ stop|stop\ to\ cancel|do\ not\ text\ me|stop\ stalking|stop\ spamming|how\ do\ i\ stop|where\ is\ stop|stop\ ai\ texts|no\ more\ texts|please\ remove|stop\ messages|don\ t\ text\ me|deleting\ you|do\ not\ track|do\ not\ share|dont\ message|dont\ spam\ me|stop\ with\ ai|stop\ sending|stop\ texting|stop\ to\ stop|ill\ opt\ out|take\ me\ off|how\ to\ stop|please\ stop|stop\ please|stop\ to\ end|do\ not\ text|stop\ texts|delete\ you|opt\ me\ out|wheresstop|where\ stop|stop\ lying|don\ t\ text|stop\ text|dont\ text|dont\ call|dont\ spam|maya\ stop|remove\ me|stop\ stop|unsub\ me|bro\ stop|i\ m\ done|no\ texts|pls\ stop|stop\ all|stop\ now|stop\ pls|stop2end|ill\ opt|stop\ ai|get\ out|no\ more|stop\ it|i\ stop|fucking\ stop|stop\ bitch|stop\ fucking\ texting\ me|spam)\b,unsubscribe_phrase,opt_out
rule_d2cb7cc4fe8a0d76,autoQAMessages.json_array.non_opt_out.opt_in_texts.001.send_this_text_to_subscribe_to_periodic_auto_texts_for_exclusive_offer,literal_phrase,direct_opt_out,1,runnable regex,CUSTOMER_MESSAGE,\b(?:this\ phone\ number\ is\ no\ longer\ in\ service|change\ my\ text\ subscription\ number|ive\ had\ this\ number\ for\ years|someone\ else\ had\ this\ number|change\ my\ phone\ number|change\ phone\ number|new\ phone\ number|change\ my\ number|message\ sent\ to\ wrong\ address|didnt\ subscribe|this\ is\ not\ me|change\ number|not\ my\ number|wrong\ address|wrong\ number|wrong\ person|new\ number|not\ me)\b,device_not_working,opt_out
rule_c6f31b380b419166,autoQAMessages.json_array.non_opt_out.opt_in_texts.002.send_this_text_to_subscribe_to_recurring_automated_personalized_market,literal_phrase,direct_opt_out_rules,1,runnable regex,CUSTOMER_MESSAGE,(?:\bstop\b$|^\bstop\b|\d+stop\b|\bstop\d+),unsubscribe_phrase,opt_out
rule_e0e5e0932b6ce1fc,autoQAMessages.json_array.non_opt_out.opt_in_texts.003.send_this_text_to_subscribe_to_recurring_automated_personalized_market,literal_phrase,direct_opt_out_rules,1,runnable regex,CUSTOMER_MESSAGE,\b(blocking you|block you|blocking all emails|blocking all texts|i'?ll block|uninstall(?:ed)?|uninstaller)\b,block,opt_out
rule_f5546fce3e9284e4,autoQAMessages.json_array.non_opt_out.opt_in_texts.004.send_this_text_to_subscribe_to_recurring_automated_personalized_market,literal_phrase,direct_opt_out_rules,1,runnable regex,CUSTOMER_MESSAGE,\b(cancel subscription|confirm cancellation|cancel my subscription|cancel my|cancel this|cancel the|please cancel|i'll be cancel|now cancel|cancel all|cancel number|cancel membership|cancelar)\b,unsubscribe_phrase,opt_out
rule_bb181be7ab6133ed,optOutClassifier.json.patterns.28,literal_phrase,direct_opt_out_rules,1,runnable regex,CUSTOMER_MESSAGE,\b(cease and desist|crase and desist|minor don'?t talk to me)\b,unsubscribe_phrase,opt_out
rule_7b314a480c7bfddb,autoQAMessages.json_array.opt_out_device_not_working.001.this_is_an_automatic_message_this_is_a_kosher_talk_only_device_and_doe,literal_phrase,direct_opt_out_rules,1,runnable regex,CUSTOMER_MESSAGE,\b(don'?t text|do not text|no text|i do not want text|i don'?t want text|i do not want to text|i don'?t want to text|not accepting texts|please call|call me instead|use voice call|send email|email me instead|i don'?t like to get text|i really don'?t like to get text)\b,unsubscribe_phrase,opt_out
rule_df0fbad52e568575,autoQAMessages.json_array.opt_out_device_not_working.002.this_number_doesn_t_support_text_please_call_instead,literal_phrase,direct_opt_out_rules,1,runnable regex,CUSTOMER_MESSAGE,\b(go away|get out|get away from my life|leave me alone|no more|i'?m done|not interested|no longer interested|stop bothering|where's stop|blocking this number|i will be blocking|i don'?t need to talk)\b,block,opt_out
rule_6776eded5789a001,autoQAMessages.json_array.opt_out_device_not_working.003.this_phone_cannot_receive_text_messages_please_call_instead,literal_phrase,direct_opt_out_rules,1,runnable regex,CUSTOMER_MESSAGE,\b(remove me|delete me|delete my data|delete my information|delete my address|delete my mail|delete all .*mail|erase my data|take me off|don'?t use my data|do not use my data|stop using my data|get rid of it|delete i mean no|delete this message)\b,unsubscribe_phrase,opt_out
rule_0e623e72415c9824,autoQAMessages.json_array.opt_out_device_not_working.004.this_phone_does_not_accept_text_messages_please_call_instead,literal_phrase,direct_opt_out_rules,1,runnable regex,CUSTOMER_MESSAGE,\b(shut up|shut the|all these (damn )?text messages|how did you get this number|didn'?t give permission to text|i'?m done with this)\b,unsubscribe_phrase,opt_out
rule_f4ce1899c16fca4a,autoQAMessages.json_array.opt_out_device_not_working.005.this_phone_does_not_accept_text_messages_please_call_instead_this_is_a,literal_phrase,direct_opt_out_rules,1,runnable regex,CUSTOMER_MESSAGE,\b(stop|unsubscribe|unsub|opt out|opt-out|remove me|delete me|don'?t send|do not send|stop texting|stop messaging|no more messages|no more texts|don'?t reach out|ban me)\b,unsubscribe_phrase,opt_out
rule_004cb9fd604c1098,autoQAMessages.json_array.opt_out_device_not_working.006.this_phone_number_is_no_longer_in_service,literal_phrase,direct_opt_out_rules,1,runnable regex,CUSTOMER_MESSAGE,\b(unsubscribe|unsub|opt out|opt-out|dnc|do not call list|put me on.*do not call)\b,unsubscribe_phrase,opt_out
rule_05de67d9c6c545f7,optOutClassifier.json.patterns.41,literal_phrase,direct_opt_out_rules,1,runnable regex,CUSTOMER_MESSAGE,\b(wrong number|wrong person|not me|this is not me|this is not .*account|new phone number|new number|change my number|change phone number|change my phone number|change number|change my text subscription number|this phone number is no longer in service|not my number|this is not [a-z]+|i'?ve had this number for years|someone else had this number)\b,wrong_number,opt_out
rule_b3f6c3db48d7542c,optOutClassifier.json.patterns.36,literal_phrase,do_not,1,runnable literal_phrase,CUSTOMER_MESSAGE,do not call list,unsubscribe_phrase,opt_out
rule_50d5521d0041cd96,optOutClassifier.json.patterns.37,literal_phrase,do_not,1,runnable regex,CUSTOMER_MESSAGE,(don't|don\u2019t|do not|dont|donot),remove,
rule_81418388c889e3b0,optOutClassifier.json.patterns.89,literal_phrase,do_not_contact,1,runnable regex,CUSTOMER_MESSAGE,\bDNC\b,unsubscribe_phrase,opt_out
rule_12e98ccc0a45e757,optOutClassifier.json.patterns.91,literal_phrase,do_not_contact,1,runnable regex,CUSTOMER_MESSAGE,\bdo not call list\b,unsubscribe_phrase,opt_out
rule_7105443b13dc693b,optOutClassifier.json.patterns.113,literal_phrase,driving,0,runnable regex,CUSTOMER_MESSAGE,^driving can t text sent from my altima$,driving_auto_reply,close
rule_5ade46233e2f3254,optOutClassifier.json.patterns.38,literal_phrase,driving,0,runnable regex,CUSTOMER_MESSAGE,^driving can t text sent from my car$,driving_auto_reply,close
rule_9bdc0e31508e72b3,optOutClassifier.json.patterns.69,literal_phrase,driving,0,runnable regex,CUSTOMER_MESSAGE,^driving can t text sent from my kicks$,driving_auto_reply,close
rule_ac47e4561a00ab01,optOutClassifier.json.patterns.67,literal_phrase,driving,0,runnable regex,CUSTOMER_MESSAGE,^driving can t text sent from my murano$,driving_auto_reply,close
rule_166a66a745f9f965,optOutClassifier.json.patterns.39,literal_phrase,driving,0,runnable regex,CUSTOMER_MESSAGE,^driving can t text sent from my rogue sport$,driving_auto_reply,close
rule_849c862dbfda1958,optOutClassifier.json.patterns.40,literal_phrase,driving,0,runnable regex,CUSTOMER_MESSAGE,^driving can t text sent from my rogue$,driving_auto_reply,close
rule_3ec2303b421a17e4,optOutClassifier.json.patterns.68,literal_phrase,driving,0,runnable regex,CUSTOMER_MESSAGE,^driving can t text sent from my sentra$,driving_auto_reply,close
rule_43211f1e95245113,optOutClassifier.json.patterns.100,literal_phrase,driving,0,runnable regex,CUSTOMER_MESSAGE,^driving can t text sent from my titan$,driving_auto_reply,close
rule_93ef5a4e4aa9447a,optOutClassifier.json.patterns.101,literal_phrase,driving,0,runnable regex,CUSTOMER_MESSAGE,^driving can t text$,driving_auto_reply,close
rule_46db917969585bef,optOutClassifier.json.patterns.42,literal_phrase,driving,0,runnable regex,CUSTOMER_MESSAGE,^estoy conduciendo sent from my car$,driving_auto_reply,close
rule_ccfaa3a213435e93,optOutClassifier.json.patterns.43,literal_phrase,driving,0,runnable regex,CUSTOMER_MESSAGE,^i am driving sent from my altima$,driving_auto_reply,close
rule_297d1d50e5db820a,optOutClassifier.json.patterns.44,literal_phrase,driving,0,runnable regex,CUSTOMER_MESSAGE,^i m driving sent from my car$,driving_auto_reply,close
rule_dc73c33ba0807b16,optOutClassifier.json.patterns.45,literal_phrase,driving,0,runnable regex,CUSTOMER_MESSAGE,^i’m driving with do not disturb while driving turned on i’ll see your message when i get where i’m going$,driving_auto_reply,close
rule_bffbff4188322bf8,optOutClassifier.json.patterns.46,literal_phrase,driving,0,runnable regex,CUSTOMER_MESSAGE,^i’m driving with focus turned on i’ll see your message when i get where i’m going$,driving_auto_reply,close
rule_9be704cb43ad566c,optOutClassifier.json.patterns.47,literal_phrase,emoji_only,0,inventory-only; skipped by runner,CUSTOMER_MESSAGE,,emoji_only,close
rule_dd738d7e0d48e656,optOutClassifier.json.patterns.33,literal_phrase,frustration,1,runnable literal_phrase,CUSTOMER_MESSAGE,fu,frustrated,opt_out
rule_9fab5a743c276ca4,optOutClassifier.json.patterns.32,literal_phrase,frustration,1,runnable literal_phrase,CUSTOMER_MESSAGE,fuck off,frustrated,opt_out
rule_aaec757169b5d045,optOutClassifier.json.patterns.53,literal_phrase,frustration,1,runnable literal_phrase,CUSTOMER_MESSAGE,fuck u,frustrated,opt_out
rule_7b9e2986edf50834,optOutClassifier.json.patterns.52,literal_phrase,frustration,1,runnable literal_phrase,CUSTOMER_MESSAGE,fuck yall,frustrated,opt_out
rule_8539df88ce30fda3,optOutClassifier.json.patterns.50,literal_phrase,frustration,1,runnable literal_phrase,CUSTOMER_MESSAGE,fuck you,frustrated,opt_out
rule_228c4e7ba9f2bfaa,optOutClassifier.json.patterns.48,literal_phrase,frustration,1,runnable literal_phrase,CUSTOMER_MESSAGE,fucking stop,frustrated,opt_out
rule_35a64c97cf6b24d5,optOutClassifier.json.patterns.49,literal_phrase,frustration,1,runnable literal_phrase,CUSTOMER_MESSAGE,go fuck yourself,frustrated,opt_out
rule_71ac117676488f83,optOutClassifier.json.patterns.54,literal_phrase,frustration,1,runnable literal_phrase,CUSTOMER_MESSAGE,go to hell,frustrated,opt_out
rule_502f026d6285fa8a,optOutClassifier.json.patterns.55,literal_phrase,frustration,1,runnable literal_phrase,CUSTOMER_MESSAGE,shut the fuck up,frustrated,opt_out
rule_f276972f87618609,optOutClassifier.json.patterns.58,literal_phrase,frustration,1,runnable literal_phrase,CUSTOMER_MESSAGE,stfu,frustrated,opt_out
rule_39b7121564050300,optOutClassifier.json.patterns.56,literal_phrase,frustration,1,runnable literal_phrase,CUSTOMER_MESSAGE,stop bitch,frustrated,opt_out
rule_80d312e4479e09cd,optOutClassifier.json.patterns.57,literal_phrase,frustration,1,runnable literal_phrase,CUSTOMER_MESSAGE,stop fucking texting me,frustrated,opt_out
rule_dccf7f1dbfbd522b,optOutClassifier.json.patterns.59,literal_phrase,frustration,1,runnable literal_phrase,CUSTOMER_MESSAGE,sybau,frustrated,opt_out
rule_a9c5b2e2215fa10b,optOutClassifier.json.patterns.61,literal_phrase,frustration,1,runnable regex,CUSTOMER_MESSAGE,\b(?:fuck|fucking|fu|fuxk|stfu|sybau)\b,frustrated,opt_out
rule_55bdfa34caee41bb,optOutClassifier.json.patterns.60,literal_phrase,frustration,1,runnable regex,CUSTOMER_MESSAGE,\b(?:go\ fuck\ yourself|shut\ the\ fuck\ up|go\ to\ hell|fuck\ yall|fuck\ off|fuck\ you|fuck\ u|sybau|stfu|fu|fuxk\ you)\b,frustrated,opt_out
rule_2cdab8de3c3418a1,optOutClassifier.json.patterns.62,literal_phrase,frustration,1,runnable vocabulary,CUSTOMER_MESSAGE,f u,frustrated,opt_out
rule_afdae30907b92d81,optOutClassifier.json.patterns.63,literal_phrase,frustration,1,runnable vocabulary,CUSTOMER_MESSAGE,fuck,frustrated,opt_out
rule_7a4d206ec76b8cd4,optOutClassifier.json.patterns.65,literal_phrase,frustration,1,runnable vocabulary,CUSTOMER_MESSAGE,fucking,frustrated,opt_out
rule_0d7067abd6f2d3eb,optOutClassifier.json.patterns.70,literal_phrase,fuzzy_opt_out,2,runnable regex,CUSTOMER_MESSAGE,(?:dont|do not)\s+want\s+(?:this|these|anything),not_interested,fuzzy_opt_out
rule_864dc264871524dd,optOutClassifier.json.patterns.76,literal_phrase,fuzzy_opt_out,2,runnable regex,CUSTOMER_MESSAGE,(?:dont|do not)\s+want\s+any,not_interested,fuzzy_opt_out
rule_71b50efcef072e0d,optOutClassifier.json.patterns.75,literal_phrase,fuzzy_opt_out,2,runnable regex,CUSTOMER_MESSAGE,(?:dont|do not)\s+want\s+it,not_interested,fuzzy_opt_out
rule_a7188c1cef1b83cf,optOutClassifier.json.patterns.51,literal_phrase,fuzzy_opt_out,2,runnable regex,CUSTOMER_MESSAGE,(?:im|i\s+am|we\s+are|were)?\s*not\s+interested,not_interested,fuzzy_opt_out
rule_c06959191d04b643,optOutClassifier.json.patterns.79,literal_phrase,fuzzy_opt_out,2,runnable regex,CUSTOMER_MESSAGE,(?<![a-z0-9])(?:(i don't|i dont|i do not) want any)(?![a-z0-9]),not_interested,fuzzy_opt_out
rule_d9dedf14099f4647,optOutClassifier.json.patterns.81,literal_phrase,fuzzy_opt_out,2,runnable regex,CUSTOMER_MESSAGE,(?<![a-z0-9])(?:(i don't|i dont|i do not) want it)(?![a-z0-9]),not_interested,fuzzy_opt_out
rule_c8bedde12cf67cb9,optOutClassifier.json.patterns.109,literal_phrase,fuzzy_opt_out,2,runnable regex,CUSTOMER_MESSAGE,(?<![a-z0-9])(?:(i don't|i dont|i do not) want these)(?![a-z0-9]),not_interested,fuzzy_opt_out
rule_6d6b405a479536f8,optOutClassifier.json.patterns.84,literal_phrase,fuzzy_opt_out,2,runnable regex,CUSTOMER_MESSAGE,(?<![a-z0-9])(?:(i don't|i dont|i do not) want( any| it| these| this)?)(?![a-z0-9]),not_interested,fuzzy_opt_out
rule_6cd6010894ae457d,optOutClassifier.json.patterns.85,literal_phrase,fuzzy_opt_out,2,runnable regex,CUSTOMER_MESSAGE,(?<![a-z0-9])(?:(i'll|ill) never come back)(?![a-z0-9]),not_interested,fuzzy_opt_out
rule_10da9545036c47c5,optOutClassifier.json.patterns.110,literal_phrase,fuzzy_opt_out,2,runnable regex,CUSTOMER_MESSAGE,(?<![a-z0-9])(?:(i'll|ill) never shop here again)(?![a-z0-9]),not_interested,fuzzy_opt_out
rule_be7d4594dc7b7f65,optOutClassifier.json.patterns.93,literal_phrase,fuzzy_opt_out,2,runnable regex,CUSTOMER_MESSAGE,(?<![a-z0-9])(?:(i'm|im|i am) done with this brand)(?![a-z0-9]),done,fuzzy_opt_out
rule_d4b6bfe133ec8794,optOutClassifier.json.patterns.92,literal_phrase,fuzzy_opt_out,2,runnable regex,CUSTOMER_MESSAGE,(?<![a-z0-9])(?:(i'm|im|i am) done with you)(?![a-z0-9]),done,fuzzy_opt_out
rule_ebbe1cf7552c40f9,optOutClassifier.json.patterns.96,literal_phrase,fuzzy_opt_out,2,runnable regex,CUSTOMER_MESSAGE,(?<![a-z0-9])(?:(i'm|im|i am) not a customer anymore)(?![a-z0-9]),done,fuzzy_opt_out
rule_0f17d912ddb91a55,optOutClassifier.json.patterns.98,literal_phrase,fuzzy_opt_out,2,runnable regex,CUSTOMER_MESSAGE,(?<![a-z0-9])(?:(i'm|im|i am) not interested)(?![a-z0-9]),not_interested,fuzzy_opt_out
rule_344f9c56bb36b31a,optOutClassifier.json.patterns.3,literal_phrase,fuzzy_opt_out,2,runnable regex,CUSTOMER_MESSAGE,(?<![a-z0-9])(?:i don't want any more)(?![a-z0-9]),not_interested,fuzzy_opt_out
rule_1a3cca37b7d755d0,optOutClassifier.json.patterns.103,literal_phrase,fuzzy_opt_out,2,runnable regex,CUSTOMER_MESSAGE,(?<![a-z0-9])(?:i don't want more)(?![a-z0-9]),not_interested,fuzzy_opt_out
rule_70719634f666cdd5,optOutClassifier.json.patterns.105,literal_phrase,fuzzy_opt_out,2,runnable regex,CUSTOMER_MESSAGE,(?<![a-z0-9])(?:i don't want this brand)(?![a-z0-9]),not_interested,fuzzy_opt_out
rule_e76db494919c0b84,optOutClassifier.json.patterns.107,literal_phrase,fuzzy_opt_out,2,runnable regex,CUSTOMER_MESSAGE,(?<![a-z0-9])(?:i'm done)(?![a-z0-9]),done,fuzzy_opt_out
rule_2dd2b8202d5dde09,optOutClassifier.json.patterns.114,literal_phrase,fuzzy_opt_out,2,runnable regex,CUSTOMER_MESSAGE,(?<![a-z0-9])(?:no longer needed)(?![a-z0-9]),not_interested,fuzzy_opt_out
rule_9a0bb20aa834f4fc,optOutClassifier.json.patterns.112,literal_phrase,fuzzy_opt_out,2,runnable regex,CUSTOMER_MESSAGE,(?<![a-z0-9])(?:no longer want( it| this| these)?)(?![a-z0-9]),not_interested,fuzzy_opt_out
rule_e3a494313bd1156d,autoQAMessages.json_array.opt_out_phrases.002.can_you_stop_texting_me,literal_phrase,fuzzy_opt_out,2,runnable regex,CUSTOMER_MESSAGE,(?<![a-z0-9])(?:not interested)(?![a-z0-9]),not_interested,fuzzy_opt_out
rule_f8f69147469cd9e4,autoQAMessages.json_array.opt_out_phrases.079.do_not_text_me,literal_phrase,fuzzy_opt_out,2,runnable regex,CUSTOMER_MESSAGE,(?<![a-z0-9])(?:quit playing)(?![a-z0-9]),stop_adjacent,fuzzy_opt_out
rule_452e876fc786e640,autoQAMessages.json_array.opt_out_phrases.080.don_t_text_me,literal_phrase,fuzzy_opt_out,2,runnable regex,CUSTOMER_MESSAGE,(?<![a-z0-9])(?:stop lying)(?![a-z0-9]),stop_adjacent,fuzzy_opt_out
rule_96bcabf04ce7513f,autoQAMessages.json_array.opt_out_phrases.003.get_out,literal_phrase,fuzzy_opt_out,2,runnable regex,CUSTOMER_MESSAGE,(?<![a-z0-9])(?:stop wasting my time)(?![a-z0-9]),stop_adjacent,fuzzy_opt_out
rule_db2ef9eac019343c,autoQAMessages.json_array.opt_out_phrases.005.how_do_i_unsubscribe,literal_phrase,fuzzy_opt_out,2,runnable regex,CUSTOMER_MESSAGE,(i don't|i dont|i do not) want any,not_interested,fuzzy_opt_out
rule_c8adfc8da134de16,autoQAMessages.json_array.opt_out_phrases.007.i_stop,literal_phrase,fuzzy_opt_out,2,runnable regex,CUSTOMER_MESSAGE,(i don't|i dont|i do not) want it,not_interested,fuzzy_opt_out
rule_13c0f6e52d78fa78,autoQAMessages.json_array.opt_out_phrases.009.leave_me_alone,literal_phrase,fuzzy_opt_out,2,runnable regex,CUSTOMER_MESSAGE,(i don't|i dont|i do not) want these,not_interested,fuzzy_opt_out
rule_118e87212db95f20,autoQAMessages.json_array.opt_out_phrases.011.no_more,literal_phrase,fuzzy_opt_out,2,runnable regex,CUSTOMER_MESSAGE,(i don't|i dont|i do not) want( any| it| these| this)?,not_interested,fuzzy_opt_out
rule_84cdc75e2c4be1a4,autoQAMessages.json_array.opt_out_phrases.013.no_texts,literal_phrase,fuzzy_opt_out,2,runnable regex,CUSTOMER_MESSAGE,(i'll|ill) never come back,done,fuzzy_opt_out
rule_f13161d5929b7e9a,autoQAMessages.json_array.opt_out_phrases.015.please_remove_me,literal_phrase,fuzzy_opt_out,2,runnable regex,CUSTOMER_MESSAGE,(i'll|ill) never shop here again,done,fuzzy_opt_out
rule_2e823dbaef1af68e,autoQAMessages.json_array.opt_out_phrases.017.please_remove_me_from_your_list,literal_phrase,fuzzy_opt_out,2,runnable regex,CUSTOMER_MESSAGE,(i'm|im|i am) done with this brand,done,fuzzy_opt_out
rule_48831588a9b78ae3,autoQAMessages.json_array.opt_out_phrases.019.please_remove_me_from_your_text_list,literal_phrase,fuzzy_opt_out,2,runnable regex,CUSTOMER_MESSAGE,(i'm|im|i am) done with you,done,fuzzy_opt_out
rule_c20be8ef4d87c79a,autoQAMessages.json_array.opt_out_phrases.021.please_stop_messaging_me,literal_phrase,fuzzy_opt_out,2,runnable regex,CUSTOMER_MESSAGE,(i'm|im|i am) not a customer anymore,done,fuzzy_opt_out
rule_95c8c24bb0d9d662,autoQAMessages.json_array.opt_out_phrases.023.please_stop_sending_me_texts,literal_phrase,fuzzy_opt_out,2,runnable regex,CUSTOMER_MESSAGE,(i'm|im|i am) not interested,not_interested,fuzzy_opt_out
rule_ca5f79f8772aec8a,autoQAMessages.json_array.opt_out_phrases.025.please_stop_texting,literal_phrase,fuzzy_opt_out,2,runnable regex,CUSTOMER_MESSAGE,\b(?:do not|dont) want (?:this|these|anything)\b,not_interested,fuzzy_opt_out
rule_ea9cd0007b806244,autoQAMessages.json_array.opt_out_phrases.027.please_stop_texts,literal_phrase,fuzzy_opt_out,2,runnable regex,CUSTOMER_MESSAGE,\b(?:do not|dont) want any\b,not_interested,fuzzy_opt_out
rule_0a3f16334e8557d3,autoQAMessages.json_array.opt_out_phrases.029.please_take_me_off_your_text_list,literal_phrase,fuzzy_opt_out,2,runnable regex,CUSTOMER_MESSAGE,\b(?:do not|dont) want it\b,not_interested,fuzzy_opt_out
rule_3a0e8a2ac3b15185,autoQAMessages.json_array.opt_out_phrases.031.please_unsubscribe_me,literal_phrase,fuzzy_opt_out,2,runnable regex,CUSTOMER_MESSAGE,\b(?:im|i am|we are|were)?\s*not interested\b,not_interested,fuzzy_opt_out
rule_abb84c9c46598385,autoQAMessages.json_array.opt_out_phrases.033.pls_stop,literal_phrase,fuzzy_opt_out,2,runnable regex,CUSTOMER_MESSAGE,\bdone with (?:this )?(?:brand|company|business|store|place)\b,done,fuzzy_opt_out
rule_92e83857b7dcd0fc,autoQAMessages.json_array.opt_out_phrases.035.remove_from_list,literal_phrase,fuzzy_opt_out,2,runnable regex,CUSTOMER_MESSAGE,\bdone with you\b,done,fuzzy_opt_out
rule_ea6608a92f380435,autoQAMessages.json_array.opt_out_phrases.037.remove_me_from_your_list,literal_phrase,fuzzy_opt_out,2,runnable regex,CUSTOMER_MESSAGE,\bdone\b,done,fuzzy_opt_out
rule_f51e9cc29ddd6377,autoQAMessages.json_array.opt_out_phrases.040.stop_lying,literal_phrase,fuzzy_opt_out,2,runnable regex,CUSTOMER_MESSAGE,\bnever come back\b,done,fuzzy_opt_out
rule_e395695bf19b5b76,autoQAMessages.json_array.opt_out_phrases.042.stop_messaging,literal_phrase,fuzzy_opt_out,2,runnable regex,CUSTOMER_MESSAGE,\bnever shop here again\b,done,fuzzy_opt_out
rule_4c3f6d26783c3bbe,autoQAMessages.json_array.opt_out_phrases.044.stop_now,literal_phrase,fuzzy_opt_out,2,runnable regex,CUSTOMER_MESSAGE,\bno longer needed\b,not_interested,fuzzy_opt_out
rule_0bf348d70745f084,autoQAMessages.json_array.opt_out_phrases.046.stop_pls,literal_phrase,fuzzy_opt_out,2,runnable regex,CUSTOMER_MESSAGE,\bno longer want it\b,not_interested,fuzzy_opt_out
rule_cfedac1da34f2149,autoQAMessages.json_array.opt_out_phrases.048.stop_sending_me_messages,literal_phrase,fuzzy_opt_out,2,runnable regex,CUSTOMER_MESSAGE,\bnot a customer anymore\b,done,fuzzy_opt_out
rule_8275c161ae34928f,autoQAMessages.json_array.opt_out_phrases.050.stop_sending_me_text,literal_phrase,fuzzy_opt_out,2,runnable regex,CUSTOMER_MESSAGE,\bnot subscribing\b,stop_adjacent,fuzzy_opt_out
rule_519b6da36b73a4d9,autoQAMessages.json_array.opt_out_phrases.052.stop_sending_messages,literal_phrase,fuzzy_opt_out,2,runnable regex,CUSTOMER_MESSAGE,\bquit playing\b,stop_adjacent,fuzzy_opt_out
rule_bd23e64cd299ea51,autoQAMessages.json_array.opt_out_phrases.054.stop_sending_texts,literal_phrase,fuzzy_opt_out,2,runnable regex,CUSTOMER_MESSAGE,\bsick of (?:you|us|this|these|all this)\b,done,fuzzy_opt_out
rule_afc50908d2c585dc,autoQAMessages.json_array.opt_out_phrases.056.stop_stop_stop,literal_phrase,fuzzy_opt_out,2,runnable regex,CUSTOMER_MESSAGE,\bstop lying\b,stop_adjacent,fuzzy_opt_out
rule_a265b60aaab56ef0,autoQAMessages.json_array.opt_out_phrases.058.stop_text_messages,literal_phrase,fuzzy_opt_out,2,runnable regex,CUSTOMER_MESSAGE,\bstop wasting my time\b,stop_adjacent,fuzzy_opt_out
rule_55aadaf2cb397fb4,autoQAMessages.json_array.opt_out_phrases.060.stop_texting_me,literal_phrase,fuzzy_opt_out,2,runnable regex,CUSTOMER_MESSAGE,\btired of (?:you|us|this|these|all this)\b,stop_adjacent,fuzzy_opt_out
rule_a612e23fef813787,autoQAMessages.json_array.opt_out_phrases.062.stop_texting_please,literal_phrase,fuzzy_opt_out,2,runnable regex,CUSTOMER_MESSAGE,"^\s*finished[.!?,;:]*\s*$",done,fuzzy_opt_out
rule_942575cf9703417e,autoQAMessages.json_array.opt_out_phrases.064.stop_texts,literal_phrase,fuzzy_opt_out,2,runnable regex,CUSTOMER_MESSAGE,"^\s*pause[.!?,;:]*\s*$",done,fuzzy_opt_out
rule_fe7245f20c5f54b2,autoQAMessages.json_array.opt_out_phrases.066.stop_to_cancel,literal_phrase,fuzzy_opt_out,2,runnable regex,CUSTOMER_MESSAGE,"^\s*shush[.!?,;:]*\s*$",done,fuzzy_opt_out
rule_39dc6d5d2360c311,autoQAMessages.json_array.opt_out_phrases.068.stop_to_opt_out,literal_phrase,fuzzy_opt_out,2,runnable regex,CUSTOMER_MESSAGE,^bye$,done,fuzzy_opt_out
rule_fc2ba2dcc4e961fd,autoQAMessages.json_array.opt_out_phrases.070.stop_unsubscribe,literal_phrase,fuzzy_opt_out,2,runnable regex,CUSTOMER_MESSAGE,^finished$,done,fuzzy_opt_out
rule_27c2d06bfd6295ed,autoQAMessages.json_array.opt_out_phrases.072.take_me_off_your_list,literal_phrase,fuzzy_opt_out,2,runnable regex,CUSTOMER_MESSAGE,^pause$,done,fuzzy_opt_out
rule_c681f57769263e32,autoQAMessages.json_array.opt_out_phrases.074.unsubscribe_me_please,literal_phrase,fuzzy_opt_out,2,runnable regex,CUSTOMER_MESSAGE,^shush$,done,fuzzy_opt_out
rule_3a4124697d3d657c,autoQAMessages.json_array.opt_out_phrases.076.you_have_the_wrong_number,literal_phrase,fuzzy_opt_out,2,runnable regex,CUSTOMER_MESSAGE,done\s+with\s+(?:this\s+)?(?:brand|company|business|store|place),done,fuzzy_opt_out
rule_e0eff5e32f2a8c96,optOutClassifier.json.patterns.20,literal_phrase,fuzzy_opt_out,2,runnable regex,CUSTOMER_MESSAGE,done\s+with\s+you,done,fuzzy_opt_out
rule_f49842c9984814da,autoQAMessages.json_array.non_opt_out.reaction_reply.002.laughed_at_an_image,literal_phrase,fuzzy_opt_out,2,runnable regex,CUSTOMER_MESSAGE,i don't want any more,not_interested,fuzzy_opt_out
rule_f20fbd177e3834e9,autoQAMessages.json_array.non_opt_out.reaction_reply.004.liked_an_image,literal_phrase,fuzzy_opt_out,2,runnable regex,CUSTOMER_MESSAGE,i don't want more,not_interested,fuzzy_opt_out
rule_c7e8e707fc46e040,autoQAMessages.json_array.non_opt_out.reaction_reply.006.loved_an_image,literal_phrase,fuzzy_opt_out,2,runnable regex,CUSTOMER_MESSAGE,i don't want this brand,not_interested,fuzzy_opt_out
rule_e2f6a013db663502,autoQAMessages.json_array.non_opt_out.reaction_reply.008.reacted_to,literal_phrase,fuzzy_opt_out,2,runnable regex,CUSTOMER_MESSAGE,i'm done,done,fuzzy_opt_out
rule_8288daa11a1475dc,autoQAMessages.json_array.non_opt_out.reaction_reply.010.reacted_to_an_image,literal_phrase,fuzzy_opt_out,2,runnable regex,CUSTOMER_MESSAGE,never\s+come\s+back,done,fuzzy_opt_out
rule_7c115100fed9c0bf,autoQAMessages.json_array.non_opt_out.reaction_reply.012.removed_a_heart_from_an_image,literal_phrase,fuzzy_opt_out,2,runnable regex,CUSTOMER_MESSAGE,never\s+shop\s+here\s+again,done,fuzzy_opt_out
rule_3256a5d7dc40539c,autoQAMessages.json_array.non_opt_out.reaction_reply.014.removed_a_question_mark_from_an_image,literal_phrase,fuzzy_opt_out,2,runnable regex,CUSTOMER_MESSAGE,no longer needed,not_interested,fuzzy_opt_out
rule_15a823463b2bd9c5,optOutClassifier.json.patterns.11,literal_phrase,fuzzy_opt_out,2,runnable regex,CUSTOMER_MESSAGE,no longer want( it| this| these)?,not_interested,fuzzy_opt_out
rule_0b59bcb3222a7428,optOutClassifier.json.patterns.10,literal_phrase,fuzzy_opt_out,2,runnable regex,CUSTOMER_MESSAGE,no\s+longer\s+needed,not_interested,fuzzy_opt_out
rule_d9066c64896dc052,optOutClassifier.json.patterns.9,literal_phrase,fuzzy_opt_out,2,runnable regex,CUSTOMER_MESSAGE,no\s+longer\s+want\s+it,not_interested,fuzzy_opt_out
rule_2cee9ccfd5c3206f,optOutClassifier.json.patterns.26,literal_phrase,fuzzy_opt_out,2,runnable regex,CUSTOMER_MESSAGE,not interested,not_interested,fuzzy_opt_out
rule_69f17fd07709839a,optOutClassifier.json.patterns.27,literal_phrase,fuzzy_opt_out,2,runnable regex,CUSTOMER_MESSAGE,not\s+a\s+customer\s+anymore,done,fuzzy_opt_out
rule_2a87cf7252e410bb,optOutClassifier.json.patterns.1,literal_phrase,fuzzy_opt_out,2,runnable regex,CUSTOMER_MESSAGE,not\s+subscribing,stop_adjacent,fuzzy_opt_out
rule_54ccf44abc862e41,optOutClassifier.json.patterns.31,literal_phrase,fuzzy_opt_out,2,runnable regex,CUSTOMER_MESSAGE,quit playing,stop_adjacent,fuzzy_opt_out
rule_89a694e7d92c081c,optOutClassifier.json.patterns.24,literal_phrase,fuzzy_opt_out,2,runnable regex,CUSTOMER_MESSAGE,quit\s+playing,stop_adjacent,fuzzy_opt_out
rule_b01a262d18e4fc54,optOutClassifier.json.patterns.6,literal_phrase,fuzzy_opt_out,2,runnable regex,CUSTOMER_MESSAGE,stop lying,stop_adjacent,fuzzy_opt_out
rule_ea7218ebc4fc9f06,optOutClassifier.json.patterns.23,literal_phrase,fuzzy_opt_out,2,runnable regex,CUSTOMER_MESSAGE,stop wasting my time,stop_adjacent,fuzzy_opt_out
rule_dbd530be3a37f3ae,optOutClassifier.json.patterns.12,literal_phrase,fuzzy_opt_out,2,runnable regex,CUSTOMER_MESSAGE,stop\s+lying,stop_adjacent,fuzzy_opt_out
rule_d24fc3a78963f385,opt_outs_ml.regex_rules.070.auto_message,regex,fuzzy_opt_out,2,runnable regex,CUSTOMER_MESSAGE,stop\s+wasting\s+my\s+time,stop_adjacent,fuzzy_opt_out
rule_bc146aca9d9c3865,opt_outs_ml.regex_rules.069.auto_message,regex,fuzzy_opt_out,2,runnable regex,CUSTOMER_MESSAGE,we are not interested,not_interested,fuzzy_opt_out
rule_d1510d5bea3c0540,opt_outs_ml.regex_rules.067.auto_message,regex,greeting,0,runnable regex,CUSTOMER_MESSAGE,^hello$,frequent_texts,reply
rule_6dafc03f00f4aa92,autoQAMessages.labels.supplemental.block.001.i_am_im_i_m_going_to_block_this_you_the_number,regex,greeting,0,runnable regex,CUSTOMER_MESSAGE,^hey$,frequent_texts,reply
rule_3ccd865ac1dd6b98,optOutClassifier.validator.curated.012.block,regex,greeting,0,runnable regex,CUSTOMER_MESSAGE,^hi$,frequent_texts,reply
rule_62625c88009603c2,optOutClassifier.json.patterns.28,regex,greeting,0,runnable regex,CUSTOMER_MESSAGE,^yo$,frequent_texts,reply
rule_58210061ccadc0ba,autoQAMessages.labels.supplemental.block.003.blocked_you,regex,help,0,runnable regex,CUSTOMER_MESSAGE,^attn hey i need help with something$,help,reply
rule_7bf079aa9bc19452,autoQAMessages.labels.supplemental.block.002.going_to_block_this_you_the_number,regex,help,0,runnable regex,CUSTOMER_MESSAGE,^customer service$,help,reply
rule_147f1d25529bfb55,optOutClassifier.json.patterns.71,regex,help,0,runnable regex,CUSTOMER_MESSAGE,^help$,help,reply
rule_21edf551996bfc74,optOutClassifier.validator.curated.015.complaint,regex,help,0,runnable regex,CUSTOMER_MESSAGE,^support$,help,reply
rule_1ff20c8e5b17a76f,optOutClassifier.validator.curated.030.complaint,regex,hot_topic,1,runnable regex,CUSTOMER_MESSAGE,^(?:never|4|four|(?:4|four)\s+never|never\s+(?:4|four))$,remove,
rule_59d81e1e13e62bcf,optOutClassifier.json.patterns.40,regex,hot_topic_rule,0,inventory-only; skipped by runner,BRAND_MESSAGE + newline + CUSTOMER_MESSAGE,,hot_topic,close
rule_42ef498698c85197,optOutClassifier.validator.curated.038.complaint,regex,hot_topic_rule,1,inventory-only; skipped by runner,BRAND_MESSAGE + newline + CUSTOMER_MESSAGE,,hot_topic,opt_out
rule_d2f82b5fbcf982aa,optOutClassifier.json.patterns.58,regex,inferred_opt_out_phrase,1,runnable regex,CUSTOMER_MESSAGE,\b(?:do\s+not|don['’`]?t)\s+(?:text|message|contact|advertise|promote|show|spam)\b[^\n.!?]*,unsubscribe_phrase,opt_out
rule_9a7dc5963aca91d1,optOutClassifier.json.patterns.59,regex,inferred_opt_out_phrase,1,runnable regex,CUSTOMER_MESSAGE,\b(?:please\s+)?stop\s+(?:texting|messaging|contacting|advertising|promoting|showing|spamming|sending\s+(?:me\s+)?(?:texts?|messages?|sms|promos?|promotions?|offers?|deals?|ads?|advertisements?))\b[^\n.!?]*,unsubscribe_phrase,opt_out
rule_bfba7831262ebfd9,optOutClassifier.validator.curated.066.complaint,regex,inferred_opt_out_phrase,1,runnable regex,CUSTOMER_MESSAGE,\bturn\s+(?:that|this|it)\s+off\b,unsubscribe_phrase,opt_out
rule_26ffdf2f625bdaf2,optOutClassifier.json.patterns.61,regex,issue,0,runnable regex,CUSTOMER_MESSAGE,^cancel order$,real_issue,reply
rule_936317de510b110f,optOutClassifier.validator.curated.067.complaint,regex,issue,0,runnable regex,CUSTOMER_MESSAGE,^free shipping$,real_issue,reply
rule_0858124548991bed,optOutClassifier.validator.curated.070.complaint,regex,issue,0,runnable regex,CUSTOMER_MESSAGE,^refund$,real_issue,reply
rule_938c6de04c359aa6,optOutClassifier.json.patterns.55,regex,issue,0,runnable regex,CUSTOMER_MESSAGE,^too expensive$,real_issue,reply
rule_f371059028544466,optOutClassifier.json.patterns.8,regex,issue,0,runnable regex,CUSTOMER_MESSAGE,^where is my order$,real_issue,reply
rule_f4030fa9c923c900,optOutClassifier.validator.curated.072.complaint,regex,issue,0,runnable regex,CUSTOMER_MESSAGE,^where is my package$,real_issue,reply
rule_0695237932557da9,optOutClassifier.validator.curated.104.complaint,regex,issue,0,runnable regex,CUSTOMER_MESSAGE,^where s my order$,real_issue,reply
rule_eb2f12052ec94305,opt_outs_ml.regex_rules.118.coupon,regex,journeys,1,inventory-only; skipped by runner,BRAND_MESSAGE + newline + CUSTOMER_MESSAGE,,remove,
rule_92203fe3b53f20c9,opt_outs_ml.regex_rules.059.coupon,regex,journeys,1,inventory-only; skipped by runner,BRAND_MESSAGE + newline + CUSTOMER_MESSAGE,,remove,
rule_732e5d4dc3b46394,opt_outs_ml.regex_rules.062.coupon,regex,legal,1,runnable literal_phrase,CUSTOMER_MESSAGE,lawy,legal,opt_out
rule_3e30afa3547dccdb,opt_outs_ml.regex_rules.056.coupon,regex,legal,1,runnable literal_phrase,CUSTOMER_MESSAGE,sue your,legal,opt_out
rule_9288288c44d0b521,opt_outs_ml.regex_rules.061.coupon,regex,legal,1,runnable literal_phrase,CUSTOMER_MESSAGE,sued,legal,opt_out
rule_36f612132f149094,opt_outs_ml.regex_rules.057.coupon,regex,legal,1,runnable regex,CUSTOMER_MESSAGE,\b(bring|file)\s+a\s+suit\b,legal,opt_out
rule_298a7497b6b3d510,opt_outs_ml.regex_rules.116.coupon,regex,legal,1,runnable regex,CUSTOMER_MESSAGE,\b(bring|file)\s+suit\b,legal,opt_out
rule_1ced38999d2cb6b9,opt_outs_ml.regex_rules.055.coupon,regex,legal,1,runnable regex,CUSTOMER_MESSAGE,\bBBB\b,legal,opt_out
rule_723b08327382a388,opt_outs_ml.regex_rules.058.coupon,regex,legal,,runnable regex,CUSTOMER_MESSAGE,\bFCC\b,legal,opt_out
rule_25275d64363324e4,opt_outs_ml.regex_rules.093.coupon,regex,legal,1,runnable regex,CUSTOMER_MESSAGE,\bTCPA\b,legal,opt_out
rule_b6696a3323ec3a1e,opt_outs_ml.regex_rules.089.coupon,regex,legal,1,runnable regex,CUSTOMER_MESSAGE,\battorn\w*,legal,opt_out
rule_cec691dc70eaac5b,optOutClassifier.json.patterns.33,regex,legal,1,runnable regex,CUSTOMER_MESSAGE,\bfederal communications commission\b,legal,opt_out
rule_ec2960f1817a4314,optOutClassifier.validator.curated.018.delete_data,regex,legal,1,runnable regex,CUSTOMER_MESSAGE,\bflorida telephone solicitation act\b,legal,opt_out
rule_0ddd6ee15e53ffc9,optOutClassifier.validator.curated.063.delete_data,regex,legal,1,runnable regex,CUSTOMER_MESSAGE,\bftsa\b,legal,opt_out
rule_2fb8157b8e4be9a3,optOutClassifier.validator.curated.064.delete_data,regex,legal,1,runnable regex,CUSTOMER_MESSAGE,\blawl\w*,legal,opt_out
rule_835f61cfd2b5f918,optOutClassifier.json.patterns.4,regex,legal,1,runnable regex,CUSTOMER_MESSAGE,\blaws\w*,legal,opt_out
rule_1f8446c5d0229299,optOutClassifier.validator.curated.065.delete_data,regex,legal,,runnable regex,CUSTOMER_MESSAGE,\blawy\w*,legal,opt_out
rule_d126dbfab6034d12,optOutClassifier.json.patterns.3,regex,legal,1,runnable regex,CUSTOMER_MESSAGE,\blitigat\w*,legal,opt_out
rule_fea0f838570726ef,autoQAMessages.json_array.direct_opt_out.block_patterns.001.blocking_all_texts_blocking_you_block_texts_uninstalled_uninstaller_bl,regex,legal,1,runnable regex,CUSTOMER_MESSAGE,\bsue\b,legal,opt_out
rule_609f736b094558b2,autoQAMessages.json_array.direct_opt_out.phrases_patterns.001.please_remove_me_from_your_mailing_list_please_remove_me_from_your_tex,regex,legal,1,runnable regex,CUSTOMER_MESSAGE,\bsue\s+your?\b,legal,opt_out
rule_1ef4e21d1e6819aa,autoQAMessages.json_array.direct_opt_out_rules.embedded_stop_patterns.001.stop_stop_d_stop_stop_d,regex,legal,,runnable regex,CUSTOMER_MESSAGE,\bsued\b,legal,opt_out
rule_f87c1c3aea61b495,autoQAMessages.json_array.direct_opt_out_rules.cancellation_patterns.001.cancel_subscription_confirm_cancellation_cancel_my_subscription_cancel,regex,legal,1,runnable regex,CUSTOMER_MESSAGE,\bsuing\b,legal,opt_out
rule_49a1d90a6b0e0fdf,autoQAMessages.json_array.direct_opt_out_rules.legal_patterns.001.cease_and_desist_crase_and_desist_minor_don_t_talk_to_me,regex,legal,1,runnable regex,CUSTOMER_MESSAGE,\btelephone consumer protection act\b,legal,opt_out
rule_f3e7b6c61c94cb2e,autoQAMessages.json_array.direct_opt_out_rules.channel_patterns.001.don_t_text_do_not_text_no_text_i_do_not_want_text_i_don_t_want_text_i_,regex,legal,1,runnable regex,CUSTOMER_MESSAGE,\bunlaw\w*,legal,opt_out
rule_4079391bd3958ff2,autoQAMessages.json_array.direct_opt_out_rules.removal_patterns.001.remove_me_delete_me_delete_my_data_delete_my_information_delete_my_add,regex,legal,1,runnable regex,CUSTOMER_MESSAGE,\bviolat\w*,legal,opt_out
rule_0c6512d4b5878642,autoQAMessages.json_array.direct_opt_out_rules.aggressive_patterns.001.shut_up_shut_the_all_these_damn_text_messages_how_did_you_get_this_num,regex,near_stop,0,runnable regex,CUSTOMER_MESSAGE,^shop$,stop_adjacent,close
rule_bc981d8e383b5305,autoQAMessages.json_array.direct_opt_out_rules.direct_patterns.001.stop_unsubscribe_unsub_opt_out_opt_out_remove_me_delete_me_don_t_send_,regex,near_stop,0,runnable regex,CUSTOMER_MESSAGE,^start$,stop_adjacent,close
rule_85400937d1baad74,autoQAMessages.json_array.direct_opt_out_rules.unsubscribe_patterns.001.unsubscribe_unsub_opt_out_opt_out_dnc_do_not_call_list_put_me_on_do_no,regex,near_stop,0,runnable regex,CUSTOMER_MESSAGE,^subscribe$,stop_adjacent,close
rule_7f6d9b39d69810ec,autoQAMessages.json_array.direct_opt_out_rules.wrong_number_patterns.001.wrong_number_wrong_person_not_me_this_is_not_me_this_is_not_account_ne,regex,near_stop,0,runnable regex,CUSTOMER_MESSAGE,^top$,stop_adjacent,close
rule_1e5696850c288f02,optOutClassifier.validator.curated.003.do_not,regex,near_stop,0,runnable regex,CUSTOMER_MESSAGE,^unstop$,stop_adjacent,close
rule_cc4067a725871e4a,optOutClassifier.json.patterns.69,regex,no_notifications,0,runnable regex,CUSTOMER_MESSAGE,^i’m not receiving notifications if this is urgent reply “urgent” to send a notification through with your original message$,cant_chat,close
rule_09321f04296c182e,optOutClassifier.validator.curated.006.do_not_contact,regex,no_notifications,0,runnable regex,CUSTOMER_MESSAGE,^thanks for reaching out i can t chat at the moment but i ll text you back as soon as i can thanks sent from text free$,cant_chat,close
rule_e319b17e06fa7899,optOutClassifier.json.patterns.38,regex,no_notifications,0,runnable regex,CUSTOMER_MESSAGE,^thanks for reaching out i can t chat at the moment but i ll text you back as soon as i can thanks$,cant_chat,close
rule_e112cdf736ad6f59,optOutClassifier.validator.curated.056.do_not_contact,regex,not_opt_out,0,inventory-only; skipped by runner,BRAND_MESSAGE + newline + CUSTOMER_MESSAGE,,remove,
rule_75fceeb16ad6227b,opt_outs_ml.regex_rules.078.driving,regex,not_opt_out,0,inventory-only; skipped by runner,CUSTOMER_MESSAGE,,single_letter,close
rule_fbb5020e3836af68,opt_outs_ml.regex_rules.112.driving,regex,not_opt_out,0,inventory-only; skipped by runner,CUSTOMER_MESSAGE,,single_letter,close
rule_1b4d9719639f5f52,opt_outs_ml.regex_rules.083.driving,regex,not_opt_out,0,inventory-only; skipped by runner,CUSTOMER_MESSAGE,,frequent_texts,close
rule_b1622a55c5c531df,opt_outs_ml.regex_rules.113.driving,regex,not_opt_out,0,inventory-only; skipped by runner,BRAND_MESSAGE + newline + CUSTOMER_MESSAGE,,remove,
rule_223f05f5e8df8307,opt_outs_ml.regex_rules.080.driving,regex,not_opt_out,0,inventory-only; skipped by runner,CUSTOMER_MESSAGE,,remove,
rule_4cb2121739ae501f,opt_outs_ml.regex_rules.076.driving,regex,not_opt_out,0,inventory-only; skipped by runner,CUSTOMER_MESSAGE,,remove,
rule_1101a37726e8b154,opt_outs_ml.regex_rules.081.driving,regex,not_opt_out,0,inventory-only; skipped by runner,CUSTOMER_MESSAGE,,driving_auto_reply,close
rule_d190e315ed396002,opt_outs_ml.regex_rules.086.driving,regex,not_opt_out,0,inventory-only; skipped by runner,CUSTOMER_MESSAGE,,remove,
rule_8db470cf49287a4b,opt_outs_ml.regex_rules.079.driving,regex,not_opt_out,0,runnable regex,CUSTOMER_MESSAGE,(?<![a-z0-9])(?:(code|discount) did not work)(?![a-z0-9]),coupon,reply
rule_a63c09804035ecb0,opt_outs_ml.regex_rules.084.driving,regex,not_opt_out,0,runnable regex,CUSTOMER_MESSAGE,(?<![a-z0-9])(?:(deliver|send me) my package)(?![a-z0-9]),real_issue,reply
rule_a29d3051cb640b6e,opt_outs_ml.regex_rules.085.driving,regex,not_opt_out,0,runnable regex,CUSTOMER_MESSAGE,(?<![a-z0-9])(?:10 shein freebies and a 50 allowance for the lucky just click and claim-so easy)(?![a-z0-9]),scam,fuzzy_opt_out
rule_6b12a683efe47fbb,opt_outs_ml.regex_rules.075.driving,regex,not_opt_out,0,runnable regex,CUSTOMER_MESSAGE,(?<![a-z0-9])(?:67)(?![a-z0-9]),single_letter,close
rule_b1406d57898e770a,opt_outs_ml.regex_rules.082.driving,regex,not_opt_out,0,runnable regex,CUSTOMER_MESSAGE,(?<![a-z0-9])(?:account|subscription)(?![a-z0-9]),remove,
rule_0bb1d1d79c644bd2,opt_outs_ml.regex_rules.077.driving,regex,not_opt_out,0,runnable regex,CUSTOMER_MESSAGE,(?<![a-z0-9])(?:any discount codes)(?![a-z0-9]),coupon,reply
rule_578078b652df9a1c,autoQAMessages.labels.offensive_word_re,regex,not_opt_out,0,runnable regex,CUSTOMER_MESSAGE,(?<![a-z0-9])(?:attn hey i need help with something)(?![a-z0-9]),help,reply
rule_e4d305aaf29be5b7,autoQAMessages.json_array.offensive.frustration_patterns.001.go_fuck_yourself_shut_the_fuck_up_go_to_hell_fuck_yall_fuck_off_fuck_y,regex,not_opt_out,0,runnable regex,CUSTOMER_MESSAGE,(?<![a-z0-9])(?:call me asap)(?![a-z0-9]),auto_reply,close
rule_d8e7080a28d0bfeb,zapOptOuts.workflow.node_4.fuzzy_opt_out.dont_want_this_or_these,regex,not_opt_out,0,runnable regex,CUSTOMER_MESSAGE,(?<![a-z0-9])(?:can i call you later)(?![a-z0-9]),auto_reply,close
rule_dbf2c260c2cfddc0,dont_want_this_or_these,regex,not_opt_out,0,runnable regex,CUSTOMER_MESSAGE,(?<![a-z0-9])(?:cancel (my )?(order|subscription|account))(?![a-z0-9]),subscription,fuzzy_opt_out
rule_3db2b26d7abaf580,zapOptOuts.workflow.node_4.fuzzy_opt_out.dont_want_any,regex,not_opt_out,0,runnable regex,CUSTOMER_MESSAGE,(?<![a-z0-9])(?:cancel order)(?![a-z0-9]),real_issue,reply
rule_427bb75d27aeda0c,dont_want_any,regex,not_opt_out,0,runnable regex,CUSTOMER_MESSAGE,(?<![a-z0-9])(?:check out my bet on fanduel sportsbook)(?![a-z0-9]),scam,fuzzy_opt_out
rule_68ae168cec5b1547,dont_want_it,regex,not_opt_out,0,runnable regex,CUSTOMER_MESSAGE,(?<![a-z0-9])(?:claim 5 free shein products now click the link to help and let's both win big)(?![a-z0-9]),scam,fuzzy_opt_out
rule_e80778fb73334b60,zapOptOuts.workflow.node_4.fuzzy_opt_out.dont_want_it,regex,not_opt_out,0,runnable regex,CUSTOMER_MESSAGE,(?<![a-z0-9])(?:code doesn t work)(?![a-z0-9]),coupon,reply
rule_3b4c1aee625f1068,zapOptOuts.workflow.node_4.fuzzy_opt_out.not_interested,regex,not_opt_out,0,runnable regex,CUSTOMER_MESSAGE,(?<![a-z0-9])(?:code not working)(?![a-z0-9]),coupon,reply
rule_a9ecb4e4533c1801,not_interested,regex,not_opt_out,0,runnable regex,CUSTOMER_MESSAGE,(?<![a-z0-9])(?:code)(?![a-z0-9]),coupon,reply
rule_0786e6aa82fc7601,zapOptOuts.deterministic_phrase.fuzzy_opt_out.011.i_don_t_i_dont_i_do_not_want_any,regex,not_opt_out,0,runnable regex,CUSTOMER_MESSAGE,(?<![a-z0-9])(?:could you do me a huge favor please accept my invite so that i can get free gifts)(?![a-z0-9]),scam,fuzzy_opt_out
rule_d496151edd4edaaa,zapOptOuts.deterministic.fuzzy_opt_out.011.i_don_t_i_dont_i_do_not_want_any,regex,not_opt_out,0,runnable regex,CUSTOMER_MESSAGE,(?<![a-z0-9])(?:coupon code)(?![a-z0-9]),coupon,reply
rule_7770fa4e4f02734a,zapOptOuts.deterministic.fuzzy_opt_out.010.i_don_t_i_dont_i_do_not_want_it,regex,not_opt_out,0,runnable regex,CUSTOMER_MESSAGE,(?<![a-z0-9])(?:coupon)(?![a-z0-9]),coupon,reply
rule_914c04bd7bfb7a24,zapOptOuts.deterministic_phrase.fuzzy_opt_out.010.i_don_t_i_dont_i_do_not_want_it,regex,not_opt_out,0,runnable regex,CUSTOMER_MESSAGE,(?<![a-z0-9])(?:coupons)(?![a-z0-9]),coupon,reply
rule_13830c71679b9304,zapOptOuts.deterministic.fuzzy_opt_out.012.i_don_t_i_dont_i_do_not_want_these,regex,not_opt_out,0,runnable regex,CUSTOMER_MESSAGE,(?<![a-z0-9])(?:customer service)(?![a-z0-9]),coupon,reply
rule_86430a7887e63c8f,zapOptOuts.deterministic_phrase.fuzzy_opt_out.012.i_don_t_i_dont_i_do_not_want_these,regex,not_opt_out,0,runnable regex,CUSTOMER_MESSAGE,(?<![a-z0-9])(?:discount code)(?![a-z0-9]),coupon,reply
rule_6cf48e56464cb9ef,zapOptOuts.deterministic.fuzzy_opt_out.009.i_don_t_i_dont_i_do_not_want_any_it_these_this,regex,not_opt_out,0,runnable regex,CUSTOMER_MESSAGE,(?<![a-z0-9])(?:discount)(?![a-z0-9]),coupon,reply
rule_9318e3edeb409c46,zapOptOuts.deterministic_phrase.fuzzy_opt_out.009.i_don_t_i_dont_i_do_not_want_any_it_these_this,regex,not_opt_out,0,runnable regex,CUSTOMER_MESSAGE,(?<![a-z0-9])(?:driving can t text sent from my altima)(?![a-z0-9]),driving_auto_reply,close
rule_6c538ccb755ac91b,zapOptOuts.deterministic_phrase.fuzzy_opt_out.003.i_ll_ill_never_come_back,regex,not_opt_out,0,runnable regex,CUSTOMER_MESSAGE,(?<![a-z0-9])(?:driving can t text sent from my car)(?![a-z0-9]),driving_auto_reply,close
rule_7c3de73683a40327,zapOptOuts.deterministic.fuzzy_opt_out.003.i_ll_ill_never_come_back,regex,not_opt_out,0,runnable regex,CUSTOMER_MESSAGE,(?<![a-z0-9])(?:driving can t text sent from my kicks)(?![a-z0-9]),driving_auto_reply,close
rule_3ceed1bc635db5d9,zapOptOuts.deterministic.fuzzy_opt_out.002.i_ll_ill_never_shop_here_again,regex,not_opt_out,0,runnable regex,CUSTOMER_MESSAGE,(?<![a-z0-9])(?:driving can t text sent from my murano)(?![a-z0-9]),driving_auto_reply,close
rule_c4dc7bb9529f2117,zapOptOuts.deterministic_phrase.fuzzy_opt_out.002.i_ll_ill_never_shop_here_again,regex,not_opt_out,0,runnable regex,CUSTOMER_MESSAGE,(?<![a-z0-9])(?:driving can t text sent from my rogue sport)(?![a-z0-9]),driving_auto_reply,close
rule_746a1a0df72b1b64,zapOptOuts.deterministic_phrase.fuzzy_opt_out.005.i_m_im_i_am_done_with_this_brand,regex,not_opt_out,0,runnable regex,CUSTOMER_MESSAGE,(?<![a-z0-9])(?:driving can t text sent from my rogue)(?![a-z0-9]),driving_auto_reply,close
rule_a700a3f376437b0c,zapOptOuts.deterministic.fuzzy_opt_out.005.i_m_im_i_am_done_with_this_brand,regex,not_opt_out,0,runnable regex,CUSTOMER_MESSAGE,(?<![a-z0-9])(?:driving can t text sent from my sentra)(?![a-z0-9]),driving_auto_reply,close
rule_15bd6ff9de1ac799,zapOptOuts.deterministic_phrase.fuzzy_opt_out.004.i_m_im_i_am_done_with_you,regex,not_opt_out,0,runnable regex,CUSTOMER_MESSAGE,(?<![a-z0-9])(?:driving can t text sent from my titan)(?![a-z0-9]),driving_auto_reply,close
rule_1e64e01d05c5fffd,zapOptOuts.deterministic.fuzzy_opt_out.004.i_m_im_i_am_done_with_you,regex,not_opt_out,0,runnable regex,CUSTOMER_MESSAGE,(?<![a-z0-9])(?:driving can t text)(?![a-z0-9]),driving_auto_reply,close
rule_28560d53e831d018,zapOptOuts.deterministic_phrase.fuzzy_opt_out.001.i_m_im_i_am_not_a_customer_anymore,regex,not_opt_out,0,runnable regex,CUSTOMER_MESSAGE,(?<![a-z0-9])(?:estoy conduciendo sent from my car)(?![a-z0-9]),driving_auto_reply,close
rule_f4900baa0af4b727,zapOptOuts.deterministic.fuzzy_opt_out.001.i_m_im_i_am_not_a_customer_anymore,regex,not_opt_out,0,runnable regex,CUSTOMER_MESSAGE,(?<![a-z0-9])(?:fabulous)(?![a-z0-9]),remove,
rule_4880b503733021d4,zapOptOuts.deterministic_phrase.fuzzy_opt_out.016.i_m_im_i_am_not_interested,regex,not_opt_out,0,runnable regex,CUSTOMER_MESSAGE,(?<![a-z0-9])(?:free shipping)(?![a-z0-9]),real_issue,reply
rule_b30bf34154217f71,zapOptOuts.deterministic.fuzzy_opt_out.016.i_m_im_i_am_not_interested,regex,not_opt_out,0,runnable regex,CUSTOMER_MESSAGE,(?<![a-z0-9])(?:hello)(?![a-z0-9]),frequent_texts,reply
rule_7803e4ad40e54007,zapOptOuts.deterministic_phrase.fuzzy_opt_out.019.i_don_t_want_any_more,regex,not_opt_out,0,runnable regex,CUSTOMER_MESSAGE,(?<![a-z0-9])(?:help)(?![a-z0-9]),frequent_texts,reply
rule_e2d1088c94b09a30,zapOptOuts.deterministic.fuzzy_opt_out.019.i_don_t_want_any_more,regex,not_opt_out,0,runnable regex,CUSTOMER_MESSAGE,(?<![a-z0-9])(?:hey)(?![a-z0-9]),frequent_texts,reply
rule_7ae9d3f36bd65e5a,zapOptOuts.deterministic.fuzzy_opt_out.020.i_don_t_want_more,regex,not_opt_out,0,runnable regex,CUSTOMER_MESSAGE,(?<![a-z0-9])(?:hi)(?![a-z0-9]),frequent_texts,reply
rule_8f31d72eaff0262d,zapOptOuts.deterministic_phrase.fuzzy_opt_out.020.i_don_t_want_more,regex,not_opt_out,0,runnable regex,CUSTOMER_MESSAGE,(?<![a-z0-9])(?:how much is it)(?![a-z0-9]),auto_reply,close
rule_0a7c65fa85816b74,zapOptOuts.deterministic.fuzzy_opt_out.018.i_don_t_want_this_brand,regex,not_opt_out,0,runnable regex,CUSTOMER_MESSAGE,(?<![a-z0-9])(?:how much)(?![a-z0-9]),auto_reply,close
rule_c98c31452fc4331f,zapOptOuts.deterministic_phrase.fuzzy_opt_out.018.i_don_t_want_this_brand,regex,not_opt_out,0,runnable regex,CUSTOMER_MESSAGE,(?<![a-z0-9])(?:i am driving sent from my altima)(?![a-z0-9]),driving_auto_reply,close
rule_53833f630b1b2304,zapOptOuts.deterministic_phrase.fuzzy_opt_out.017.i_m_done,regex,not_opt_out,0,runnable regex,CUSTOMER_MESSAGE,(?<![a-z0-9])(?:i m driving sent from my car)(?![a-z0-9]),driving_auto_reply,close
rule_881da9bf622b5c5b,zapOptOuts.deterministic.fuzzy_opt_out.017.i_m_done,regex,not_opt_out,0,runnable regex,CUSTOMER_MESSAGE,(?<![a-z0-9])(?:i m)(?![a-z0-9]),under_13,opt_out
rule_7b679a68a34fd49e,zapOptOuts.deterministic_phrase.fuzzy_opt_out.013.no_longer_needed,regex,not_opt_out,0,runnable regex,CUSTOMER_MESSAGE,(?<![a-z0-9])(?:i'm driving with do not disturb while driving turned on i'll see your message when i get where i'm going)(?![a-z0-9]),driving_auto_reply,close
rule_f8d48374c7895710,zapOptOuts.deterministic.fuzzy_opt_out.013.no_longer_needed,regex,not_opt_out,0,runnable regex,CUSTOMER_MESSAGE,(?<![a-z0-9])(?:i'm driving with focus turned on i'll see your message when i get where i'm going)(?![a-z0-9]),driving_auto_reply,close
rule_188dfed7ab15d67a,zapOptOuts.deterministic.fuzzy_opt_out.014.no_longer_want_it_this_these,regex,not_opt_out,0,runnable regex,CUSTOMER_MESSAGE,"(?<![a-z0-9])(?:i'm not receiving notifications if this is urgent reply \""urgent\"" to send a notification through with your original message)(?![a-z0-9])",cant_chat,close
rule_e00772a8ee1b76fe,zapOptOuts.deterministic_phrase.fuzzy_opt_out.014.no_longer_want_it_this_these,regex,not_opt_out,0,runnable regex,CUSTOMER_MESSAGE,"(?<![a-z0-9])(?:liked \""no problem feel free to reach out anytime i m always here to help \"")(?![a-z0-9])",remove,
rule_a18b20463900aba4,zapOptOuts.deterministic.fuzzy_opt_out.015.not_interested,regex,not_opt_out,0,runnable regex,CUSTOMER_MESSAGE,(?<![a-z0-9])(?:lol)(?![a-z0-9]),remove,
rule_de64871846f2ad35,zapOptOuts.deterministic_phrase.fuzzy_opt_out.015.not_interested,regex,not_opt_out,0,runnable regex,CUSTOMER_MESSAGE,(?<![a-z0-9])(?:loved an image)(?![a-z0-9]),remove,
rule_28a16c51871d9e83,zapOptOuts.deterministic.fuzzy_opt_out.007.quit_playing,regex,not_opt_out,0,runnable regex,CUSTOMER_MESSAGE,(?<![a-z0-9])(?:michaels michaels)(?![a-z0-9]),remove,
rule_e5fe00b084d8cfbc,zapOptOuts.deterministic_phrase.fuzzy_opt_out.007.quit_playing,regex,not_opt_out,0,runnable regex,CUSTOMER_MESSAGE,(?<![a-z0-9])(?:michaels)(?![a-z0-9]),remove,
rule_cf5d12213cf5b726,zapOptOuts.deterministic_phrase.fuzzy_opt_out.006.stop_lying,regex,not_opt_out,0,runnable regex,CUSTOMER_MESSAGE,(?<![a-z0-9])(?:nice)(?![a-z0-9]),remove,
rule_ed825bb506b1f87e,zapOptOuts.deterministic.fuzzy_opt_out.006.stop_lying,regex,not_opt_out,0,runnable regex,CUSTOMER_MESSAGE,(?<![a-z0-9])(?:oh)(?![a-z0-9]),remove,
rule_391af98fece5f5d2,zapOptOuts.deterministic_phrase.fuzzy_opt_out.008.stop_wasting_my_time,regex,not_opt_out,0,runnable regex,CUSTOMER_MESSAGE,(?<![a-z0-9])(?:order updates)(?![a-z0-9]),remove,
rule_bd297cfaf59e7641,zapOptOuts.deterministic.fuzzy_opt_out.008.stop_wasting_my_time,regex,not_opt_out,0,runnable regex,CUSTOMER_MESSAGE,(?<![a-z0-9])(?:price)(?![a-z0-9]),remove,
rule_6e9eef5c949461ce,deterministic.fuzzy_opt_out.011,regex,not_opt_out,0,runnable regex,CUSTOMER_MESSAGE,(?<![a-z0-9])(?:promo code)(?![a-z0-9]),remove,
rule_92d5aff2a8599538,zapOptOuts.deterministic_js.fuzzy_opt_out.011.i_don_t_i_dont_i_do_not_want_any,regex,not_opt_out,0,runnable regex,CUSTOMER_MESSAGE,(?<![a-z0-9])(?:refund)(?![a-z0-9]),remove,
rule_1fdae17070422461,zapOptOuts.deterministic_js.fuzzy_opt_out.010.i_don_t_i_dont_i_do_not_want_it,regex,not_opt_out,0,runnable regex,CUSTOMER_MESSAGE,(?<![a-z0-9])(?:save)(?![a-z0-9]),remove,
rule_f26287277a1e7fe1,deterministic.fuzzy_opt_out.010,regex,not_opt_out,0,runnable regex,CUSTOMER_MESSAGE,(?<![a-z0-9])(?:ship my order)(?![a-z0-9]),remove,
rule_3342940f3828be44,zapOptOuts.deterministic_js.fuzzy_opt_out.012.i_don_t_i_dont_i_do_not_want_these,regex,not_opt_out,0,runnable regex,CUSTOMER_MESSAGE,(?<![a-z0-9])(?:shop)(?![a-z0-9]),remove,
rule_8e9e51e3d52154d1,deterministic.fuzzy_opt_out.012,regex,not_opt_out,0,runnable regex,CUSTOMER_MESSAGE,(?<![a-z0-9])(?:sri)(?![a-z0-9]),remove,
rule_4196d6de01319a86,deterministic.fuzzy_opt_out.009,regex,not_opt_out,0,runnable regex,CUSTOMER_MESSAGE,(?<![a-z0-9])(?:start)(?![a-z0-9]),remove,
rule_9a0a246dfc518c29,zapOptOuts.deterministic_js.fuzzy_opt_out.009.i_don_t_i_dont_i_do_not_want_any_it_these_this,regex,not_opt_out,0,runnable regex,CUSTOMER_MESSAGE,(?<![a-z0-9])(?:subscribe)(?![a-z0-9]),remove,
rule_235ad4e688248507,deterministic.fuzzy_opt_out.003,regex,not_opt_out,0,runnable regex,CUSTOMER_MESSAGE,(?<![a-z0-9])(?:support)(?![a-z0-9]),remove,
rule_f7608b6be9c023b7,zapOptOuts.deterministic_js.fuzzy_opt_out.003.i_ll_ill_never_come_back,regex,not_opt_out,0,runnable regex,CUSTOMER_MESSAGE,(?<![a-z0-9])(?:take10)(?![a-z0-9]),remove,
rule_07202e4af69d3de8,zapOptOuts.deterministic_js.fuzzy_opt_out.002.i_ll_ill_never_shop_here_again,regex,not_opt_out,0,runnable regex,CUSTOMER_MESSAGE,(?<![a-z0-9])(?:test)(?![a-z0-9]),remove,
rule_53c811ddf3c24b26,deterministic.fuzzy_opt_out.002,regex,not_opt_out,0,runnable regex,CUSTOMER_MESSAGE,(?<![a-z0-9])(?:thank u)(?![a-z0-9]),remove,
rule_b29685bb7bab43f0,deterministic.fuzzy_opt_out.005,regex,not_opt_out,0,runnable regex,CUSTOMER_MESSAGE,(?<![a-z0-9])(?:thank you so much)(?![a-z0-9]),remove,
rule_d307a3933b41d5e5,zapOptOuts.deterministic_js.fuzzy_opt_out.005.i_m_im_i_am_done_with_this_brand,regex,not_opt_out,0,runnable regex,CUSTOMER_MESSAGE,(?<![a-z0-9])(?:thank you)(?![a-z0-9]),remove,
rule_27d2172fba1fe964,zapOptOuts.deterministic_js.fuzzy_opt_out.004.i_m_im_i_am_done_with_you,regex,not_opt_out,0,runnable regex,CUSTOMER_MESSAGE,(?<![a-z0-9])(?:thanks for reaching out i can t chat at the moment but i ll text you back as soon as i can thanks sent from text free)(?![a-z0-9]),cant_chat,close
rule_2f1a2608159b5223,deterministic.fuzzy_opt_out.004,regex,not_opt_out,0,runnable regex,CUSTOMER_MESSAGE,(?<![a-z0-9])(?:thanks for reaching out i can t chat at the moment but i ll text you back as soon as i can thanks)(?![a-z0-9]),cant_chat,close
rule_3d3e083e709906ab,deterministic.fuzzy_opt_out.001,regex,not_opt_out,0,runnable regex,CUSTOMER_MESSAGE,(?<![a-z0-9])(?:thanks so much)(?![a-z0-9]),remove,
rule_fff57ed6553e7e5c,zapOptOuts.deterministic_js.fuzzy_opt_out.001.i_m_im_i_am_not_a_customer_anymore,regex,not_opt_out,0,runnable regex,CUSTOMER_MESSAGE,(?<![a-z0-9])(?:thanks)(?![a-z0-9]),remove,
rule_2987ad295ee932e0,deterministic.fuzzy_opt_out.022,regex,not_opt_out,0,runnable regex,CUSTOMER_MESSAGE,(?<![a-z0-9])(?:the code doesn t work)(?![a-z0-9]),coupon,reply
rule_9e190c017fa80e4c,zapOptOuts.deterministic_js.fuzzy_opt_out.016.i_m_im_i_am_not_interested,regex,not_opt_out,0,runnable regex,CUSTOMER_MESSAGE,(?<![a-z0-9])(?:the)(?![a-z0-9]),remove,
rule_02db5ebdf8b5deda,dont_want_this_or_these,regex,not_opt_out,0,runnable regex,CUSTOMER_MESSAGE,(?<![a-z0-9])(?:thx)(?![a-z0-9]),remove,
rule_3efb67d0e2905cc0,zapOptOuts.classifier.FUZZY_RULES.dont_want_this_or_these,regex,not_opt_out,0,runnable regex,CUSTOMER_MESSAGE,(?<![a-z0-9])(?:too expensive)(?![a-z0-9]),remove,
rule_b406c08003b85e01,zapOptOuts.classifier.FUZZY_RULES.dont_want_any,regex,not_opt_out,0,runnable regex,CUSTOMER_MESSAGE,(?<![a-z0-9])(?:top)(?![a-z0-9]),remove,
rule_f2ea1cee3cd4cd10,dont_want_any,regex,not_opt_out,0,runnable regex,CUSTOMER_MESSAGE,(?<![a-z0-9])(?:unstop)(?![a-z0-9]),remove,
rule_0ce1725fc3306b2c,dont_want_it,regex,not_opt_out,0,runnable regex,CUSTOMER_MESSAGE,(?<![a-z0-9])(?:welcome15)(?![a-z0-9]),remove,
rule_823c0bd67fafb33f,zapOptOuts.classifier.FUZZY_RULES.dont_want_it,regex,not_opt_out,0,runnable regex,CUSTOMER_MESSAGE,(?<![a-z0-9])(?:what s the code)(?![a-z0-9]),coupon,reply
rule_5562d6a27420cb6d,zapOptOuts.classifier.FUZZY_RULES.not_interested,regex,not_opt_out,0,runnable regex,CUSTOMER_MESSAGE,(?<![a-z0-9])(?:where is my (order|package))(?![a-z0-9]),real_issue,reply
rule_88fcba9d49cdaafc,not_interested,regex,not_opt_out,0,runnable regex,CUSTOMER_MESSAGE,(?<![a-z0-9])(?:where is my order)(?![a-z0-9]),real_issue,reply
rule_62e8425786ab630c,done_with_brand,regex,not_opt_out,0,runnable regex,CUSTOMER_MESSAGE,(?<![a-z0-9])(?:where is my package)(?![a-z0-9]),real_issue,reply
rule_d9ad106302ac6a26,zapOptOuts.classifier.FUZZY_RULES.done_with_brand,regex,not_opt_out,0,runnable regex,CUSTOMER_MESSAGE,(?<![a-z0-9])(?:where s my order)(?![a-z0-9]),real_issue,reply
rule_09a34717f059c044,zapOptOuts.classifier.FUZZY_RULES.done_with_you,regex,not_opt_out,0,runnable regex,CUSTOMER_MESSAGE,(?<![a-z0-9])(?:yo)(?![a-z0-9]),remove,
rule_88a399e2b9e90cbf,done_with_you,regex,not_opt_out,0,runnable regex,CUSTOMER_MESSAGE,(code|discount) did not work,coupon,reply
rule_c72d701e95330e1f,zapOptOuts.workflow.node_4.fuzzy_opt_out.generic_done,regex,not_opt_out,0,runnable regex,CUSTOMER_MESSAGE,(deliver|send me) my package,real_issue,reply
rule_4b7bdff9be0af7eb,never_come_back,regex,not_opt_out,0,runnable regex,CUSTOMER_MESSAGE,10 shein freebies and a 50 allowance for the lucky just click and claim-so easy,scam,fuzzy_opt_out
rule_200b9df6313753e5,never_shop_here_again,regex,not_opt_out,0,runnable regex,CUSTOMER_MESSAGE,67,remove,
rule_0ad4d5de47b0e563,no_longer_needed,regex,not_opt_out,0,runnable regex,CUSTOMER_MESSAGE,\b(?:size|inventory|availability|color|colour)\b,remove,
rule_559706972dbcb2d8,no_longer_want_it,regex,not_opt_out,0,runnable regex,CUSTOMER_MESSAGE,\b(?:update|change|reset|fix|review) (?:my )?(?:account|login|password|email|address)\b,real_issue,reply
rule_0833df7c3765d078,not_a_customer_anymore,regex,not_opt_out,0,runnable regex,CUSTOMER_MESSAGE,\b(?:where(?: is|'s)? my order|order status|track(?:ing)?(?: my)? order)\b,real_issue,reply
rule_90891247fb9d25d4,not_subscribing,regex,not_opt_out,0,runnable regex,CUSTOMER_MESSAGE,\bbilling\b|\binvoice\b|\bpayment\b,remove,
rule_714e3130bfda0d42,quit_playing,regex,not_opt_out,0,runnable regex,CUSTOMER_MESSAGE,\bcancel (?:my )?(?:subscription|sub|plan)\b,subscription,fuzzy_opt_out
rule_5cba4051579a4b3f,zapOptOuts.classifier.FUZZY_RULES.sick_of,regex,not_opt_out,0,runnable regex,CUSTOMER_MESSAGE,\bcancel (?:my )?order\b,real_issue,reply
rule_9a3e4dced23bfa32,zapOptOuts.classifier.FUZZY_RULES.stop_lying,regex,not_opt_out,0,runnable regex,CUSTOMER_MESSAGE,\brefund\b|\breturn\b|\bexchange\b,remove,
rule_4010ee17de154d6e,zapOptOuts.classifier.FUZZY_RULES.stop_wasting_my_time,regex,not_opt_out,0,runnable regex,CUSTOMER_MESSAGE,\bshipping\b|\bshipment\b|\bdelivery\b,remove,
rule_1cf78b407d9cbf68,zapOptOuts.classifier.FUZZY_RULES.tired_of,regex,not_opt_out,0,runnable regex,CUSTOMER_MESSAGE,^i m not receiving notifications if this is urgent reply urgent to send a notification through with your original message(?: i m driving with focus turned on i ll see your message when i get where i m going)?$,cant_chat,close
rule_5ad2f8fb3c22229d,exact_finished,regex,not_opt_out,0,runnable regex,CUSTOMER_MESSAGE,^send this text to subscribe to recurring automated personalized marketing alerts e g cart reminders from darc sport ref f jgm$,opt_in,close
rule_523de625170a42d4,exact_pause,regex,not_opt_out,0,runnable regex,CUSTOMER_MESSAGE,account|subscription,remove,
rule_2f7cf80cc6a34fe6,zapOptOuts.workflow.node_4.fuzzy_opt_out.exact_shush,regex,not_opt_out,0,runnable regex,CUSTOMER_MESSAGE,any discount codes,coupon,reply
rule_d9581ec41339bc30,zapOptOuts.classifier.FUZZY_RULES.bye,regex,not_opt_out,0,runnable regex,CUSTOMER_MESSAGE,attn hey i need help with something,help,reply
rule_3378ef7421c1ed70,finished,regex,not_opt_out,0,runnable regex,CUSTOMER_MESSAGE,call me asap,remove,
rule_69e56b1a2204bc51,pause,regex,not_opt_out,0,runnable regex,CUSTOMER_MESSAGE,can i call you later,remove,
rule_09f9be8f8c22d32d,zapOptOuts.classifier.FUZZY_RULES.shush,regex,not_opt_out,0,runnable regex,CUSTOMER_MESSAGE,cancel (my )?(order|subscription|account),remove,
rule_2c3adf9920df34a0,zapOptOuts.workflow.node_4.fuzzy_opt_out.done_with_brand,regex,not_opt_out,0,runnable regex,CUSTOMER_MESSAGE,cancel order,remove,
rule_26d1ec7f70dd38df,done_with_you,regex,not_opt_out,0,runnable regex,CUSTOMER_MESSAGE,check out my bet on fanduel sportsbook,remove,
rule_6f1fd17bd2ad3c52,zapOptOuts.deterministic_js.fuzzy_opt_out.019.i_don_t_want_any_more,regex,not_opt_out,0,runnable regex,CUSTOMER_MESSAGE,claim 5 free shein products now click the link to help and let's both win big,remove,
rule_415c0700409c68aa,deterministic.fuzzy_opt_out.020,regex,not_opt_out,0,runnable regex,CUSTOMER_MESSAGE,code,remove,
rule_90a42bf6e5e69343,zapOptOuts.deterministic_js.fuzzy_opt_out.018.i_don_t_want_this_brand,regex,not_opt_out,0,runnable regex,CUSTOMER_MESSAGE,code doesn t work,remove,
rule_4971081e0df10e7e,deterministic.fuzzy_opt_out.017,regex,not_opt_out,0,runnable regex,CUSTOMER_MESSAGE,code not working,remove,
rule_c28998dad4697757,zapOptOuts.workflow.node_4.fuzzy_opt_out.never_come_back,regex,not_opt_out,0,runnable regex,CUSTOMER_MESSAGE,could you do me a huge favor please accept my invite so that i can get free gifts,remove,
rule_24bb5dbc639624a3,zapOptOuts.workflow.node_4.fuzzy_opt_out.never_shop_here_again,regex,not_opt_out,0,runnable regex,CUSTOMER_MESSAGE,coupon,remove,
rule_5dc26be28bfa4ad4,zapOptOuts.deterministic_js.fuzzy_opt_out.013.no_longer_needed,regex,not_opt_out,0,runnable regex,CUSTOMER_MESSAGE,coupon code,remove,
rule_3d56b72204be6281,zapOptOuts.deterministic_js.fuzzy_opt_out.014.no_longer_want_it_this_these,regex,not_opt_out,0,runnable regex,CUSTOMER_MESSAGE,coupons,remove,
rule_507c452554424ed0,zapOptOuts.workflow.node_4.fuzzy_opt_out.no_longer_needed,regex,not_opt_out,0,runnable regex,CUSTOMER_MESSAGE,customer service,remove,
rule_9a66a6bc431034ff,no_longer_want_it,regex,not_opt_out,0,runnable regex,CUSTOMER_MESSAGE,discount,remove,
rule_3a49cb147f050b58,deterministic.fuzzy_opt_out.015,regex,not_opt_out,0,runnable regex,CUSTOMER_MESSAGE,discount code,remove,
rule_67f055bfa9650bd4,opt_outs_ml.regex_rules.074.greeting,regex,not_opt_out,0,runnable regex,CUSTOMER_MESSAGE,fabulous,remove,
rule_b03f2d3d40b2d796,opt_outs_ml.regex_rules.115.help,regex,not_opt_out,0,runnable regex,CUSTOMER_MESSAGE,free shipping,remove,
rule_2d8563fd20c5b26e,opt_outs_ml.regex_rules.025.help,regex,not_opt_out,0,runnable regex,CUSTOMER_MESSAGE,hello,remove,
rule_fe8eca5e5e5ff867,autoQAMessages.labels.inferred_opt_out.003.do_not_don_t_text_message_contact_advertise_promote_show_spam_n,regex,not_opt_out,0,runnable regex,CUSTOMER_MESSAGE,help,remove,
rule_ed238f1683bfefd7,autoQAMessages.labels.inferred_opt_out.002.turn_that_this_it_off,regex,not_opt_out,0,runnable regex,CUSTOMER_MESSAGE,hey,remove,
rule_8184f0f67b93d30f,opt_outs_ml.regex_rules.028.issue,regex,not_opt_out,0,runnable regex,CUSTOMER_MESSAGE,hi,remove,
rule_7509cd80be755633,opt_outs_ml.regex_rules.031.issue,regex,not_opt_out,0,runnable regex,CUSTOMER_MESSAGE,how much,remove,
rule_f83cb6a760af4fd9,opt_outs_ml.regex_rules.027.issue,regex,not_opt_out,0,runnable regex,CUSTOMER_MESSAGE,how much is it,remove,
rule_4ee373f27aba3ba5,optOutClassifier.validator.curated.094.legal,regex,not_opt_out,0,runnable regex,CUSTOMER_MESSAGE,i am driving sent from my altima,remove,
rule_2c4d74e4ab87f3e2,optOutClassifier.validator.curated.011.legal,regex,not_opt_out,0,runnable regex,CUSTOMER_MESSAGE,i m,remove,
rule_c06ae429c9a84779,optOutClassifier.validator.curated.009.legal,regex,not_opt_out,0,runnable regex,CUSTOMER_MESSAGE,i'm driving with do not disturb while driving turned on i'll see your message when i get where i'm going,driving_auto_reply,close
rule_8c0194cac8b5116f,optOutClassifier.validator.curated.032.legal,regex,not_opt_out,0,runnable regex,CUSTOMER_MESSAGE,i'm driving with focus turned on i'll see your message when i get where i'm going,driving_auto_reply,close
rule_699c9234c2cd222d,optOutClassifier.validator.curated.041.legal,regex,not_opt_out,0,runnable regex,CUSTOMER_MESSAGE,"i'm not receiving notifications if this is urgent reply ""urgent"" to send a notification through with your original message",cant_chat,close
rule_519383aa3fc32b5d,optOutClassifier.validator.curated.040.legal,regex,not_opt_out,0,runnable regex,CUSTOMER_MESSAGE,"i'm not receiving notifications if this is urgent reply \""urgent\"" to send a notification through with your original message",cant_chat,close
rule_283dd2ce0d80c752,optOutClassifier.json.patterns.15,regex,not_opt_out,0,runnable regex,CUSTOMER_MESSAGE,"liked ""no problem feel free to reach out anytime i m always here to help """,remove,
rule_76849e30954125fa,optOutClassifier.validator.curated.039.legal,regex,not_opt_out,0,runnable regex,CUSTOMER_MESSAGE,"liked \""no problem feel free to reach out anytime i m always here to help \""",remove,
rule_2b10df52e453d523,optOutClassifier.validator.curated.044.legal,regex,not_opt_out,0,runnable regex,CUSTOMER_MESSAGE,lol,remove,
rule_77e9207082c1f2c7,optOutClassifier.json.patterns.64,regex,not_opt_out,0,runnable regex,CUSTOMER_MESSAGE,loved an image,remove,
rule_37ae027b0be87f82,optOutClassifier.json.patterns.16,regex,not_opt_out,0,runnable regex,CUSTOMER_MESSAGE,michaels,remove,
rule_fc5f3c006b737066,optOutClassifier.validator.curated.092.legal,regex,not_opt_out,0,runnable regex,CUSTOMER_MESSAGE,michaels michaels,remove,
rule_640bf0cf57ec123d,optOutClassifier.validator.curated.100.legal,regex,not_opt_out,0,runnable regex,CUSTOMER_MESSAGE,nice,remove,
rule_e9379b4c26d6cffe,optOutClassifier.json.patterns.44,regex,not_opt_out,0,runnable regex,CUSTOMER_MESSAGE,oh,remove,
rule_aa28eb133e088f5a,opt_outs_ml.regex_rules.002.near_stop,regex,not_opt_out,0,runnable regex,CUSTOMER_MESSAGE,order updates,remove,
rule_e8595ca2d300bbec,opt_outs_ml.regex_rules.004.near_stop,regex,not_opt_out,0,runnable regex,CUSTOMER_MESSAGE,price,remove,
rule_ecf3dd814e471bc4,opt_outs_ml.regex_rules.005.near_stop,regex,not_opt_out,0,runnable regex,CUSTOMER_MESSAGE,promo code,remove,
rule_b778715a1582d978,opt_outs_ml.regex_rules.088.no_notifications,regex,not_opt_out,0,runnable regex,CUSTOMER_MESSAGE,refund,remove,
rule_918a9c00f31828fd,zapOptOuts.deterministic.not_opt_out.007.code_discount_did_not_work,regex,not_opt_out,0,runnable regex,CUSTOMER_MESSAGE,save,remove,
rule_093f86528f285ea8,zapOptOuts.deterministic.not_opt_out.019.10_shein_freebies_and_a_50_allowance_for_the_lucky_just_click_and_clai,regex,not_opt_out,0,runnable regex,CUSTOMER_MESSAGE,ship my order,remove,
rule_26cd61d46902ec2b,zapOptOuts.deterministic.not_opt_out.009.account_subscription,regex,not_opt_out,0,runnable regex,CUSTOMER_MESSAGE,shop,remove,
rule_99514518796ca4c5,zapOptOuts.deterministic.not_opt_out.033.attn_hey_i_need_help_with_something,regex,not_opt_out,0,runnable regex,CUSTOMER_MESSAGE,sri,remove,
rule_85b4bd776f1a8355,zapOptOuts.deterministic.not_opt_out.058.can_i_call_you_later,regex,not_opt_out,0,runnable regex,CUSTOMER_MESSAGE,start,remove,
rule_684cbf750ff747ae,zapOptOuts.deterministic.not_opt_out.039.cancel_order,regex,not_opt_out,0,runnable regex,CUSTOMER_MESSAGE,subscribe,remove,
rule_0659762a0cbf32fa,zapOptOuts.deterministic.not_opt_out.017.claim_5_free_shein_products_now_click_the_link_to_help_and_let_s_both_,regex,not_opt_out,0,runnable regex,CUSTOMER_MESSAGE,support,remove,
rule_2429be4ce5df6984,zapOptOuts.deterministic.not_opt_out.050.code_not_working,regex,not_opt_out,0,runnable regex,CUSTOMER_MESSAGE,take10,remove,
rule_1ef9d0922a1d5c5f,zapOptOuts.deterministic.not_opt_out.016.could_you_do_me_a_huge_favor_please_accept_my_invite_so_that_i_can_get,regex,not_opt_out,0,runnable regex,CUSTOMER_MESSAGE,test,remove,
rule_0d332647f4b39286,zapOptOuts.deterministic.not_opt_out.045.coupon,regex,not_opt_out,0,runnable regex,CUSTOMER_MESSAGE,thank u,remove,
rule_d71b14fc71ed188f,zapOptOuts.deterministic.not_opt_out.087.customer_service,regex,not_opt_out,0,runnable regex,CUSTOMER_MESSAGE,thank you,remove,
rule_abae68729dfad34d,zapOptOuts.deterministic.not_opt_out.046.discount,regex,not_opt_out,0,runnable regex,CUSTOMER_MESSAGE,thank you so much,remove,
rule_f6b4069137c9becf,zapOptOuts.deterministic.not_opt_out.085.driving_can_t_text_sent_from_my_car,regex,not_opt_out,0,runnable regex,CUSTOMER_MESSAGE,thanks,remove,
rule_61dfdd55fe3d8180,zapOptOuts.deterministic.not_opt_out.074.driving_can_t_text_sent_from_my_titan,regex,not_opt_out,0,runnable regex,CUSTOMER_MESSAGE,thanks so much,remove,
rule_a15b9ce502b7fd75,zapOptOuts.deterministic.not_opt_out.072.estoy_conduciendo_sent_from_my_car,regex,not_opt_out,0,runnable regex,CUSTOMER_MESSAGE,the,remove,
rule_5e6ddb84a9c161a3,zapOptOuts.deterministic.not_opt_out.038.free_shipping,regex,not_opt_out,0,runnable regex,CUSTOMER_MESSAGE,the code doesn t work,remove,
rule_7fe56fb52619ffc5,zapOptOuts.deterministic.not_opt_out.008.help,regex,not_opt_out,0,runnable regex,CUSTOMER_MESSAGE,thx,remove,
rule_3b6174c9bd3c9a7b,zapOptOuts.deterministic.not_opt_out.059.hi,regex,not_opt_out,0,runnable regex,CUSTOMER_MESSAGE,too expensive,remove,
rule_3c0a2e6707a0cab7,zapOptOuts.deterministic.not_opt_out.057.how_much,regex,not_opt_out,0,runnable regex,CUSTOMER_MESSAGE,top,remove,
rule_8998c4aa2cb0ba8d,zapOptOuts.deterministic.not_opt_out.063.i_m_driving_sent_from_my_car,regex,not_opt_out,0,runnable regex,CUSTOMER_MESSAGE,unstop,remove,
rule_2d711de3859c78ed,zapOptOuts.deterministic.not_opt_out.070.i_m_driving_with_do_not_disturb_while_driving_turned_on_i_ll_see_your_,regex,not_opt_out,0,runnable regex,CUSTOMER_MESSAGE,welcome15,remove,
rule_2dc5e954ccc3a553,zapOptOuts.deterministic.not_opt_out.075.i_m_not_receiving_notifications_if_this_is_urgent_reply_urgent_to_send,regex,not_opt_out,0,runnable regex,CUSTOMER_MESSAGE,what s the code,remove,
rule_9bf022bcc43e9d92,zapOptOuts.deterministic.not_opt_out.028.lol,regex,not_opt_out,0,runnable regex,CUSTOMER_MESSAGE,where is my (order|package),remove,
rule_0e91a0403d431f2f,zapOptOuts.deterministic.not_opt_out.025.michaels_michaels,regex,not_opt_out,0,runnable regex,CUSTOMER_MESSAGE,where is my order,remove,
rule_a3f1dfd2a21f60f4,zapOptOuts.deterministic.not_opt_out.024.nice,regex,not_opt_out,0,runnable regex,CUSTOMER_MESSAGE,where is my package,remove,
rule_7f1696fe487e18ad,zapOptOuts.deterministic.not_opt_out.010.order_updates,regex,not_opt_out,0,runnable regex,CUSTOMER_MESSAGE,where s my order,remove,
rule_a54fe596a9a6db52,zapOptOuts.deterministic.not_opt_out.048.promo_code,regex,not_opt_out,0,runnable regex,CUSTOMER_MESSAGE,yo,remove,
rule_6f5b18418dc1169b,zapOptOuts.deterministic.not_opt_out.005.ship_my_order,regex,offensive_symbols,1,runnable symbol_set,CUSTOMER_MESSAGE,ðŸ–•,offensive_emoji,opt_out
rule_28b7c7f6a7252a46,zapOptOuts.deterministic.not_opt_out.012.shop,regex,offensive_symbols,1,runnable symbol_set,CUSTOMER_MESSAGE,ðŸ–•ðŸ»,offensive_emoji,opt_out
rule_e44961179b8df47a,zapOptOuts.deterministic.not_opt_out.029.sri,regex,offensive_symbols,1,runnable symbol_set,CUSTOMER_MESSAGE,ðŸ–•ðŸ¼,offensive_emoji,opt_out
rule_655cae243dd68a44,zapOptOuts.deterministic.not_opt_out.013.start,regex,offensive_symbols,1,runnable symbol_set,CUSTOMER_MESSAGE,ðŸ–•ðŸ½,offensive_emoji,opt_out
rule_83f75ed10c03b945,zapOptOuts.deterministic.not_opt_out.014.subscribe,regex,offensive_symbols,1,runnable symbol_set,CUSTOMER_MESSAGE,ðŸ–•ðŸ¾,offensive_emoji,opt_out
rule_b50efdab92fa24c1,zapOptOuts.deterministic.not_opt_out.035.support,regex,offensive_symbols,1,runnable symbol_set,CUSTOMER_MESSAGE,ðŸ–•ðŸ¿,offensive_emoji,opt_out
rule_a298749597048d78,zapOptOuts.deterministic.not_opt_out.023.take10,regex,opt_in_texts,0,runnable literal_phrase,CUSTOMER_MESSAGE,send this text to subscribe to periodic auto texts for exclusive offers cart reminders,opt_in,close
rule_83b666396c59ad29,zapOptOuts.deterministic.not_opt_out.083.test,regex,opt_in_texts,0,runnable literal_phrase,CUSTOMER_MESSAGE,send this text to subscribe to recurring automated personalized marketing alerts,opt_in,close
rule_dc55f3b31051d668,zapOptOuts.deterministic.not_opt_out.082.thank_u,regex,opt_in_texts,0,runnable literal_phrase,CUSTOMER_MESSAGE,send this text to subscribe to recurring automated personalized marketing alerts e g cart reminders,opt_in,close
rule_eba925642caeb961,zapOptOuts.deterministic.not_opt_out.052.thank_you_so_much,regex,opt_in_texts,0,runnable literal_phrase,CUSTOMER_MESSAGE,send this text to subscribe to recurring automated personalized marketing alerts e g cart reminders from fashion nova ref,opt_in,close
rule_064545d8e9fcd52d,zapOptOuts.deterministic.not_opt_out.051.thank_you,regex,opt_out,1,inventory-only; skipped by runner,BRAND_MESSAGE + newline + CUSTOMER_MESSAGE,,remove,
rule_b551ed2d17f1248b,zapOptOuts.deterministic.not_opt_out.076.thanks_for_reaching_out_i_can_t_chat_at_the_moment_but_i_ll_text_you_b,regex,opt_out,1,inventory-only; skipped by runner,CUSTOMER_MESSAGE,,stop_emoji,opt_out
rule_c8bfb5f1702cbfb6,zapOptOuts.deterministic.not_opt_out.080.thanks_for_reaching_out_i_can_t_chat_at_the_moment_but_i_ll_text_you_b,regex,opt_out,1,inventory-only; skipped by runner,CUSTOMER_MESSAGE,,stop_emoji,opt_out
rule_04aac08564c5fb98,zapOptOuts.deterministic.not_opt_out.081.thanks_so_much,regex,opt_out,1,inventory-only; skipped by runner,BRAND_MESSAGE + newline + CUSTOMER_MESSAGE,,hot_topic,opt_out
rule_215c56dd75e53d97,zapOptOuts.deterministic.not_opt_out.054.thanks,regex,opt_out,1,inventory-only; skipped by runner,CUSTOMER_MESSAGE,,remove,
rule_3ee24b76d721a34f,zapOptOuts.deterministic.not_opt_out.032.the,regex,opt_out,1,skipped by runner: Python re cannot compile (incomplete escape \u at position 3),CUSTOMER_MESSAGE,(?:\u{1F6D1}|\u{270B}\u{FE0F}?[\u{1F3FB}-\u{1F3FF}]?|\u{1F645}[\u{1F3FB}-\u{1F3FF}]?(?:\u{200D}[\u{2640}\u{2642}]\u{FE0F}?)?|\u{1F6AB}|\u{1F515}),stop_emoji,opt_out
rule_6d31fc5bfc39a203,zapOptOuts.deterministic.not_opt_out.041.too_expensive,regex,opt_out,1,runnable regex,CUSTOMER_MESSAGE,(?:dont|do not)\s+(?:(?:talk|speak|message|email|text)\s+to\s+me|text\s+me),unsubscribe_phrase,opt_out
rule_e9366d596ee9d084,zapOptOuts.deterministic.not_opt_out.015.unstop,regex,opt_out,1,runnable regex,CUSTOMER_MESSAGE,(?:dont|do not)\s+bother\s+me(?:\s+anymore)?,unsubscribe_phrase,opt_out
rule_371331ea9291108c,zapOptOuts.deterministic.not_opt_out.077.what_s_the_code,regex,opt_out,1,runnable regex,CUSTOMER_MESSAGE,(?:dont|do not)\s+contact(?:\s+me)?,unsubscribe_phrase,opt_out
rule_b53efcacbe4ea0bc,zapOptOuts.deterministic.not_opt_out.036.where_is_my_order,regex,opt_out,1,runnable regex,CUSTOMER_MESSAGE,(?:dont|do not)\s+want\s+(?:texts?|text\s+messages?|messages?|emails?|calls?|further\s+communication|communication),unsubscribe_phrase,opt_out
rule_933b13119fbc7c5b,zapOptOuts.deterministic.not_opt_out.040.where_s_my_order,regex,opt_out,1,runnable regex,CUSTOMER_MESSAGE,(?:go\s+)?fuck\s+(?:off |you |yall |yourself ),frustrated,opt_out
rule_e5d22849445860b7,zapOptOuts.deterministic_js.not_opt_out.007.code_discount_did_not_work,regex,opt_out,1,runnable regex,CUSTOMER_MESSAGE,(?:never|didnt)?\s*(?:opted\s+in|signed\s+up|subscribed?),unsubscribe_phrase,opt_out
rule_06130276bd2fc29c,deterministic.not_opt_out.004,regex,opt_out,1,runnable regex,CUSTOMER_MESSAGE,(?:shut\s+(?:the\s+fuck\s+)?up|shut\s+yourself|\b(?:stfu|stdu)\b),unsubscribe_phrase,opt_out
rule_ca69915c8aea9988,deterministic.not_opt_out.019,regex,opt_out,1,runnable regex,CUSTOMER_MESSAGE,(?:shut\s+(?:the\s+fuck\s+)?up|shut\s+yourself|\b(?:stfu|stdu|gtfo)\b),unsubscribe_phrase,opt_out
rule_031cafaec9e284a7,zapOptOuts.deterministic_js.not_opt_out.031.67,regex,opt_out,1,runnable regex,CUSTOMER_MESSAGE,(?:stop|dont|do not)\s+(?:texting|text|emailing|email|messaging|message)(?:\s+me)?,unsubscribe_phrase,opt_out
rule_02b5129a727a7a26,product_request,regex,opt_out,1,runnable regex,CUSTOMER_MESSAGE,(?:sue you|legal\s+action|attorney|lawyer|complaint| bbb | better business bureau ),legal,opt_out
rule_7cf0b9e707f3dfc7,zapOptOuts.classifier.SPECIFIC_REQUEST_RULES.account_request,regex,opt_out,1,runnable regex,CUSTOMER_MESSAGE,(?:was\s+)?not\s+subscribed,unsubscribe_phrase,opt_out
rule_364cc39e66f1bf54,zapOptOuts.classifier.SPECIFIC_REQUEST_RULES.order_status,regex,opt_out,1,runnable regex,CUSTOMER_MESSAGE,(?:will|ill)\s+block\s+you,block,opt_out
rule_6140eaed5c711a62,zapOptOuts.classifier.SPECIFIC_REQUEST_RULES.billing_request,regex,opt_out,1,runnable regex,CUSTOMER_MESSAGE,(?:wrong\s+(?:number|person)|(?:not|this\s+(?:isnt|is not))\s+my\s+number|you\s+(?:have|got)\s+the\s+wrong\s+number),wrong_number,opt_out
rule_1a69ab9cfd0d0f67,cancel_subscription,regex,opt_out,1,runnable regex,CUSTOMER_MESSAGE,(?<![a-z0-9])(?:(?:stop|end|done|remove|cancel|unsubscribe|opt|opt(?:-| )?out|quit|revoke|drop|pause|unfollow|junk|block|rmv|cncl|unsub|unsbscrbe|inscribe me|oot out|qwit|rvke|edn|dne|st0p|sto0p|atop|stp|stip|wtop|dtop|sto|srop|syop|stoo|stops|sto0|stpp|stope|sop|please stop|off|delete|sybau))(?![a-z0-9]),block,opt_out
rule_63da2aff77f3f76e,zapOptOuts.classifier.SPECIFIC_REQUEST_RULES.cancel_subscription,regex,opt_out,1,runnable regex,CUSTOMER_MESSAGE,(?<![a-z0-9])(?:(don't|dont) bother me( anymore)?)(?![a-z0-9]),unsubscribe_phrase,opt_out
rule_bd182b920b33f0e2,zapOptOuts.classifier.SPECIFIC_REQUEST_RULES.cancel_order,regex,opt_out,1,runnable regex,CUSTOMER_MESSAGE,(?<![a-z0-9])(?:(don't|dont) send me emails or texts)(?![a-z0-9]),unsubscribe_phrase,opt_out
rule_b33e4c824aaacdef,zapOptOuts.classifier.SPECIFIC_REQUEST_RULES.refund_request,regex,opt_out,1,runnable regex,CUSTOMER_MESSAGE,(?<![a-z0-9])(?:(don't|dont|do not) (talk|speak|message|email|text) to me)(?![a-z0-9]),unsubscribe_phrase,opt_out
rule_f6dd2a4884146ae0,zapOptOuts.classifier.SPECIFIC_REQUEST_RULES.shipping_request,regex,opt_out,1,runnable regex,CUSTOMER_MESSAGE,(?<![a-z0-9])(?:(don't|dont|do not) contact( me)?(/?dnc)?)(?![a-z0-9]),unsubscribe_phrase,opt_out
rule_7db5c3acdb3b320a,notification_status_or_focus_mode,regex,opt_out,1,runnable regex,CUSTOMER_MESSAGE,(?<![a-z0-9])(?:(how can i|can you help me) unsubscribe)(?![a-z0-9]),unsubscribe_phrase,opt_out
rule_2299a380a360ef70,subscribe_confirmation_prompt,regex,opt_out,1,runnable regex,CUSTOMER_MESSAGE,(?<![a-z0-9])(?:(i )?only want updates on my order)(?![a-z0-9]),unsubscribe_phrase,opt_out
rule_6e7aba1e4b859dac,deterministic.not_opt_out.009,regex,opt_out,1,runnable regex,CUSTOMER_MESSAGE,(?<![a-z0-9])(?:(i'll|ill) block you)(?![a-z0-9]),block,opt_out
rule_f6ef6c7433013b77,zapOptOuts.deterministic_js.not_opt_out.090.any_discount_codes,regex,opt_out,1,runnable regex,CUSTOMER_MESSAGE,(?<![a-z0-9])(?:(i'm|im) blocking you)(?![a-z0-9]),block,opt_out
rule_7c0a75e929dce364,zapOptOuts.deterministic_js.not_opt_out.033.attn_hey_i_need_help_with_something,regex,opt_out,1,runnable regex,CUSTOMER_MESSAGE,(?<![a-z0-9])(?:(i'm|im) done)(?![a-z0-9]),unsubscribe_phrase,opt_out
rule_83b67194520a3506,zapOptOuts.deterministic_js.not_opt_out.089.call_me_asap,regex,opt_out,1,runnable regex,CUSTOMER_MESSAGE,(?<![a-z0-9])(?:(i'm|im) not subscribing)(?![a-z0-9]),unsubscribe_phrase,opt_out
rule_bbac6560c6700fd0,deterministic.not_opt_out.001,regex,opt_out,1,runnable regex,CUSTOMER_MESSAGE,(?<![a-z0-9])(?:(not|no longer) interested( stop)?)(?![a-z0-9]),unsubscribe_phrase,opt_out
rule_f4bfaa42dc1bb68e,deterministic.not_opt_out.039,regex,opt_out,1,runnable regex,CUSTOMER_MESSAGE,(?<![a-z0-9])(?:(not|this (isn't|isnt)) my number)(?![a-z0-9]),unsubscribe_phrase,opt_out
rule_69100487ccd3b564,zapOptOuts.deterministic_js.not_opt_out.018.check_out_my_bet_on_fanduel_sportsbook,regex,opt_out,1,runnable regex,CUSTOMER_MESSAGE,(?<![a-z0-9])(?:(stop|don't|dont|do not) (texting|text|emailing|email|messaging|message)( me)?)(?![a-z0-9]),unsubscribe_phrase,opt_out
rule_ecc63be2bdd2bb10,deterministic.not_opt_out.017,regex,opt_out,1,runnable regex,CUSTOMER_MESSAGE,(?<![a-z0-9])(?:BBB)(?![a-z0-9]),legal,opt_out
rule_8808a1fd0dcbaf81,deterministic.not_opt_out.044,regex,opt_out,1,runnable regex,CUSTOMER_MESSAGE,(?<![a-z0-9])(?:beat it)(?![a-z0-9]),unsubscribe_phrase,opt_out
rule_9d3ca0925c77f798,deterministic.not_opt_out.047,regex,opt_out,1,runnable regex,CUSTOMER_MESSAGE,(?<![a-z0-9])(?:block (this|the) number)(?![a-z0-9]),block,opt_out
rule_ab9290790bbb8329,zapOptOuts.deterministic_js.not_opt_out.050.code_not_working,regex,opt_out,1,runnable regex,CUSTOMER_MESSAGE,(?<![a-z0-9])(?:block(ed)?( me)?)(?![a-z0-9]),block,opt_out
rule_c2a597df1708e7cc,zapOptOuts.deterministic_js.not_opt_out.016.could_you_do_me_a_huge_favor_please_accept_my_invite_so_that_i_can_get,regex,opt_out,1,runnable regex,CUSTOMER_MESSAGE,(?<![a-z0-9])(?:delete me as your contact)(?![a-z0-9]),unsubscribe_phrase,opt_out
rule_1489794ce5d5358a,zapOptOuts.deterministic_js.not_opt_out.045.coupon,regex,opt_out,1,runnable regex,CUSTOMER_MESSAGE,(?<![a-z0-9])(?:delete my information)(?![a-z0-9]),unsubscribe_phrase,opt_out
rule_c9505df1f239b804,zapOptOuts.deterministic_js.not_opt_out.006.coupon_code,regex,opt_out,1,runnable regex,CUSTOMER_MESSAGE,(?<![a-z0-9])(?:delete this account)(?![a-z0-9]),unsubscribe_phrase,opt_out
rule_6b4a843b9c8fa8a9,zapOptOuts.deterministic_js.not_opt_out.088.coupons,regex,opt_out,1,runnable regex,CUSTOMER_MESSAGE,(?<![a-z0-9])(?:do(-| )?not(-| )?call( list)?)(?![a-z0-9]),unsubscribe_phrase,opt_out
rule_a4a89d75609cea75,zapOptOuts.deterministic_js.not_opt_out.087.customer_service,regex,opt_out,1,runnable regex,CUSTOMER_MESSAGE,(?<![a-z0-9])(?:don't ask again)(?![a-z0-9]),unsubscribe_phrase,opt_out
rule_fdab0ef51b4fc12f,zapOptOuts.deterministic_js.not_opt_out.046.discount,regex,opt_out,1,runnable regex,CUSTOMER_MESSAGE,(?<![a-z0-9])(?:don't text until you resolve my issue)(?![a-z0-9]),unsubscribe_phrase,opt_out
rule_c155058700bba1a7,zapOptOuts.deterministic_js.not_opt_out.043.discount_code,regex,opt_out,1,runnable regex,CUSTOMER_MESSAGE,(?<![a-z0-9])(?:dont ask again)(?![a-z0-9]),unsubscribe_phrase,opt_out
rule_60ab0c299338995f,zapOptOuts.deterministic_js.not_opt_out.067.driving_can_t_text,regex,opt_out,1,runnable regex,CUSTOMER_MESSAGE,(?<![a-z0-9])(?:eat shit)(?![a-z0-9]),unsubscribe_phrase,opt_out
rule_bf312928fc126e52,deterministic.not_opt_out.066,regex,opt_out,1,runnable regex,CUSTOMER_MESSAGE,(?<![a-z0-9])(?:finished|pause|shush|stfu)(?![a-z0-9]),unsubscribe_phrase,opt_out
rule_b8195480b7d998e9,deterministic.not_opt_out.085,regex,opt_out,1,runnable regex,CUSTOMER_MESSAGE,(?<![a-z0-9])(?:fu)(?![a-z0-9]),frustrated,opt_out
rule_2fe54df6641bac4b,deterministic.not_opt_out.071,regex,opt_out,1,runnable regex,CUSTOMER_MESSAGE,(?<![a-z0-9])(?:fuck (off|you))(?![a-z0-9]),frustrated,opt_out
rule_ecee8217691ec0c3,zapOptOuts.deterministic_js.not_opt_out.086.driving_can_t_text_sent_from_my_murano,regex,opt_out,1,runnable regex,CUSTOMER_MESSAGE,(?<![a-z0-9])(?:fuck fashion nova)(?![a-z0-9]),frustrated,opt_out
rule_fe510bce9bfecddf,zapOptOuts.deterministic_js.not_opt_out.064.driving_can_t_text_sent_from_my_rogue,regex,opt_out,1,runnable regex,CUSTOMER_MESSAGE,(?<![a-z0-9])(?:fuck off)(?![a-z0-9]),frustrated,opt_out
rule_fbe3527109894c88,deterministic.not_opt_out.068,regex,opt_out,1,runnable regex,CUSTOMER_MESSAGE,(?<![a-z0-9])(?:fuck you)(?![a-z0-9]),frustrated,opt_out
rule_cf388e29f1e4412d,zapOptOuts.deterministic_js.not_opt_out.069.driving_can_t_text_sent_from_my_sentra,regex,opt_out,1,runnable regex,CUSTOMER_MESSAGE,(?<![a-z0-9])(?:fuck yourself)(?![a-z0-9]),frustrated,opt_out
rule_fdc37f8ddaddf184,zapOptOuts.deterministic_js.not_opt_out.074.driving_can_t_text_sent_from_my_titan,regex,opt_out,1,runnable regex,CUSTOMER_MESSAGE,(?<![a-z0-9])(?:go away)(?![a-z0-9]),frustrated,opt_out
rule_0b45039c95fd1017,deterministic.not_opt_out.072,regex,opt_out,1,runnable regex,CUSTOMER_MESSAGE,(?<![a-z0-9])(?:go fuck yourself)(?![a-z0-9]),frustrated,opt_out
rule_f2e0c0ca4b2c8ac0,zapOptOuts.deterministic_js.not_opt_out.030.fabulous,regex,opt_out,1,runnable regex,CUSTOMER_MESSAGE,(?<![a-z0-9])(?:gtfo)(?![a-z0-9]),frustrated,opt_out
rule_71478dcc6e580943,deterministic.not_opt_out.038,regex,opt_out,1,runnable regex,CUSTOMER_MESSAGE,(?<![a-z0-9])(?:harass(ment|ing))(?![a-z0-9]),annoy,tmt
rule_6ef9acf947414911,zapOptOuts.deterministic_js.not_opt_out.060.hello,regex,opt_out,1,runnable regex,CUSTOMER_MESSAGE,(?<![a-z0-9])(?:how can i stop receiving (texts|emails|messages))(?![a-z0-9]),unsubscribe_phrase,opt_out
rule_eed1635466aa92f5,zapOptOuts.deterministic_js.not_opt_out.008.help,regex,opt_out,1,runnable regex,CUSTOMER_MESSAGE,(?<![a-z0-9])(?:i (didn't|didnt) (opt in|sign up))(?![a-z0-9]),unsubscribe_phrase,opt_out
rule_8ffb9d534fafe5ae,deterministic.not_opt_out.061,regex,opt_out,1,runnable regex,CUSTOMER_MESSAGE,(?<![a-z0-9])(?:i (didn't|didnt) subscribe)(?![a-z0-9]),unsubscribe_phrase,opt_out
rule_d54cb2ec341811dc,zapOptOuts.deterministic_js.not_opt_out.059.hi,regex,opt_out,1,runnable regex,CUSTOMER_MESSAGE,(?<![a-z0-9])(?:i (don't|dont) know you)(?![a-z0-9]),unsubscribe_phrase,opt_out
rule_f1c59538df686841,deterministic.not_opt_out.057,regex,opt_out,1,runnable regex,CUSTOMER_MESSAGE,(?<![a-z0-9])(?:i (don't|dont) need (anything else|this))(?![a-z0-9]),unsubscribe_phrase,opt_out
rule_902954648ae60bce,zapOptOuts.deterministic_js.not_opt_out.056.how_much_is_it,regex,opt_out,1,runnable regex,CUSTOMER_MESSAGE,(?<![a-z0-9])(?:i (don't|dont) want (anything from you|further communication))(?![a-z0-9]),unsubscribe_phrase,opt_out
rule_f1ac090d39555e98,zapOptOuts.deterministic_js.not_opt_out.073.i_am_driving_sent_from_my_altima,regex,opt_out,1,runnable regex,CUSTOMER_MESSAGE,(?<![a-z0-9])(?:i (don't|dont) want (texts|text messages|messages))(?![a-z0-9]),unsubscribe_phrase,opt_out
rule_9a49657b6804cb1f,deterministic.not_opt_out.020,regex,opt_out,1,runnable regex,CUSTOMER_MESSAGE,(?<![a-z0-9])(?:i (don't|dont) want (this|these) anymore)(?![a-z0-9]),unsubscribe_phrase,opt_out
rule_a9c2fce9103a3522,deterministic.not_opt_out.063,regex,opt_out,1,runnable regex,CUSTOMER_MESSAGE,(?<![a-z0-9])(?:i (don't|dont) want to receive (messages|texts))(?![a-z0-9]),unsubscribe_phrase,opt_out
rule_b3266d767ffb620a,zapOptOuts.deterministic_js.not_opt_out.070.i_m_driving_with_do_not_disturb_while_driving_turned_on_i_ll_see_your_,regex,opt_out,1,runnable regex,CUSTOMER_MESSAGE,(?<![a-z0-9])(?:i don't want to be here)(?![a-z0-9]),unsubscribe_phrase,opt_out
rule_e5b8373dc0d587c4,zapOptOuts.deterministic_js.not_opt_out.065.i_m_driving_with_focus_turned_on_i_ll_see_your_message_when_i_get_wher,regex,opt_out,1,runnable regex,CUSTOMER_MESSAGE,(?<![a-z0-9])(?:i don't want to hear from you)(?![a-z0-9]),unsubscribe_phrase,opt_out
rule_1ffe2f2b1f8df9ca,deterministic.not_opt_out.075,regex,opt_out,1,runnable regex,CUSTOMER_MESSAGE,(?<![a-z0-9])(?:i never (opted in|signed up|subscribed))(?![a-z0-9]),unsubscribe_phrase,opt_out
rule_d2ed8ff19907ef0e,deterministic.not_opt_out.084,regex,opt_out,1,runnable regex,CUSTOMER_MESSAGE,(?<![a-z0-9])(?:i no longer want( to receive)? (messages|texts))(?![a-z0-9]),unsubscribe_phrase,opt_out
rule_5edf173aac885a0f,deterministic.not_opt_out.028,regex,opt_out,1,runnable regex,CUSTOMER_MESSAGE,(?<![a-z0-9])(?:i was not subscribed)(?![a-z0-9]),unsubscribe_phrase,opt_out
rule_dcb1aa0bddc97c8d,deterministic.not_opt_out.021,regex,opt_out,1,runnable regex,CUSTOMER_MESSAGE,(?<![a-z0-9])(?:i will block you)(?![a-z0-9]),block,opt_out
rule_ff2546ad9f3aaee6,deterministic.not_opt_out.026,regex,opt_out,1,runnable regex,CUSTOMER_MESSAGE,(?<![a-z0-9])(?:i'm blocking you)(?![a-z0-9]),block,opt_out
rule_607bad1f8a2b25a1,zapOptOuts.deterministic_js.not_opt_out.025.michaels_michaels,regex,opt_out,1,runnable regex,CUSTOMER_MESSAGE,(?<![a-z0-9])(?:i'm deleting you)(?![a-z0-9]),unsubscribe_phrase,opt_out
rule_754d2c360b0b43fe,zapOptOuts.deterministic_js.not_opt_out.024.nice,regex,opt_out,1,runnable regex,CUSTOMER_MESSAGE,(?<![a-z0-9])(?:i'm going to sue you)(?![a-z0-9]),legal,opt_out
rule_9296e1fb96d110be,deterministic.not_opt_out.027,regex,opt_out,1,runnable regex,CUSTOMER_MESSAGE,(?<![a-z0-9])(?:i'm not trying to fucking be here)(?![a-z0-9]),unsubscribe_phrase,opt_out
rule_8f021225cbe22a0a,zapOptOuts.deterministic_js.not_opt_out.010.order_updates,regex,opt_out,1,runnable regex,CUSTOMER_MESSAGE,(?<![a-z0-9])(?:i'm removing your number)(?![a-z0-9]),unsubscribe_phrase,opt_out
rule_f90b767102b8bf5a,zapOptOuts.deterministic_js.not_opt_out.055.price,regex,opt_out,1,runnable regex,CUSTOMER_MESSAGE,(?<![a-z0-9])(?:i'm reporting you to the bbb)(?![a-z0-9]),unsubscribe_phrase,opt_out
rule_c1132b25ec6fa80e,deterministic.not_opt_out.048,regex,opt_out,1,runnable regex,CUSTOMER_MESSAGE,(?<![a-z0-9])(?:i'm tired of y'all)(?![a-z0-9]),unsubscribe_phrase,opt_out
rule_5ce92d6b084e4230,deterministic.not_opt_out.002,regex,opt_out,1,runnable regex,CUSTOMER_MESSAGE,(?<![a-z0-9])(?:i'm tired of you)(?![a-z0-9]),unsubscribe_phrase,opt_out
rule_bfd7b75bc7be144c,zapOptOuts.deterministic_js.not_opt_out.022.save,regex,opt_out,1,runnable regex,CUSTOMER_MESSAGE,"(?<![a-z0-9])(?:if you (don't|dont) do this right now, stop texting me)(?![a-z0-9])",unsubscribe_phrase,opt_out
rule_ea326fde9f5e14c7,deterministic.not_opt_out.005,regex,opt_out,1,runnable regex,CUSTOMER_MESSAGE,(?<![a-z0-9])(?:leave me alone)(?![a-z0-9]),unsubscribe_phrase,opt_out
rule_89a15ced46d31a8e,deterministic.not_opt_out.012,regex,opt_out,1,runnable regex,CUSTOMER_MESSAGE,(?<![a-z0-9])(?:leave me( the fuck)? alone)(?![a-z0-9]),frustrated,opt_out
rule_4c6b9f54a9c13c2a,deterministic.not_opt_out.029,regex,opt_out,1,runnable regex,CUSTOMER_MESSAGE,(?<![a-z0-9])(?:no more (messages|texts|emails|calls|contact|communications?))(?![a-z0-9]),unsubscribe_phrase,opt_out
rule_ecda87930d1f1794,deterministic.not_opt_out.013,regex,opt_out,1,runnable regex,CUSTOMER_MESSAGE,(?<![a-z0-9])(?:no need to text me)(?![a-z0-9]),unsubscribe_phrase,opt_out
rule_def6918757c3f892,deterministic.not_opt_out.014,regex,opt_out,1,runnable regex,CUSTOMER_MESSAGE,(?<![a-z0-9])(?:no thanks stop)(?![a-z0-9]),unsubscribe_phrase,opt_out
rule_a6ab2ce3d328936c,zapOptOuts.deterministic_js.not_opt_out.035.support,regex,opt_out,1,runnable regex,CUSTOMER_MESSAGE,(?<![a-z0-9])(?:not accepting (messages|texts|emails))(?![a-z0-9]),unsubscribe_phrase,opt_out
rule_73f8f90165d9a03a,deterministic.not_opt_out.023,regex,opt_out,1,runnable regex,CUSTOMER_MESSAGE,"(?<![a-z0-9])(?:once i get my order, i'm going to block you)(?![a-z0-9])",block,opt_out
rule_c90f505862a5adef,zapOptOuts.deterministic_js.not_opt_out.083.test,regex,opt_out,1,runnable regex,CUSTOMER_MESSAGE,(?<![a-z0-9])(?:please remove)(?![a-z0-9]),unsubscribe_phrase,opt_out
rule_f51b6e4d45ece576,deterministic.not_opt_out.082,regex,opt_out,1,runnable regex,CUSTOMER_MESSAGE,(?<![a-z0-9])(?:quit (texting me|contacting me))(?![a-z0-9]),unsubscribe_phrase,opt_out
rule_9ace4de998d1a0b1,zapOptOuts.deterministic_js.not_opt_out.051.thank_you,regex,opt_out,1,runnable regex,CUSTOMER_MESSAGE,(?<![a-z0-9])(?:quit sending (messages|this text|texts|me texts))(?![a-z0-9]),unsubscribe_phrase,opt_out
rule_e025d4c6ec84937e,zapOptOuts.deterministic_js.not_opt_out.052.thank_you_so_much,regex,opt_out,1,runnable regex,CUSTOMER_MESSAGE,(?<![a-z0-9])(?:remove my number)(?![a-z0-9]),unsubscribe_phrase,opt_out
rule_fd20244d8de22f14,deterministic.not_opt_out.054,regex,opt_out,1,runnable regex,CUSTOMER_MESSAGE,(?<![a-z0-9])(?:report(ed as)? spam)(?![a-z0-9]),unsubscribe_phrase,opt_out
rule_e0703bf21d255eed,zapOptOuts.deterministic_js.not_opt_out.080.thanks_for_reaching_out_i_can_t_chat_at_the_moment_but_i_ll_text_you_b,regex,opt_out,1,runnable regex,CUSTOMER_MESSAGE,(?<![a-z0-9])(?:report(ed)?)(?![a-z0-9]),unsubscribe_phrase,opt_out
rule_c8e6d5dd11e3d46f,zapOptOuts.deterministic_js.not_opt_out.076.thanks_for_reaching_out_i_can_t_chat_at_the_moment_but_i_ll_text_you_b,regex,opt_out,1,runnable regex,CUSTOMER_MESSAGE,(?<![a-z0-9])(?:shut up)(?![a-z0-9]),frustrated,opt_out
rule_8d190a27e31fa7b0,zapOptOuts.deterministic_js.not_opt_out.081.thanks_so_much,regex,opt_out,1,runnable regex,CUSTOMER_MESSAGE,(?<![a-z0-9])(?:shut( the fuck)? up)(?![a-z0-9]),frustrated,opt_out
rule_8c8228aae049f69f,zapOptOuts.deterministic_js.not_opt_out.032.the,regex,opt_out,1,runnable regex,CUSTOMER_MESSAGE,(?<![a-z0-9])(?:spam|scam(mer)?)(?![a-z0-9]),scam,fuzzy_opt_out
rule_f1cf1c3e400ab1d9,deterministic.not_opt_out.079,regex,opt_out,1,runnable regex,CUSTOMER_MESSAGE,(?<![a-z0-9])(?:stfu)(?![a-z0-9]),frustrated,opt_out
rule_feb45a09a7afb668,deterministic.not_opt_out.053,regex,opt_out,1,runnable regex,CUSTOMER_MESSAGE,(?<![a-z0-9])(?:stop (bothering|harassing|spamming) me)(?![a-z0-9]),annoy,tmt
rule_8bd7450398773913,deterministic.not_opt_out.041,regex,opt_out,1,runnable regex,CUSTOMER_MESSAGE,(?<![a-z0-9])(?:stop (calling|contacting|messaging|emailing)( me)?)(?![a-z0-9]),unsubscribe_phrase,opt_out
rule_55b4c5b6b1e61034,zapOptOuts.deterministic_js.not_opt_out.011.top,regex,opt_out,1,runnable regex,CUSTOMER_MESSAGE,(?<![a-z0-9])(?:stop (sending|sending me) (texts|messages|emails|email))(?![a-z0-9]),unsubscribe_phrase,opt_out
rule_2500ab590a72f2e9,deterministic.not_opt_out.015,regex,opt_out,1,runnable regex,CUSTOMER_MESSAGE,(?<![a-z0-9])(?:stop (texting|emailing|messaging) (me|me now|this number|this email))(?![a-z0-9]),unsubscribe_phrase,opt_out
rule_f1ffddb42e82883d,zapOptOuts.deterministic_js.not_opt_out.078.welcome15,regex,opt_out,1,runnable regex,CUSTOMER_MESSAGE,(?<![a-z0-9])(?:stop the spam)(?![a-z0-9]),spam,opt_out
rule_d105e5dd34a1392e,zapOptOuts.deterministic_js.not_opt_out.077.what_s_the_code,regex,opt_out,1,runnable regex,CUSTOMER_MESSAGE,(?<![a-z0-9])(?:stop with (the|these) (texts|messages))(?![a-z0-9]),unsubscribe_phrase,opt_out
rule_95e1b47217f8d29b,zapOptOuts.deterministic_js.not_opt_out.003.where_is_my_order_package,regex,opt_out,1,runnable regex,CUSTOMER_MESSAGE,(?<![a-z0-9])(?:sue|lawsuit|legal action|attorney|lawyer|complaint)(?![a-z0-9]),legal,opt_out
rule_d5be27293973bb9d,zapOptOuts.deterministic_js.not_opt_out.036.where_is_my_order,regex,opt_out,1,runnable regex,CUSTOMER_MESSAGE,(?<![a-z0-9])(?:take me off( the list| your list| this list)?)(?![a-z0-9]),unsubscribe_phrase,opt_out
rule_d046e1256805ccb3,deterministic.not_opt_out.037,regex,opt_out,1,runnable regex,CUSTOMER_MESSAGE,(?<![a-z0-9])(?:this is a kosher talk only device and does not accept text messages)(?![a-z0-9]),device_not_working,opt_out
rule_8f3cb99f6e0fef39,deterministic.not_opt_out.040,regex,opt_out,1,runnable regex,CUSTOMER_MESSAGE,(?<![a-z0-9])(?:this is an automatic message this is a kosher talk only device and does not accept text messages please call instead)(?![a-z0-9]),device_not_working,opt_out
rule_22de62b1402c416b,deterministic.not_opt_out.062,regex,opt_out,1,runnable regex,CUSTOMER_MESSAGE,(?<![a-z0-9])(?:this phone can not receive sms/mms messages)(?![a-z0-9]),device_not_working,opt_out
rule_8c4f8b7aa14e7087,stop_emoji,regex,opt_out,1,runnable regex,CUSTOMER_MESSAGE,(?<![a-z0-9])(?:this phone does not accept text messages please call instead this is an automatic reply)(?![a-z0-9]),device_not_working,opt_out
rule_90c2cb708f5e4c5c,zapOptOuts.workflow.node_4.opt_out.do_not_talk_to_me,regex,opt_out,1,runnable regex,CUSTOMER_MESSAGE,(?<![a-z0-9])(?:this phone number is no longer in service)(?![a-z0-9]),device_not_working,opt_out
rule_25a26f63ffa060f0,dont_bother_me,regex,opt_out,1,runnable regex,CUSTOMER_MESSAGE,(?<![a-z0-9])(?:trying to get in touch with)(?![a-z0-9]),remove,
rule_f2143c87d80d78b4,do_not_contact_me,regex,opt_out,1,runnable regex,CUSTOMER_MESSAGE,(?<![a-z0-9])(?:unsubscribe (me|my number|my email))(?![a-z0-9]),unsubscribe_phrase,opt_out
rule_fa9887adf3e9cb70,zapOptOuts.workflow.node_4.opt_out.dont_want_communications,regex,opt_out,1,runnable regex,CUSTOMER_MESSAGE,(?<![a-z0-9])(?:unsubscribe( me)?)(?![a-z0-9]),unsubscribe_phrase,opt_out
rule_bff07b2ecdb1f07a,zapOptOuts.workflow.node_4.opt_out.profanity,regex,opt_out,1,runnable regex,CUSTOMER_MESSAGE,(?<![a-z0-9])(?:unsubsidized me)(?![a-z0-9]),unsubscribe_phrase,opt_out
rule_b50af28125ebaaad,not_opted_in,regex,opt_out,1,runnable regex,CUSTOMER_MESSAGE,(?<![a-z0-9])(?:we are not interested)(?![a-z0-9]),not_interested,fuzzy_opt_out
rule_9236f1b1c321c7c1,zapOptOuts.workflow.node_4.opt_out.keyword_shut_up,regex,opt_out,1,runnable regex,CUSTOMER_MESSAGE,(?<![a-z0-9])(?:who (is this|are you|are (y'all|yall)))(?![a-z0-9]),txt,txt
rule_7d2c3776748772a7,stop_texting_emailing_messaging,regex,opt_out,1,runnable regex,CUSTOMER_MESSAGE,(?<![a-z0-9])(?:wrong number)(?![a-z0-9]),wrong_number,opt_out
rule_d74d59b5753a5ed3,zapOptOuts.workflow.node_4.opt_out.legal_threat,regex,opt_out,1,runnable regex,CUSTOMER_MESSAGE,(?<![a-z0-9])(?:you (don't|dont) have to text me)(?![a-z0-9]),unsubscribe_phrase,opt_out
rule_a00fdb668ebfa439,zapOptOuts.workflow.node_4.opt_out.not_subscribed,regex,opt_out,1,runnable regex,CUSTOMER_MESSAGE,(?<![a-z0-9])(?:you (have|got) the wrong number)(?![a-z0-9]),wrong_number,opt_out
rule_badeb1c9f444f28b,will_block_you,regex,opt_out,1,runnable regex,CUSTOMER_MESSAGE,(?<![a-z0-9])(?:you have the wrong person)(?![a-z0-9]),wrong_number,opt_out
rule_871837ed6b6dab5a,zapOptOuts.workflow.node_4.opt_out.wrong_number,regex,opt_out,1,runnable regex,CUSTOMER_MESSAGE,(?<![a-z0-9])(?:✋)(?![a-z0-9]),stop_emoji,opt_out
rule_784b0f96b0719005,zapOptOuts.deterministic.direct_expanded.004.don_t_dont_bother_me_anymore,regex,opt_out,1,runnable regex,CUSTOMER_MESSAGE,(?<![a-z0-9])(?:🖕)(?![a-z0-9]),stop_emoji,opt_out
rule_98e5963db724cf3f,zapOptOuts.deterministic_phrase.direct_expanded.025.don_t_dont_send_me_emails_or_texts,regex,opt_out,1,runnable regex,CUSTOMER_MESSAGE,(?<![a-z0-9])(?:🛑)(?![a-z0-9]),stop_emoji,opt_out
rule_66b34d56972e8deb,zapOptOuts.deterministic_phrase.hard_opt_out.009.don_t_dont_do_not_talk_speak_message_email_text_to_me,regex,opt_out,1,runnable regex,CUSTOMER_MESSAGE,(don't|dont) bother me( anymore)?,unsubscribe_phrase,opt_out
rule_b36eaf9a5a3cc9d1,zapOptOuts.deterministic.hard_opt_out.010.don_t_dont_do_not_contact_me_dnc,regex,opt_out,1,runnable regex,CUSTOMER_MESSAGE,(don't|dont) send me emails or texts,unsubscribe_phrase,opt_out
rule_37da76f69dddffaf,zapOptOuts.deterministic.hard_opt_out.020.how_can_i_can_you_help_me_unsubscribe,regex,opt_out,1,runnable regex,CUSTOMER_MESSAGE,(don't|dont|do not) (talk|speak|message|email|text) to me,unsubscribe_phrase,opt_out
rule_161d9f8e823b44d9,zapOptOuts.deterministic_phrase.direct_expanded.029.i_only_want_updates_on_my_order,regex,opt_out,1,runnable regex,CUSTOMER_MESSAGE,(don't|dont|do not) contact( me)?(/?dnc)?,unsubscribe_phrase,opt_out
rule_1ab927502e232d4f,zapOptOuts.deterministic_phrase.indirect.005.i_ll_ill_block_you,regex,opt_out,1,runnable regex,CUSTOMER_MESSAGE,(how can i|can you help me) unsubscribe,unsubscribe_phrase,opt_out
rule_60d57a077abad0c9,zapOptOuts.deterministic.indirect.003.i_m_im_blocking_you,regex,opt_out,1,runnable regex,CUSTOMER_MESSAGE,(i )?only want updates on my order,unsubscribe_phrase,opt_out
rule_14d954c199d5c8cc,zapOptOuts.deterministic_phrase.indirect.020.i_m_im_done,regex,opt_out,1,runnable regex,CUSTOMER_MESSAGE,(i'll|ill) block you,block,opt_out
rule_9d74829a9b693357,zapOptOuts.deterministic_phrase.direct_expanded.017.i_m_im_not_subscribing,regex,opt_out,1,runnable regex,CUSTOMER_MESSAGE,(i'm|im) blocking you,block,opt_out
rule_408d0972457cdee1,zapOptOuts.deterministic_phrase.direct_expanded.022.i_m_im_i_am_not_interested,regex,opt_out,1,runnable regex,CUSTOMER_MESSAGE,(i'm|im) done,unsubscribe_phrase,opt_out
rule_8927a2ecd1e25ca0,zapOptOuts.deterministic.direct_expanded.018.not_no_longer_interested_stop,regex,opt_out,1,runnable regex,CUSTOMER_MESSAGE,(i'm|im) not subscribing,unsubscribe_phrase,opt_out
rule_ea440d91603bdab0,zapOptOuts.deterministic.hard_opt_out.001.stop_don_t_dont_do_not_texting_text_emailing_email_messaging_message_m,regex,opt_out,1,runnable regex,CUSTOMER_MESSAGE,(not|no longer) interested stop?,unsubscribe_phrase,opt_out
rule_f5433096fcb7a723,zapOptOuts.deterministic_phrase.hard_opt_out.001.stop_don_t_dont_do_not_texting_text_emailing_email_messaging_message_m,regex,opt_out,1,runnable regex,CUSTOMER_MESSAGE,(not|no longer) interested( stop)?,unsubscribe_phrase,opt_out
rule_8206f4eeedb8332a,zapOptOuts.deterministic.indirect.012.bbb,regex,opt_out,1,runnable regex,CUSTOMER_MESSAGE,(not|this (isn't|isnt)) my number,unsubscribe_phrase,opt_out
rule_9e3df9de2caa6821,zapOptOuts.deterministic.hard_opt_out.045.beat_it,regex,opt_out,1,runnable regex,CUSTOMER_MESSAGE,(stop|don't|dont|do not) (texting|text|emailing|email|messaging|message)( me)?,unsubscribe_phrase,opt_out
rule_8846a7ce79d4b6f8,zapOptOuts.deterministic_phrase.indirect.002.block_this_the_number,regex,opt_out,1,runnable regex,CUSTOMER_MESSAGE,BBB,legal,opt_out
rule_8610e99cbd0da2f8,zapOptOuts.deterministic.indirect.001.block_ed_me,regex,opt_out,1,runnable regex,CUSTOMER_MESSAGE,[🛑✋🙅🚫🔕],unsubscribe_phrase,opt_out
rule_3bd9173f315a8323,zapOptOuts.deterministic.indirect.019.delete_me_as_your_contact,regex,opt_out,1,runnable regex,CUSTOMER_MESSAGE,\b(?:cannot|cant|can not|can't)\s+receive (?:messages?|texts?|emails?|calls?)\b,device_not_working,opt_out
rule_89749c2431e2f2e7,zapOptOuts.deterministic.hard_opt_out.011.delete_my_information,regex,opt_out,1,runnable regex,CUSTOMER_MESSAGE,\b(?:do not|dont)\s+(?:contact|text|message|email|call)\b,unsubscribe_phrase,opt_out
rule_ee046ef0de9cb9ee,zapOptOuts.deterministic_phrase.hard_opt_out.036.delete_this_account,regex,opt_out,1,runnable regex,CUSTOMER_MESSAGE,\b(?:go )?fuck(?: off| you| yourself| yall)?\b|\bgtfo\b|\bstfu\b,frustrated,opt_out
rule_b61b54cedc183f56,zapOptOuts.deterministic.indirect.010.do_not_call_list,regex,opt_out,1,runnable regex,CUSTOMER_MESSAGE,\bI\s+(don't|do not)\s+want\b,not_interested,fuzzy_opt_out
rule_5c5b342538bf8db3,zapOptOuts.deterministic_phrase.hard_opt_out.030.don_t_ask_again,regex,opt_out,1,runnable regex,CUSTOMER_MESSAGE,\bdelete (?:my )?(?:information|info|data|account)\b,unsubscribe_phrase,opt_out
rule_ccce239aea0c80a4,zapOptOuts.deterministic.hard_opt_out.024.don_t_text_until_you_resolve_my_issue,regex,opt_out,1,runnable regex,CUSTOMER_MESSAGE,\bdo ?not call(?: list)?\b,unsubscribe_phrase,opt_out
rule_85d850eca6ce6dcb,zapOptOuts.deterministic_phrase.hard_opt_out.031.dont_ask_again,regex,opt_out,1,runnable regex,CUSTOMER_MESSAGE,\bgo away\b,frustrated,opt_out
rule_e585676ed2d60cc9,zapOptOuts.deterministic_phrase.hard_opt_out.048.eat_shit,regex,opt_out,1,runnable regex,CUSTOMER_MESSAGE,\bleave me(?: the fuck)? alone\b,frustrated,opt_out
rule_e06d6bbd3e1acd7e,zapOptOuts.deterministic.indirect.021.finished_pause_shush_stfu,regex,opt_out,1,runnable regex,CUSTOMER_MESSAGE,\bnot accepting (?:messages|texts?|emails?)\b,device_not_working,opt_out
rule_e475fd0a235d5e0e,zapOptOuts.deterministic_phrase.hard_opt_out.039.fu,regex,opt_out,1,runnable regex,CUSTOMER_MESSAGE,\bnot interested\b,not_interested,fuzzy_opt_out
rule_d4feda74c86b3005,zapOptOuts.deterministic.indirect.023.fuck_off_you,regex,opt_out,1,runnable regex,CUSTOMER_MESSAGE,\bopt out\b,unsubscribe_phrase,opt_out
rule_ed812452fe54157a,zapOptOuts.deterministic.hard_opt_out.049.fuck_fashion_nova,regex,opt_out,1,runnable regex,CUSTOMER_MESSAGE,\bopt(\s*|\-?)out\b,unsubscribe_phrase,opt_out
rule_c0d84f7b5cb85e2f,zapOptOuts.deterministic.hard_opt_out.037.fuck_off,regex,opt_out,1,runnable regex,CUSTOMER_MESSAGE,\bopt\s+\w+\b,unsubscribe_phrase,opt_out
rule_c29b218045bd727f,zapOptOuts.deterministic_phrase.hard_opt_out.038.fuck_you,regex,opt_out,1,runnable regex,CUSTOMER_MESSAGE,\bopted(\s*|\-?)out\b,unsubscribe_phrase,opt_out
rule_be380c6159ad8f2f,zapOptOuts.deterministic.hard_opt_out.040.fuck_yourself,regex,opt_out,1,runnable regex,CUSTOMER_MESSAGE,\boptin\w*,remove,
rule_e3281d7377731525,zapOptOuts.deterministic.direct_expanded.002.go_away,regex,opt_out,1,runnable regex,CUSTOMER_MESSAGE,\boptou\w*,unsubscribe_phrase,opt_out
rule_b4329c2696471ede,zapOptOuts.deterministic.indirect.024.go_fuck_yourself,regex,opt_out,1,runnable regex,CUSTOMER_MESSAGE,\bopts\b,unsubscribe_phrase,opt_out
rule_bef45eddc091c22b,zapOptOuts.deterministic_phrase.indirect.024.go_fuck_yourself,regex,opt_out,1,runnable regex,CUSTOMER_MESSAGE,\bpull me from (?:text|texts|messages|group|thread)\b,unsubscribe_phrase,opt_out
rule_faa47d559d41df30,zapOptOuts.deterministic.hard_opt_out.043.gtfo,regex,opt_out,1,runnable regex,CUSTOMER_MESSAGE,\bremove me from (?:texts?|text messages?|messages?|emails?|calls?|contact)\b,unsubscribe_phrase,opt_out
rule_4b9ce5e5bd557f86,zapOptOuts.deterministic_phrase.indirect.009.harass_ment_ing,regex,opt_out,1,runnable regex,CUSTOMER_MESSAGE,\bremove me from ads\b|\bstop (?:advertising|ads?)\b,unsubscribe_phrase,opt_out
rule_d6b3d1e7e8707681,zapOptOuts.deterministic.hard_opt_out.021.how_can_i_stop_receiving_texts_emails_messages,regex,opt_out,1,runnable regex,CUSTOMER_MESSAGE,\brevoke\b,unsubscribe_phrase,opt_out
rule_02e3ab9ef377db44,zapOptOuts.deterministic_phrase.direct_expanded.015.i_didn_t_didnt_opt_in_sign_up,regex,opt_out,1,runnable regex,CUSTOMER_MESSAGE,\bstop\s+(?:texting|text|messaging|message|emailing|email|calling|contacting|calling)\b,unsubscribe_phrase,opt_out
rule_b341a3a282a13a90,zapOptOuts.deterministic_phrase.hard_opt_out.017.i_didn_t_didnt_subscribe,regex,opt_out,1,runnable regex,CUSTOMER_MESSAGE,\btake me off (?:the )?(?:list|your list|this list)\b,unsubscribe_phrase,opt_out
rule_7045fd935a411b00,zapOptOuts.deterministic.indirect.017.i_don_t_dont_know_you,regex,opt_out,1,runnable regex,CUSTOMER_MESSAGE,\bthis phone(?: number)? is no longer in service\b,device_not_working,opt_out
rule_b12c34293415e4db,zapOptOuts.deterministic.direct_expanded.030.i_don_t_dont_need_anything_else_this,regex,opt_out,1,runnable regex,CUSTOMER_MESSAGE,\bunsubscribe\b,unsubscribe_phrase,opt_out
rule_1bf1ae2872f0a53f,zapOptOuts.deterministic.direct_expanded.013.i_don_t_dont_want_anything_from_you_further_communication,regex,opt_out,1,runnable regex,CUSTOMER_MESSAGE,\bwrong (?:number|person)\b|\b(?:this is not|not) my number\b|\byou have the wrong number\b,wrong_number,opt_out
rule_1ed3546185417ecd,zapOptOuts.deterministic_phrase.direct_expanded.009.i_don_t_dont_want_texts_text_messages_messages,regex,opt_out,1,skipped by runner: Python re cannot compile (incomplete escape \u at position 0),CUSTOMER_MESSAGE,\u{1F595},remove,
rule_3308e78cc4462817,zapOptOuts.deterministic.direct_expanded.012.i_don_t_dont_want_this_these_anymore,regex,opt_out,1,skipped by runner: Python re cannot compile (incomplete escape \u at position 0),CUSTOMER_MESSAGE,\u{1F6D1},remove,
rule_6564fd854e68da63,zapOptOuts.deterministic_phrase.direct_expanded.010.i_don_t_dont_want_to_receive_messages_texts,regex,opt_out,1,skipped by runner: Python re cannot compile (incomplete escape \u at position 0),CUSTOMER_MESSAGE,\u{270B},remove,
rule_6a7e6cbff5328caf,zapOptOuts.deterministic.hard_opt_out.026.i_don_t_want_to_be_here,regex,opt_out,1,runnable regex,CUSTOMER_MESSAGE,^(?:block|report)(?:ed|ing)?(?:\s+(?:(?:this|the|as|ed\s+as)\s*)?(?:number|spam))?$,block,opt_out
rule_c884f586eb132524,zapOptOuts.deterministic.hard_opt_out.025.i_don_t_want_to_hear_from_you,regex,opt_out,1,runnable regex,CUSTOMER_MESSAGE,^\s*(?:stop|end|done|remove|cancel|unsubscribe|opt(?:-| )?out|quit|revoke|drop|pause|unfollow|junk|block|rmv|cncl|unsub|unsbscrbe|inscribe me|oot out|qwit|rvke|edn|dne|st0p|sto0p|atop|stp|stip|wtop|dtop|sto|srop|syop|stoo|stops|sto0|stpp|stope|sop|please stop|off|delete|sybau)\s*$,block,opt_out
rule_bd10bdd06b63bacd,zapOptOuts.deterministic_phrase.direct_expanded.014.i_never_opted_in_signed_up_subscribed,regex,opt_out,1,runnable regex,CUSTOMER_MESSAGE,^\s*(?:stop|end|done|remove|cancel|unsubscribe|opt|opt(?:-| )?out|quit|revoke|drop|pause|unfollow|junk|block|rmv|cncl|unsub|unsbscrbe|inscribe me|oot out|qwit|rvke|edn|dne|st0p|sto0p|atop|stp|stip|wtop|dtop|sto|srop|syop|stoo|stops|sto0|stpp|stope|sop|please stop|off|delete|sybau)\s*$,block,opt_out
rule_40d8cdbb3458da31,zapOptOuts.deterministic.direct_expanded.011.i_no_longer_want_to_receive_messages_texts,regex,opt_out,1,runnable regex,CUSTOMER_MESSAGE,"^\s*bbb[.!?,;:]*\s*$",legal,opt_out
rule_4ae7bfa529aeac15,zapOptOuts.deterministic_phrase.direct_expanded.016.i_was_not_subscribed,regex,opt_out,1,runnable regex,CUSTOMER_MESSAGE,"^\s*cancel[.!?,;:]*\s*$",unsubscribe_phrase,opt_out
rule_a7f5b55f7675c457,zapOptOuts.deterministic_phrase.indirect.004.i_will_block_you,regex,opt_out,1,runnable regex,CUSTOMER_MESSAGE,"^\s*cncl[.!?,;:]*\s*$",unsubscribe_phrase,opt_out
rule_06c30148b08fd5b5,zapOptOuts.deterministic_phrase.hard_opt_out.033.i_m_blocking_you,regex,opt_out,1,runnable regex,CUSTOMER_MESSAGE,"^\s*dnc[.!?,;:]*\s*$",unsubscribe_phrase,opt_out
rule_08cd63a0538f6e4f,zapOptOuts.deterministic.hard_opt_out.034.i_m_deleting_you,regex,opt_out,1,runnable regex,CUSTOMER_MESSAGE,"^\s*done[.!?,;:]*\s*$",unsubscribe_phrase,opt_out
rule_70e99d383d161ea2,zapOptOuts.deterministic.hard_opt_out.042.i_m_going_to_sue_you,regex,opt_out,1,runnable regex,CUSTOMER_MESSAGE,"^\s*dtop[.!?,;:]*\s*$",unsubscribe_phrase,opt_out
rule_74e87f341f357bd4,zapOptOuts.deterministic.hard_opt_out.029.i_m_not_trying_to_fucking_be_here,regex,opt_out,1,runnable regex,CUSTOMER_MESSAGE,"^\s*end[.!?,;:]*\s*$",unsubscribe_phrase,opt_out
rule_2c935a32e4105b1e,zapOptOuts.deterministic.hard_opt_out.035.i_m_removing_your_number,regex,opt_out,1,runnable regex,CUSTOMER_MESSAGE,"^\s*oot[.!?,;:]*\s*$",unsubscribe_phrase,opt_out
rule_0780d02438ddffa3,zapOptOuts.deterministic.hard_opt_out.041.i_m_reporting_you_to_the_bbb,regex,opt_out,1,runnable regex,CUSTOMER_MESSAGE,"^\s*opt\s*-?\s*out[.!?,;:]*\s*$",unsubscribe_phrase,opt_out
rule_8ef71c6f51603151,zapOptOuts.deterministic_phrase.hard_opt_out.028.i_m_tired_of_y_all,regex,opt_out,1,runnable regex,CUSTOMER_MESSAGE,"^\s*quiet[.!?,;:]*\s*$",unsubscribe_phrase,opt_out
rule_ac65cf379139fb65,zapOptOuts.deterministic_phrase.hard_opt_out.027.i_m_tired_of_you,regex,opt_out,1,runnable regex,CUSTOMER_MESSAGE,"^\s*quit[.!?,;:]*\s*$",unsubscribe_phrase,opt_out
rule_324c508204bec0e9,zapOptOuts.deterministic.hard_opt_out.022.if_you_don_t_dont_do_this_right_now_stop_texting_me,regex,opt_out,1,runnable regex,CUSTOMER_MESSAGE,"^\s*remove[.!?,;:]*\s*$",unsubscribe_phrase,opt_out
rule_281a5a301cd81fb3,zapOptOuts.deterministic.hard_opt_out.047.leave_me_alone,regex,opt_out,1,runnable regex,CUSTOMER_MESSAGE,"^\s*rmv[.!?,;:]*\s*$",unsubscribe_phrase,opt_out
rule_7d3781e62eaeef8a,zapOptOuts.deterministic_phrase.direct_expanded.001.leave_me_the_fuck_alone,regex,opt_out,1,runnable regex,CUSTOMER_MESSAGE,"^\s*spam[.!?,;:]*\s*$",spam,opt_out
rule_10821f1710b320a7,zapOptOuts.deterministic_phrase.hard_opt_out.008.no_more_messages_texts_emails_calls_contact_communications,regex,opt_out,1,runnable regex,CUSTOMER_MESSAGE,"^\s*srop[.!?,;:]*\s*$",unsubscribe_phrase,opt_out
rule_29f9727e0bdd18e0,zapOptOuts.deterministic.direct_expanded.023.no_need_to_text_me,regex,opt_out,1,runnable regex,CUSTOMER_MESSAGE,"^\s*stip[.!?,;:]*\s*$",unsubscribe_phrase,opt_out
rule_544b65f4e991c911,zapOptOuts.deterministic.direct_expanded.020.no_thanks_stop,regex,opt_out,1,runnable regex,CUSTOMER_MESSAGE,"^\s*sto0?p[.!?,;:]*\s*$",unsubscribe_phrase,opt_out
rule_175c102845844b82,zapOptOuts.deterministic_phrase.hard_opt_out.015.not_accepting_messages_texts_emails,regex,opt_out,1,runnable regex,CUSTOMER_MESSAGE,"^\s*stop[.!?,;:]*\s*$",unsubscribe_phrase,opt_out
rule_49147ef4556bbc02,zapOptOuts.deterministic.hard_opt_out.023.once_i_get_my_order_i_m_going_to_block_you,regex,opt_out,1,runnable regex,CUSTOMER_MESSAGE,"^\s*stp[.!?,;:]*\s*$",unsubscribe_phrase,opt_out
rule_93af546ff09bf19d,zapOptOuts.deterministic_phrase.direct_expanded.019.please_remove,regex,opt_out,1,runnable regex,CUSTOMER_MESSAGE,"^\s*sybau[.!?,;:]*\s*$",frustrated,opt_out
rule_971939161f550f1c,zapOptOuts.deterministic_phrase.direct_expanded.007.quit_texting_me_contacting_me,regex,opt_out,1,runnable regex,CUSTOMER_MESSAGE,"^\s*syop[.!?,;:]*\s*$",unsubscribe_phrase,opt_out
rule_71e038d49065cd65,zapOptOuts.deterministic.direct_expanded.008.quit_sending_messages_this_text_texts_me_texts,regex,opt_out,1,runnable regex,CUSTOMER_MESSAGE,"^\s*unsub[.!?,;:]*\s*$",unsubscribe_phrase,opt_out
rule_72f49123f885c144,zapOptOuts.deterministic_phrase.hard_opt_out.012.remove_my_number,regex,opt_out,1,runnable regex,CUSTOMER_MESSAGE,"^\s*unsubscribe[.!?,;:]*\s*$",unsubscribe_phrase,opt_out
rule_55890302472fd957,zapOptOuts.deterministic_phrase.indirect.007.report_ed_as_spam,regex,opt_out,1,runnable regex,CUSTOMER_MESSAGE,"^\s*wtop[.!?,;:]*\s*$",unsubscribe_phrase,opt_out
rule_66edb4c5cb230f8e,zapOptOuts.deterministic.indirect.006.report_ed,regex,opt_out,1,runnable regex,CUSTOMER_MESSAGE,^dnc$,unsubscribe_phrase,opt_out
rule_1a7e61d9889ed941,zapOptOuts.deterministic_phrase.hard_opt_out.044.shut_up,regex,opt_out,1,runnable regex,CUSTOMER_MESSAGE,^done$,unsubscribe_phrase,opt_out
rule_05aa0d6b93b3084c,zapOptOuts.deterministic_phrase.indirect.022.shut_the_fuck_up,regex,opt_out,1,runnable regex,CUSTOMER_MESSAGE,^end$,unsubscribe_phrase,opt_out
rule_2d4c4cf9ae1567a2,zapOptOuts.deterministic_phrase.indirect.008.spam_scam_mer,regex,opt_out,1,runnable regex,CUSTOMER_MESSAGE,^opt$,unsubscribe_phrase,opt_out
rule_75737cd5a0a6eebe,zapOptOuts.deterministic.indirect.008.spam_scam_mer,regex,opt_out,1,runnable regex,CUSTOMER_MESSAGE,^quiet$,unsubscribe_phrase,opt_out
rule_c242cac437a375eb,zapOptOuts.deterministic.hard_opt_out.046.stfu,regex,opt_out,1,runnable regex,CUSTOMER_MESSAGE,^quit$,unsubscribe_phrase,opt_out
rule_4142f95fea1d251c,zapOptOuts.deterministic.direct_expanded.003.stop_bothering_harassing_spamming_me,regex,opt_out,1,runnable regex,CUSTOMER_MESSAGE,^remove$,unsubscribe_phrase,opt_out
rule_93ddd7aa8c9d2cca,zapOptOuts.deterministic.hard_opt_out.002.stop_calling_contacting_messaging_emailing_me,regex,opt_out,1,runnable regex,CUSTOMER_MESSAGE,^stop$,unsubscribe_phrase,opt_out
rule_ed92ea07c07b80f8,zapOptOuts.deterministic.hard_opt_out.004.stop_sending_sending_me_texts_messages_emails_email,regex,opt_out,1,runnable regex,CUSTOMER_MESSAGE,^this is an automatic message this is a kosher talk only device and does not accept text messages please call instead$,device_not_working,opt_out
rule_b0bc552621a7b0f2,zapOptOuts.deterministic_phrase.hard_opt_out.003.stop_texting_emailing_messaging_me_me_now_this_number_this_email,regex,opt_out,1,runnable regex,CUSTOMER_MESSAGE,^this phone does not accept text messages please call instead this is an automatic reply$,device_not_working,opt_out
rule_c529dc2be430b795,zapOptOuts.deterministic.direct_expanded.005.stop_the_spam,regex,opt_out,1,runnable regex,CUSTOMER_MESSAGE,^unsubscribe$,unsubscribe_phrase,opt_out
rule_83f6940aa688ec4a,zapOptOuts.deterministic_phrase.direct_expanded.006.stop_with_the_these_texts_messages,regex,opt_out,1,runnable regex,CUSTOMER_MESSAGE,beat it,unsubscribe_phrase,opt_out
rule_7c9101351f21a95e,zapOptOuts.deterministic.indirect.011.sue_lawsuit_legal_action_attorney_lawyer_complaint,regex,opt_out,1,runnable regex,CUSTOMER_MESSAGE,block (this|the) number,block,opt_out
rule_cead806634a3cb41,zapOptOuts.deterministic.hard_opt_out.007.take_me_off_the_list_your_list_this_list,regex,opt_out,1,runnable regex,CUSTOMER_MESSAGE,block(ed)?( me)?,block,opt_out
rule_f853abc71bba09b1,zapOptOuts.deterministic.hard_opt_out.018.this_is_a_kosher_talk_only_device_and_does_not_accept_text_messages,regex,opt_out,1,runnable regex,CUSTOMER_MESSAGE,delete me as your contact,unsubscribe_phrase,opt_out
rule_cfd68ff32387e568,zapOptOuts.deterministic.hard_opt_out.054.this_is_an_automatic_message_this_is_a_kosher_talk_only_device_and_doe,regex,opt_out,1,runnable regex,CUSTOMER_MESSAGE,delete my information,unsubscribe_phrase,opt_out
rule_7e293f8262263684,zapOptOuts.deterministic_phrase.hard_opt_out.019.this_phone_can_not_receive_sms_mms_messages,regex,opt_out,1,runnable regex,CUSTOMER_MESSAGE,delete this account,unsubscribe_phrase,opt_out
rule_63b66d99e8f6fa6c,zapOptOuts.deterministic.hard_opt_out.053.this_phone_does_not_accept_text_messages_please_call_instead_this_is_a,regex,opt_out,1,runnable regex,CUSTOMER_MESSAGE,delete\s+(?:(?:my\s+)?(?:information|info)|me\s+as\s+your\s+contact),unsubscribe_phrase,opt_out
rule_cfe3a127af64e7ec,zapOptOuts.deterministic.hard_opt_out.014.this_phone_number_is_no_longer_in_service,regex,opt_out,1,runnable regex,CUSTOMER_MESSAGE,didnt\s+subscribe,unsubscribe_phrase,opt_out
rule_2e10bb13d57de386,zapOptOuts.deterministic.indirect.018.trying_to_get_in_touch_with,regex,opt_out,1,runnable regex,CUSTOMER_MESSAGE,do(-| )?not(-| )?call( list)?,unsubscribe_phrase,opt_out
rule_5cab624f6253947d,zapOptOuts.deterministic_phrase.hard_opt_out.006.unsubscribe_me_my_number_my_email,regex,opt_out,1,runnable regex,CUSTOMER_MESSAGE,do\s*not\s*call(?:\s+list)?,unsubscribe_phrase,opt_out
rule_d7a390c938595acb,zapOptOuts.deterministic.hard_opt_out.005.unsubscribe_me,regex,opt_out,1,runnable regex,CUSTOMER_MESSAGE,don't ask again,unsubscribe_phrase,opt_out
rule_d2dbacd10e307b3c,zapOptOuts.deterministic_phrase.direct_expanded.028.unsubsidized_me,regex,opt_out,1,runnable regex,CUSTOMER_MESSAGE,don't text until you resolve my issue,unsubscribe_phrase,opt_out
rule_cb85500b11cc7a2f,zapOptOuts.deterministic.direct_expanded.021.we_are_not_interested,regex,opt_out,1,runnable regex,CUSTOMER_MESSAGE,dont ask again,unsubscribe_phrase,opt_out
rule_e5e21cafe70e66bc,zapOptOuts.deterministic_phrase.indirect.016.who_is_this_are_you_are_y_all_yall,regex,opt_out,1,runnable regex,CUSTOMER_MESSAGE,eat shit,frustrated,opt_out
rule_3a5d9e6bf6d75a5c,zapOptOuts.deterministic_phrase.indirect.013.wrong_number_person,regex,opt_out,1,runnable regex,CUSTOMER_MESSAGE,finished|pause|shush|stfu,unsubscribe_phrase,opt_out
rule_952caa072ed50850,zapOptOuts.deterministic_phrase.direct_expanded.024.you_don_t_dont_have_to_text_me,regex,opt_out,1,runnable regex,CUSTOMER_MESSAGE,fuck (off|you),frustrated,opt_out
rule_db80e7809ad4ffe0,zapOptOuts.deterministic_phrase.indirect.015.you_have_got_the_wrong_number,regex,opt_out,1,runnable regex,CUSTOMER_MESSAGE,fuck fashion nova,frustrated,opt_out
rule_3fe347399670db06,zapOptOuts.deterministic_phrase.hard_opt_out.052.emoji,regex,opt_out,1,runnable regex,CUSTOMER_MESSAGE,fuck yourself,frustrated,opt_out
rule_cbc38f1bbcbdfbc4,zapOptOuts.deterministic_phrase.hard_opt_out.050.emoji,regex,opt_out,1,runnable regex,CUSTOMER_MESSAGE,go away,frustrated,opt_out
rule_c0bcf2ecc8c27efc,deterministic.direct_expanded.025,regex,opt_out,1,runnable regex,CUSTOMER_MESSAGE,go\s+away,frustrated,opt_out
rule_f16aded7f0c57719,zapOptOuts.deterministic_js.hard_opt_out.009.don_t_dont_do_not_talk_speak_message_email_text_to_me,regex,opt_out,1,runnable regex,CUSTOMER_MESSAGE,gtfo,frustrated,opt_out
rule_bebbf6daf5b2c091,deterministic.hard_opt_out.010,regex,opt_out,1,runnable regex,CUSTOMER_MESSAGE,harass(?:ment|ing),annoy,tmt
rule_62f466e7827d61d0,deterministic.hard_opt_out.020,regex,opt_out,1,runnable regex,CUSTOMER_MESSAGE,harass(ment|ing),annoy,tmt
rule_6ef17c3b06a4882b,zapOptOuts.deterministic_js.direct_expanded.029.i_only_want_updates_on_my_order,regex,opt_out,1,runnable regex,CUSTOMER_MESSAGE,how can i stop receiving (texts|emails|messages),unsubscribe_phrase,opt_out
rule_5694614da141a698,deterministic.indirect.005,regex,opt_out,1,runnable regex,CUSTOMER_MESSAGE,i (didn't|didnt) (opt in|sign up),unsubscribe_phrase,opt_out
rule_4ba264497d2245fc,deterministic.indirect.003,regex,opt_out,1,runnable regex,CUSTOMER_MESSAGE,i (didn't|didnt) subscribe,unsubscribe_phrase,opt_out
rule_a04ffadd1ca8f32b,deterministic.indirect.020,regex,opt_out,1,runnable regex,CUSTOMER_MESSAGE,i (don't|dont) know you,unsubscribe_phrase,opt_out
rule_df0ec1cc9bbc1fef,zapOptOuts.deterministic_js.direct_expanded.017.i_m_im_not_subscribing,regex,opt_out,1,runnable regex,CUSTOMER_MESSAGE,i (don't|dont) need (anything else|this),unsubscribe_phrase,opt_out
rule_ed3be8d535efed64,deterministic.direct_expanded.022,regex,opt_out,1,runnable regex,CUSTOMER_MESSAGE,i (don't|dont) want (anything from you|further communication),unsubscribe_phrase,opt_out
rule_dbaf9108d37356f1,deterministic.direct_expanded.018,regex,opt_out,1,runnable regex,CUSTOMER_MESSAGE,i (don't|dont) want (texts|text messages|messages),unsubscribe_phrase,opt_out
rule_a013d8735e8140c9,zapOptOuts.deterministic_js.indirect.014.not_this_isn_t_isnt_my_number,regex,opt_out,1,runnable regex,CUSTOMER_MESSAGE,i (don't|dont) want (this|these) anymore,unsubscribe_phrase,opt_out
rule_0808ad946e1750fc,zapOptOuts.deterministic_js.hard_opt_out.001.stop_don_t_dont_do_not_texting_text_emailing_email_messaging_message_m,regex,opt_out,1,runnable regex,CUSTOMER_MESSAGE,i (don't|dont) want to receive (messages|texts),unsubscribe_phrase,opt_out
rule_2fc66f92763ec43e,deterministic.indirect.012,regex,opt_out,1,runnable regex,CUSTOMER_MESSAGE,i don't want to be here,unsubscribe_phrase,opt_out
rule_1d4a3cc355d173cd,zapOptOuts.classifier.RAW_HARD_RULES.stop_emoji,regex,opt_out,1,runnable regex,CUSTOMER_MESSAGE,i don't want to hear from you,unsubscribe_phrase,opt_out
rule_a0fc16105db53fd4,cannot_receive_messages,regex,opt_out,1,runnable regex,CUSTOMER_MESSAGE,i never (opted in|signed up|subscribed),unsubscribe_phrase,opt_out
rule_604d4b7bc5916d8c,zapOptOuts.classifier.HARD_RULES.do_not_contact,regex,opt_out,1,runnable regex,CUSTOMER_MESSAGE,i no longer want( to receive)? (messages|texts),unsubscribe_phrase,opt_out
rule_22242dc3b727e981,optOutClassifier.validator.curated.007.opt_out,regex,opt_out,1,runnable regex,CUSTOMER_MESSAGE,i will block you,block,opt_out
rule_8c04906ceae61e82,zapOptOuts.classifier.HARD_RULES.delete_information,regex,opt_out,1,runnable regex,CUSTOMER_MESSAGE,i'm blocking you,block,opt_out
rule_6cdd26b908d62070,do_not_call,regex,opt_out,1,runnable regex,CUSTOMER_MESSAGE,i'm deleting you,unsubscribe_phrase,opt_out
rule_890ac0e1f242aa1c,go_away,regex,opt_out,1,runnable regex,CUSTOMER_MESSAGE,i'm going to sue you,unsubscribe_phrase,opt_out
rule_8dc8db3ed631213e,zapOptOuts.classifier.HARD_RULES.leave_me_alone,regex,opt_out,1,runnable regex,CUSTOMER_MESSAGE,i'm not trying to fucking be here,unsubscribe_phrase,opt_out
rule_06305227826122d3,not_accepting_messages,regex,opt_out,1,runnable regex,CUSTOMER_MESSAGE,i'm removing your number,unsubscribe_phrase,opt_out
rule_03ddeae7ff14a227,optOutClassifier.validator.curated.053.opt_out,regex,opt_out,1,runnable regex,CUSTOMER_MESSAGE,i'm reporting you to the bbb,legal,opt_out
rule_02751d2542f151fc,opt_out,regex,opt_out,1,runnable regex,CUSTOMER_MESSAGE,i'm tired of y'all,unsubscribe_phrase,opt_out
rule_9135a6eb0b648318,optOutClassifier.validator.curated.054.opt_out,regex,opt_out,1,runnable regex,CUSTOMER_MESSAGE,i'm tired of you,unsubscribe_phrase,opt_out
rule_d9b8a84561c767e6,optOutClassifier.validator.curated.057.opt_out,regex,opt_out,1,runnable regex,CUSTOMER_MESSAGE,"if you (don't|dont) do this right now, stop texting me",unsubscribe_phrase,opt_out
rule_0a482397319238ca,optOutClassifier.validator.curated.055.opt_out,regex,opt_out,1,runnable regex,CUSTOMER_MESSAGE,im\s+blocking\s+you,block,opt_out
rule_3ba5a0f429ef4eb9,optOutClassifier.json.patterns.41,regex,opt_out,1,runnable regex,CUSTOMER_MESSAGE,leave me alone,unsubscribe_phrase,opt_out
rule_4e6e1a8c75bcca77,optOutClassifier.validator.curated.058.opt_out,regex,opt_out,1,runnable regex,CUSTOMER_MESSAGE,leave me( the fuck)? alone,unsubscribe_phrase,opt_out
rule_93c6c36f75653a37,pull_from_texts,regex,opt_out,1,runnable regex,CUSTOMER_MESSAGE,leave\s+me(?:\s+the\s+fuck)?\s+alone,unsubscribe_phrase,opt_out
rule_a634478ab7d1e4d9,zapOptOuts.classifier.HARD_RULES.remove_me_from_comms,regex,opt_out,1,runnable regex,CUSTOMER_MESSAGE,no more (messages|texts|emails|calls|contact|communications?),unsubscribe_phrase,opt_out
rule_7b19b557b30d5fb8,remove_from_ads,regex,opt_out,1,runnable regex,CUSTOMER_MESSAGE,no need to text me,unsubscribe_phrase,opt_out
rule_b7194fcafb0b37bb,optOutClassifier.validator.curated.068.opt_out,regex,opt_out,1,runnable regex,CUSTOMER_MESSAGE,no thanks stop,unsubscribe_phrase,opt_out
rule_d7823a624b0069e0,zapOptOuts.classifier.HARD_RULES.stop_contacting,regex,opt_out,1,runnable regex,CUSTOMER_MESSAGE,no\s+longer\s+want(?:\s+to\s+receive)?\s+(?:messages?|texts?|emails?|calls?),unsubscribe_phrase,opt_out
rule_ebc2544bc1164916,take_me_off_list,regex,opt_out,1,runnable regex,CUSTOMER_MESSAGE,no\s+more\s+(?:messages?|texts?|emails?|calls?|contact|communications?),unsubscribe_phrase,opt_out
rule_73f8218f56d31c40,zapOptOuts.classifier.HARD_RULES.number_no_longer_in_service,regex,opt_out,1,runnable regex,CUSTOMER_MESSAGE,no\s+need\s+to\s+text\s+me,unsubscribe_phrase,opt_out
rule_ab0b00d7a050f883,unsubscribe,regex,opt_out,1,runnable regex,CUSTOMER_MESSAGE,no\s+thanks\s+stop,unsubscribe_phrase,opt_out
rule_49e1eac406d33600,zapOptOuts.classifier.HARD_RULES.wrong_number,regex,opt_out,1,runnable regex,CUSTOMER_MESSAGE,not accepting (messages|texts|emails),device_not_working,opt_out
rule_deb08a8fef8abfb5,deterministic.hard_opt_out.052,regex,opt_out,1,runnable regex,CUSTOMER_MESSAGE,not\s+accepting\s+(?:messages|texts|emails),unsubscribe_phrase,opt_out
rule_8b8453f17ffe97fe,deterministic.hard_opt_out.050,regex,opt_out,1,runnable regex,CUSTOMER_MESSAGE,"once i get my order, i'm going to block you",block,opt_out
rule_779001e6fea62418,deterministic.hard_opt_out.051,regex,opt_out,1,runnable regex,CUSTOMER_MESSAGE,please remove,unsubscribe_phrase,opt_out
rule_f049f3ea6c9904a2,blocking_or_reporting,regex,opt_out,1,runnable regex,CUSTOMER_MESSAGE,quit (texting me|contacting me),unsubscribe_phrase,opt_out
rule_3c47eddea779c312,deterministic.hard_opt_out.032,regex,opt_out,1,runnable regex,CUSTOMER_MESSAGE,quit sending (messages|this text|texts|me texts),unsubscribe_phrase,opt_out
rule_65fbba5dffaf3166,zapOptOuts.deterministic.hard_opt_out.032.stop_end_done_remove_cancel_unsubscribe_opt_opt_out_quit_revoke_drop_p,regex,opt_out,1,runnable regex,CUSTOMER_MESSAGE,quit\s+(?:texting|contacting|sending),unsubscribe_phrase,opt_out
rule_fd5c0cf43d7eb3ce,zapOptOuts.workflow.node_4.opt_out.exact_bbb,regex,opt_out,1,runnable regex,CUSTOMER_MESSAGE,remove my number,unsubscribe_phrase,opt_out
rule_a1dd10ffc1eea402,exact_cancel,regex,opt_out,1,runnable regex,CUSTOMER_MESSAGE,remove\s+my\s+number,unsubscribe_phrase,opt_out
rule_e54b6e62e50b667c,zapOptOuts.workflow.node_4.opt_out.exact_cncl,regex,opt_out,1,runnable regex,CUSTOMER_MESSAGE,report(?:ed\s+as)?\s+spam,unsubscribe_phrase,opt_out
rule_71ff4862ab42be2d,zapOptOuts.workflow.node_4.opt_out.exact_dnc,regex,opt_out,1,runnable regex,CUSTOMER_MESSAGE,report(ed as)? spam,unsubscribe_phrase,opt_out
rule_7a4aabc615457dc9,zapOptOuts.workflow.node_4.opt_out.keyword_done,regex,opt_out,1,runnable regex,CUSTOMER_MESSAGE,report(ed)?,unsubscribe_phrase,opt_out
rule_c558f8b59b4a650f,zapOptOuts.workflow.node_4.opt_out.exact_dtop,regex,opt_out,1,runnable regex,CUSTOMER_MESSAGE,shut up,frustrated,opt_out
rule_ff1b7e58490601c7,exact_end,regex,opt_out,1,runnable regex,CUSTOMER_MESSAGE,shut( the fuck)? up,frustrated,opt_out
rule_ac2fa55d6fefdece,exact_oot,regex,opt_out,1,runnable regex,CUSTOMER_MESSAGE,spam|scam(mer)?,spam,opt_out
rule_d785731578150885,exact_quiet,regex,opt_out,1,runnable regex,CUSTOMER_MESSAGE,stop (bothering|harassing|spamming) me,annoy,tmt
rule_9a26384db9c2f649,zapOptOuts.workflow.node_4.opt_out.exact_quit,regex,opt_out,1,runnable regex,CUSTOMER_MESSAGE,stop (calling|contacting|messaging|emailing)( me)?,unsubscribe_phrase,opt_out
rule_f083d43aa940a19c,exact_remove,regex,opt_out,1,runnable regex,CUSTOMER_MESSAGE,stop (sending|sending me) (texts|messages|emails|email),unsubscribe_phrase,opt_out
rule_c10afa181f17dedf,zapOptOuts.workflow.node_4.opt_out.exact_rmv,regex,opt_out,1,runnable regex,CUSTOMER_MESSAGE,stop (texting|emailing|messaging) (me|me now|this number|this email),unsubscribe_phrase,opt_out
rule_d2914608d44607e0,exact_spam,regex,opt_out,1,runnable regex,CUSTOMER_MESSAGE,stop the spam,spam,opt_out
rule_dd109b25ac53fd49,exact_srop,regex,opt_out,1,runnable regex,CUSTOMER_MESSAGE,stop with (the|these) (texts|messages),unsubscribe_phrase,opt_out
rule_c29d44b257cf5a3c,zapOptOuts.workflow.node_4.opt_out.exact_stip,regex,opt_out,1,runnable regex,CUSTOMER_MESSAGE,stop\s+(?:bothering|harassing|spamming)\s+me,spam,opt_out
rule_cf84ffa8cba09a6d,exact_stop_typo,regex,opt_out,1,runnable regex,CUSTOMER_MESSAGE,stop\s+(?:calling|contacting|messaging|emailing)(?:\s+me)?,unsubscribe_phrase,opt_out
rule_c92f8a6ac5e78ba7,zapOptOuts.workflow.node_4.opt_out.exact_stop,regex,opt_out,1,runnable regex,CUSTOMER_MESSAGE,stop\s+(?:the\s+spam|with\s+(?:the|these)\s+(?:texts|messages)),spam,opt_out
rule_9170c2868512f18a,zapOptOuts.workflow.node_4.opt_out.exact_stp,regex,opt_out,1,runnable regex,CUSTOMER_MESSAGE,sue|lawsuit|legal action|attorney|lawyer|complaint,legal,opt_out
rule_8239539a064618f7,exact_sybau,regex,opt_out,1,runnable regex,CUSTOMER_MESSAGE,take me off( the list| your list| this list)?,unsubscribe_phrase,opt_out
rule_961cf9f40d0ab0fd,zapOptOuts.workflow.node_4.opt_out.exact_syop,regex,opt_out,1,runnable regex,CUSTOMER_MESSAGE,take\s+me\s+off(?:\s+the\s+list|\s+your\s+list|\s+this\s+list)?,unsubscribe_phrase,opt_out
rule_40a1cde3b68ff194,zapOptOuts.workflow.node_4.opt_out.exact_unsub,regex,opt_out,1,runnable regex,CUSTOMER_MESSAGE,this is a kosher talk only device and does not accept text messages,device_not_working,opt_out
rule_f2fbdd062bd2c5e2,zapOptOuts.workflow.node_4.opt_out.exact_wtop,regex,opt_out,1,runnable regex,CUSTOMER_MESSAGE,this phone can not receive sms/mms messages,device_not_working,opt_out
rule_e082b4992f1c6644,exact_end,regex,opt_out,1,runnable regex,CUSTOMER_MESSAGE,this\s+phone\s+(?:number\s+)?is\s+no\s+longer\s+in\s+service,device_not_working,opt_out
rule_64eacefbba00fdd7,zapOptOuts.classifier.HARD_RULES.exact_quiet,regex,opt_out,1,runnable regex,CUSTOMER_MESSAGE,trying to get in touch with,remove,
rule_442368610b12298d,zapOptOuts.classifier.HARD_RULES.exact_quit,regex,opt_out,1,runnable regex,CUSTOMER_MESSAGE,unsubscribe (me|my number|my email),unsubscribe_phrase,opt_out
rule_2557c69d53f2f595,zapOptOuts.classifier.HARD_RULES.exact_remove,regex,opt_out,1,runnable regex,CUSTOMER_MESSAGE,unsubscribe( me)?,unsubscribe_phrase,opt_out
rule_25871eb5c28b9dcd,exact_stop,regex,opt_out,1,runnable regex,CUSTOMER_MESSAGE,unsubscribe(?:\s+me)?,unsubscribe_phrase,opt_out
rule_40f09a3228423cff,zapOptOuts.workflow.node_4.opt_out.kosher_talk_only_auto_reply,regex,opt_out,1,runnable regex,CUSTOMER_MESSAGE,unsubsidized me,unsubscribe_phrase,opt_out
rule_a4c1c0e387dddfce,exact_unsubscribe,regex,opt_out,1,runnable regex,CUSTOMER_MESSAGE,who (is this|are you|are (y'all|yall)),txt,txt
rule_6a5675ac91f3a896,zapOptOuts.deterministic_js.hard_opt_out.045.beat_it,regex,opt_out,1,runnable regex,CUSTOMER_MESSAGE,wrong (number|person),wrong_number,opt_out
rule_63affe7066bd8bd8,deterministic.indirect.002,regex,opt_out,1,runnable regex,CUSTOMER_MESSAGE,wrong number,wrong_number,opt_out
rule_1b9862be2d513e38,deterministic.indirect.001,regex,opt_out,1,runnable regex,CUSTOMER_MESSAGE,you (don't|dont) have to text me,unsubscribe_phrase,opt_out
rule_bf561ad7735c2fa5,deterministic.indirect.019,regex,opt_out,1,runnable regex,CUSTOMER_MESSAGE,you (have|got) the wrong number,wrong_number,opt_out
rule_0dfcc460fb45b57f,zapOptOuts.deterministic_js.hard_opt_out.011.delete_my_information,regex,opt_out,1,runnable regex,CUSTOMER_MESSAGE,you have the wrong person,wrong_number,opt_out
rule_92896319657689d0,zapOptOuts.deterministic_js.hard_opt_out.036.delete_this_account,regex,opt_out,1,runnable regex,CUSTOMER_MESSAGE,you\s+have\s+the\s+wrong\s+person,wrong_number,opt_out
rule_55e12b3a6a0016fa,delete_my_information,regex,opt_out,1,runnable symbol_set,CUSTOMER_MESSAGE,⛔,stop_emoji,opt_out
rule_f941c9cdf9bf9534,zapOptOuts.workflow.node_4.opt_out.delete_my_information,regex,opt_out,1,runnable symbol_set,CUSTOMER_MESSAGE,✋,stop_emoji,opt_out
rule_9414d3a7621e0c7d,did_not_subscribe,regex,opt_out,1,runnable symbol_set,CUSTOMER_MESSAGE,❌,stop_emoji,opt_out
rule_c448084fad9e07f0,zapOptOuts.workflow.node_4.opt_out.did_not_subscribe,regex,opt_out,1,runnable symbol_set,CUSTOMER_MESSAGE,📴,stop_emoji,opt_out
rule_5abbe03470fee0c8,deterministic.indirect.010,regex,opt_out,1,runnable symbol_set,CUSTOMER_MESSAGE,📵,stop_emoji,opt_out
rule_a8e924cdcb033d62,zapOptOuts.deterministic_js.indirect.010.do_not_call_list,regex,opt_out,1,runnable symbol_set,CUSTOMER_MESSAGE,🔇,stop_emoji,opt_out
rule_24ec43ce41387038,do_not_call,regex,opt_out,1,runnable symbol_set,CUSTOMER_MESSAGE,🔕,stop_emoji,opt_out
rule_90676ab96dadcbcf,zapOptOuts.workflow.node_4.opt_out.do_not_call,regex,opt_out,1,runnable symbol_set,CUSTOMER_MESSAGE,🖕,stop_emoji,opt_out
rule_23efba31de8fdc9a,zapOptOuts.deterministic_js.hard_opt_out.030.don_t_ask_again,regex,opt_out,1,runnable symbol_set,CUSTOMER_MESSAGE,🙅,stop_emoji,opt_out
rule_b7ceb0bfe5eb3ffe,deterministic.hard_opt_out.030,regex,opt_out,1,runnable symbol_set,CUSTOMER_MESSAGE,🚫,stop_emoji,opt_out
rule_1722b814d4484653,zapOptOuts.deterministic_js.hard_opt_out.024.don_t_text_until_you_resolve_my_issue,regex,opt_out,1,runnable symbol_set,CUSTOMER_MESSAGE,🛑,stop_emoji,opt_out
rule_71bda75d8ad6edfc,zapOptOuts.deterministic_js.indirect.021.finished_pause_shush_stfu,regex,opt_out_device_not_working,1,runnable regex,CUSTOMER_MESSAGE,\b(?:this\s+)?(?:phone|number|device)\s+(?:doesn(?:t| t)|does\s+not|cannot|can\s+not|cant)\s+(?:receive|accept|support)\s+(?:texts?|messages?|sms)\b,device_not_working,opt_out
rule_5686c19780f4f239,deterministic.hard_opt_out.039,regex,opt_out_keywords,1,inventory-only; skipped by runner,CUSTOMER_MESSAGE,,remove,
rule_dcf5c0ee0cd11d07,zapOptOuts.deterministic_js.hard_opt_out.039.fu,regex,opt_out_keywords,1,inventory-only; skipped by runner,BRAND_MESSAGE + newline + CUSTOMER_MESSAGE,,keywords,opt_out
rule_8319ee2c480f5894,zapOptOuts.deterministic_js.indirect.023.fuck_off_you,regex,opt_out_keywords,1,inventory-only; skipped by runner,CUSTOMER_MESSAGE,,remove,
rule_8ea49eb5bc0d8a2f,deterministic.indirect.023,regex,opt_out_keywords,1,inventory-only; skipped by runner,CUSTOMER_MESSAGE,,keywords,opt_out
rule_b2e0cd326e1d174d,zapOptOuts.deterministic_js.hard_opt_out.049.fuck_fashion_nova,regex,opt_out_keywords,1,runnable vocabulary,CUSTOMER_MESSAGE,blacklist,keywords,opt_out
rule_cc94d061c9321710,deterministic.hard_opt_out.049,regex,opt_out_keywords,1,runnable vocabulary,CUSTOMER_MESSAGE,block,block,opt_out
rule_6d23f67cb6f2f3dc,deterministic.hard_opt_out.037,regex,opt_out_keywords,1,runnable vocabulary,CUSTOMER_MESSAGE,blocked,block,opt_out
rule_e81d83a3df1aa2da,zapOptOuts.deterministic_js.hard_opt_out.037.fuck_off,regex,opt_out_keywords,1,runnable vocabulary,CUSTOMER_MESSAGE,bye,keywords,opt_out
rule_0ff9a7f176065434,zapOptOuts.deterministic_js.hard_opt_out.038.fuck_you,regex,opt_out_keywords,1,runnable vocabulary,CUSTOMER_MESSAGE,cancel,keywords,opt_out
rule_8f23eab91a5312e4,deterministic.hard_opt_out.038,regex,opt_out_keywords,1,runnable vocabulary,CUSTOMER_MESSAGE,cancelar,keywords,opt_out
rule_0bef12c25d63d0ec,zapOptOuts.deterministic_js.hard_opt_out.040.fuck_yourself,regex,opt_out_keywords,1,runnable vocabulary,CUSTOMER_MESSAGE,cease,keywords,opt_out
rule_6962a3460ff1de1b,deterministic.hard_opt_out.040,regex,opt_out_keywords,1,runnable vocabulary,CUSTOMER_MESSAGE,decline,remove,
rule_14849bb74b313288,deterministic.direct_expanded.002,regex,opt_out_keywords,1,runnable vocabulary,CUSTOMER_MESSAGE,delete,keywords,opt_out
rule_e9d4496c023f8091,zapOptOuts.deterministic_js.direct_expanded.002.go_away,regex,opt_out_keywords,1,runnable vocabulary,CUSTOMER_MESSAGE,deny,remove,
rule_2d70fe3be24e4147,zapOptOuts.deterministic_js.indirect.024.go_fuck_yourself,regex,opt_out_keywords,1,runnable vocabulary,CUSTOMER_MESSAGE,detener,keywords,opt_out
rule_fe79c67011b03d20,deterministic.indirect.024,regex,opt_out_keywords,1,runnable vocabulary,CUSTOMER_MESSAGE,discontinue,keywords,opt_out
rule_04378c2b5f8e50a1,go_away,regex,opt_out_keywords,1,runnable vocabulary,CUSTOMER_MESSAGE,discontinued,keywords,opt_out
rule_f8ccc5ef2e040a8f,zapOptOuts.workflow.node_4.opt_out.go_away,regex,opt_out_keywords,1,runnable vocabulary,CUSTOMER_MESSAGE,disregard,remove,
rule_df51e1f60952094e,zapOptOuts.deterministic_js.hard_opt_out.043.gtfo,regex,opt_out_keywords,1,runnable vocabulary,CUSTOMER_MESSAGE,do not contact,keywords,opt_out
rule_08247607521b3996,harassment,regex,opt_out_keywords,1,runnable vocabulary,CUSTOMER_MESSAGE,done,keywords,opt_out
rule_1377b88e5e0ab0fb,zapOptOuts.workflow.node_4.opt_out.harassment,regex,opt_out_keywords,1,runnable vocabulary,CUSTOMER_MESSAGE,drop,keywords,opt_out
rule_b427745c1c99bbb2,zapOptOuts.deterministic_js.indirect.009.harass_ment_ing,regex,opt_out_keywords,1,runnable vocabulary,CUSTOMER_MESSAGE,end,keywords,opt_out
rule_ebab836d9961c73c,deterministic.indirect.009,regex,opt_out_keywords,1,runnable vocabulary,CUSTOMER_MESSAGE,exit,keywords,opt_out
rule_b0b502127c192a4e,deterministic.hard_opt_out.021,regex,opt_out_keywords,1,runnable vocabulary,CUSTOMER_MESSAGE,junk,keywords,opt_out
rule_ddd8460f7420e373,zapOptOuts.deterministic_js.hard_opt_out.021.how_can_i_stop_receiving_texts_emails_messages,regex,opt_out_keywords,1,runnable vocabulary,CUSTOMER_MESSAGE,leave,keywords,opt_out
rule_413c13dd7ef769f8,deterministic.direct_expanded.015,regex,opt_out_keywords,1,runnable vocabulary,CUSTOMER_MESSAGE,mute,keywords,opt_out
rule_a1ce64fab294fd3a,zapOptOuts.deterministic_js.direct_expanded.015.i_didn_t_didnt_opt_in_sign_up,regex,opt_out_keywords,1,runnable vocabulary,CUSTOMER_MESSAGE,never,keywords,opt_out
rule_34580a4a1594f085,deterministic.hard_opt_out.017,regex,opt_out_keywords,1,runnable vocabulary,CUSTOMER_MESSAGE,off,keywords,opt_out
rule_ff7cffa3a2758630,zapOptOuts.deterministic_js.hard_opt_out.017.i_didn_t_didnt_subscribe,regex,opt_out_keywords,1,runnable vocabulary,CUSTOMER_MESSAGE,opt,keywords,opt_out
rule_ba68ddf2ec042ef4,deterministic.indirect.017,regex,opt_out_keywords,1,runnable vocabulary,CUSTOMER_MESSAGE,opt out,keywords,opt_out
rule_d150f3bf104fcab6,zapOptOuts.deterministic_js.indirect.017.i_don_t_dont_know_you,regex,opt_out_keywords,1,runnable vocabulary,CUSTOMER_MESSAGE,out,keywords,opt_out
rule_dcad5e0af62e3714,zapOptOuts.deterministic_js.direct_expanded.030.i_don_t_dont_need_anything_else_this,regex,opt_out_keywords,1,runnable vocabulary,CUSTOMER_MESSAGE,pause,keywords,opt_out
rule_f2f157bf5a124c63,deterministic.direct_expanded.030,regex,opt_out_keywords,1,runnable vocabulary,CUSTOMER_MESSAGE,quit,keywords,opt_out
rule_3da705701498fe7e,zapOptOuts.deterministic_js.direct_expanded.013.i_don_t_dont_want_anything_from_you_further_communication,regex,opt_out_keywords,1,runnable vocabulary,CUSTOMER_MESSAGE,refuse,remove,
rule_59d38c4a7b5098b5,deterministic.direct_expanded.013,regex,opt_out_keywords,1,runnable vocabulary,CUSTOMER_MESSAGE,remove,keywords,opt_out
rule_789e172f644c34ab,deterministic.direct_expanded.009,regex,opt_out_keywords,1,runnable vocabulary,CUSTOMER_MESSAGE,revoke,keywords,opt_out
rule_a8b1d9fa42348f1c,zapOptOuts.deterministic_js.direct_expanded.009.i_don_t_dont_want_texts_text_messages_messages,regex,opt_out_keywords,1,runnable vocabulary,CUSTOMER_MESSAGE,shush,keywords,opt_out
rule_29405b874bbe29cd,deterministic.direct_expanded.010,regex,opt_out_keywords,1,runnable vocabulary,CUSTOMER_MESSAGE,stop,keywords,opt_out
rule_8426358213493cdf,zapOptOuts.deterministic_js.direct_expanded.010.i_don_t_dont_want_to_receive_messages_texts,regex,opt_out_keywords,1,runnable vocabulary,CUSTOMER_MESSAGE,stopped,keywords,opt_out
rule_4c63b63c6e5b331e,deterministic.hard_opt_out.026,regex,opt_out_keywords,1,runnable vocabulary,CUSTOMER_MESSAGE,terminate,keywords,opt_out
rule_6754a39228fc52cf,zapOptOuts.deterministic_js.hard_opt_out.026.i_don_t_want_to_be_here,regex,opt_out_keywords,1,runnable vocabulary,CUSTOMER_MESSAGE,unenroll,keywords,opt_out
rule_84cd22c4776d10ec,deterministic.hard_opt_out.025,regex,opt_out_keywords,1,runnable vocabulary,CUSTOMER_MESSAGE,unfollow,keywords,opt_out
rule_d6a6797e08c112d0,zapOptOuts.deterministic_js.hard_opt_out.025.i_don_t_want_to_hear_from_you,regex,opt_out_keywords,1,runnable vocabulary,CUSTOMER_MESSAGE,unsub,keywords,opt_out
rule_5eab45953b4b1f32,deterministic.direct_expanded.014,regex,opt_out_keywords,1,runnable vocabulary,CUSTOMER_MESSAGE,unsubcribed,keywords,opt_out
rule_a0dfba76f6b1b735,zapOptOuts.deterministic_js.direct_expanded.014.i_never_opted_in_signed_up_subscribed,regex,opt_out_keywords,1,runnable vocabulary,CUSTOMER_MESSAGE,unsubscribe,keywords,opt_out
rule_162a95b3df94eaec,deterministic.direct_expanded.011,regex,opt_out_keywords,1,runnable vocabulary,CUSTOMER_MESSAGE,unsubscribing,keywords,opt_out
rule_19403beffea91c12,zapOptOuts.deterministic_js.direct_expanded.011.i_no_longer_want_to_receive_messages_texts,regex,opt_out_keywords,1,runnable vocabulary,CUSTOMER_MESSAGE,withdraw,remove,
rule_07fb651b84ba0b6f,deterministic.indirect.004,regex,opt_out_pattern_signal,,runnable vocabulary,CUSTOMER_MESSAGE,cannot,remove,
rule_f56ce149d8c5826a,zapOptOuts.deterministic_js.hard_opt_out.033.i_m_blocking_you,regex,opt_out_pattern_signal,,runnable vocabulary,CUSTOMER_MESSAGE,do not,remove,
rule_55c3cf844326fe2f,deterministic.hard_opt_out.041,regex,opt_out_pattern_signal,,runnable vocabulary,CUSTOMER_MESSAGE,sue,legal,opt_out
rule_82cea9cb08bd7f8e,zapOptOuts.deterministic_js.hard_opt_out.041.i_m_reporting_you_to_the_bbb,regex,opt_out_pattern_signal,,runnable vocabulary,CUSTOMER_MESSAGE,take me off,unsubscribe_phrase,opt_out
rule_0b246aac99963900,deterministic.hard_opt_out.047,regex,opt_out_signal,,runnable vocabulary,CUSTOMER_MESSAGE,dont,remove,
rule_b6c8597854995d4a,zapOptOuts.deterministic_js.hard_opt_out.047.leave_me_alone,regex,opt_out_signal,,runnable vocabulary,CUSTOMER_MESSAGE,dont,remove,
rule_c368987363958a31,zapOptOuts.workflow.node_4.opt_out.leave_me_alone,regex,opt_out_signal,,runnable vocabulary,CUSTOMER_MESSAGE,opt out,keywords,opt_out
rule_638a8a0d3303747c,no_more_communications,regex,other_opt_out,1,runnable literal_phrase,CUSTOMER_MESSAGE,i dont do not want,not_interested,fuzzy_opt_out
rule_19616a3bf7ab63b5,no_need_to_text_me,regex,other_opt_out,1,runnable literal_phrase,CUSTOMER_MESSAGE,stoop,keywords,opt_out
rule_94e000fea9fecf2f,zapOptOuts.workflow.node_4.opt_out.no_need_to_text_me,regex,other_opt_out,1,runnable literal_phrase,CUSTOMER_MESSAGE,stopp,keywords,opt_out
rule_02440b628c10eb18,no_thanks_stop,regex,other_opt_out,1,runnable literal_phrase,CUSTOMER_MESSAGE,stoppp,keywords,opt_out
rule_f0961de790e9a443,zapOptOuts.workflow.node_4.opt_out.no_thanks_stop,regex,other_opt_out,1,runnable literal_phrase,CUSTOMER_MESSAGE,stopppp,keywords,opt_out
rule_6ad0c5ca63cc9d62,zapOptOuts.deterministic_js.hard_opt_out.015.not_accepting_messages_texts_emails,regex,other_opt_out,1,runnable literal_phrase,CUSTOMER_MESSAGE,s,keywords,opt_out
rule_9b043f92b8d02918,deterministic.hard_opt_out.015,regex,other_opt_out,1,runnable literal_phrase,CUSTOMER_MESSAGE,alto,keywords,opt_out
rule_1fc84bcaffc4ee00,not_accepting_messages,regex,other_opt_out,1,runnable literal_phrase,CUSTOMER_MESSAGE,annoy,annoy,tmt
rule_2e1966ba6f92b153,zapOptOuts.workflow.node_4.opt_out.not_accepting_messages,regex,other_opt_out,1,runnable literal_phrase,CUSTOMER_MESSAGE,anymore,remove,
rule_4c317d3b7687e468,zapOptOuts.deterministic_js.hard_opt_out.023.once_i_get_my_order_i_m_going_to_block_you,regex,other_opt_out,1,runnable literal_phrase,CUSTOMER_MESSAGE,attorn,legal,opt_out
rule_90a68df757365c3f,deterministic.hard_opt_out.023,regex,other_opt_out,1,runnable literal_phrase,CUSTOMER_MESSAGE,basta,keywords,opt_out
rule_26cc75d8805d262e,zapOptOuts.deterministic_js.direct_expanded.019.please_remove,regex,other_opt_out,1,runnable literal_phrase,CUSTOMER_MESSAGE,bother,annoy,tmt
rule_30b0a5c698753120,deterministic.direct_expanded.019,regex,other_opt_out,1,runnable literal_phrase,CUSTOMER_MESSAGE,bring file a suit,keywords,opt_out
rule_4f78a156c5047cc9,deterministic.direct_expanded.007,regex,other_opt_out,1,runnable literal_phrase,CUSTOMER_MESSAGE,bring file suit,keywords,opt_out
rule_a137f5534a954dab,zapOptOuts.deterministic_js.direct_expanded.007.quit_texting_me_contacting_me,regex,other_opt_out,1,runnable literal_phrase,CUSTOMER_MESSAGE,cancel,keywords,opt_out
rule_1dd21048c4dbe501,zapOptOuts.deterministic_js.direct_expanded.008.quit_sending_messages_this_text_texts_me_texts,regex,other_opt_out,1,runnable literal_phrase,CUSTOMER_MESSAGE,complain,remove,
rule_455e73c52aab190e,deterministic.direct_expanded.008,regex,other_opt_out,1,runnable literal_phrase,CUSTOMER_MESSAGE,dare,remove,
rule_6d5d47b000c20c83,quit_texting,regex,other_opt_out,1,runnable literal_phrase,CUSTOMER_MESSAGE,de baja,keywords,opt_out
rule_bcec7caeb10750c0,zapOptOuts.workflow.node_4.opt_out.quit_texting,regex,other_opt_out,1,runnable literal_phrase,CUSTOMER_MESSAGE,descontin,keywords,opt_out
rule_9b419b3d75b5cf9f,zapOptOuts.deterministic_js.hard_opt_out.012.remove_my_number,regex,other_opt_out,1,runnable literal_phrase,CUSTOMER_MESSAGE,discontinu,keywords,opt_out
rule_e9f0ecbb281c4d88,deterministic.hard_opt_out.012,regex,other_opt_out,1,runnable literal_phrase,CUSTOMER_MESSAGE,dont do not dont donot,remove,
rule_33ad3b1bc25b65ab,zapOptOuts.workflow.node_4.opt_out.remove_my_number,regex,other_opt_out,1,runnable literal_phrase,CUSTOMER_MESSAGE,dont do not dont donot text send contact message bother talk call write call or text me any more anymore again,remove,
rule_a2bcd14a1fb614ca,remove_my_number,regex,other_opt_out,1,runnable literal_phrase,CUSTOMER_MESSAGE,end any all communication communications texts text messages messages,remove,
rule_4f244313e8677631,reported_as_spam,regex,other_opt_out,1,runnable literal_phrase,CUSTOMER_MESSAGE,end communication communications texts text messages messages this contact contacting,remove,
rule_9d53c4b9976aa63c,zapOptOuts.workflow.node_4.opt_out.reported_as_spam,regex,other_opt_out,1,runnable literal_phrase,CUSTOMER_MESSAGE,ending,remove,
rule_a9e4885866a80634,deterministic.indirect.007,regex,other_opt_out,1,runnable literal_phrase,CUSTOMER_MESSAGE,endless,remove,
rule_e48041932d7f9e01,zapOptOuts.deterministic_js.indirect.007.report_ed_as_spam,regex,other_opt_out,1,runnable literal_phrase,CUSTOMER_MESSAGE,ends,remove,
rule_55d69eabd731a280,zapOptOuts.deterministic_js.indirect.006.report_ed,regex,other_opt_out,1,runnable literal_phrase,CUSTOMER_MESSAGE,fcc,remove,
rule_fb1ddb5e1670f6ed,deterministic.indirect.006,regex,other_opt_out,1,runnable literal_phrase,CUSTOMER_MESSAGE,federal communications commission,remove,
rule_6ab83d82398dee31,deterministic.hard_opt_out.044,regex,other_opt_out,1,runnable literal_phrase,CUSTOMER_MESSAGE,florida telephone solicitation act,remove,
rule_e1655a605f9f79ce,zapOptOuts.deterministic_js.hard_opt_out.044.shut_up,regex,other_opt_out,1,runnable literal_phrase,CUSTOMER_MESSAGE,fraud,remove,
rule_94eaeff1344ede41,deterministic.indirect.022,regex,other_opt_out,1,runnable literal_phrase,CUSTOMER_MESSAGE,ftsa,remove,
rule_d9aee2b59201b866,deterministic.indirect.008,regex,other_opt_out,1,runnable literal_phrase,CUSTOMER_MESSAGE,fuck off you,remove,
rule_732ea7134e7a22f6,deterministic.hard_opt_out.046,regex,other_opt_out,1,runnable literal_phrase,CUSTOMER_MESSAGE,harass,remove,
rule_a66092e0232b7e96,zapOptOuts.deterministic_js.hard_opt_out.046.stfu,regex,other_opt_out,1,runnable literal_phrase,CUSTOMER_MESSAGE,lawl,remove,
rule_2f765089d8460aa5,zapOptOuts.deterministic_js.direct_expanded.003.stop_bothering_harassing_spamming_me,regex,other_opt_out,1,runnable literal_phrase,CUSTOMER_MESSAGE,laws,remove,
rule_eca323bdacb0d395,deterministic.direct_expanded.003,regex,other_opt_out,1,runnable literal_phrase,CUSTOMER_MESSAGE,litigat,remove,
rule_7cafd769d7e36469,deterministic.hard_opt_out.002,regex,other_opt_out,1,runnable literal_phrase,CUSTOMER_MESSAGE,no longer,remove,
rule_8de37b75578fcb9c,zapOptOuts.deterministic_js.hard_opt_out.002.stop_calling_contacting_messaging_emailing_me,regex,other_opt_out,1,runnable literal_phrase,CUSTOMER_MESSAGE,opt,remove,
rule_edfdfe59fbe70426,deterministic.hard_opt_out.004,regex,other_opt_out,1,runnable literal_phrase,CUSTOMER_MESSAGE,opted out,remove,
rule_d5ad3372d597aba0,zapOptOuts.deterministic_js.hard_opt_out.003.stop_texting_emailing_messaging_me_me_now_this_number_this_email,regex,other_opt_out,1,runnable literal_phrase,CUSTOMER_MESSAGE,optin,remove,
rule_de7324385e80487d,deterministic.hard_opt_out.003,regex,other_opt_out,1,runnable literal_phrase,CUSTOMER_MESSAGE,optou,remove,
rule_0d2e908153b65dd6,zapOptOuts.deterministic_js.direct_expanded.005.stop_the_spam,regex,other_opt_out,1,runnable literal_phrase,CUSTOMER_MESSAGE,opts,remove,
rule_fef6adaf4486928d,deterministic.direct_expanded.005,regex,other_opt_out,1,runnable literal_phrase,CUSTOMER_MESSAGE,pare,remove,
rule_29e127717199a426,deterministic.direct_expanded.006,regex,other_opt_out,1,runnable literal_phrase,CUSTOMER_MESSAGE,please kindly end,remove,
rule_530cc602cdb74a01,zapOptOuts.deterministic_js.direct_expanded.006.stop_with_the_these_texts_messages,regex,other_opt_out,1,runnable literal_phrase,CUSTOMER_MESSAGE,quit,remove,
rule_a44c679167060064,stop_bothering_harassing_spamming,regex,other_opt_out,1,runnable literal_phrase,CUSTOMER_MESSAGE,remeuva,remove,
rule_a5e22ac957cb4404,zapOptOuts.workflow.node_4.opt_out.stop_bothering_harassing_spamming,regex,other_opt_out,1,runnable literal_phrase,CUSTOMER_MESSAGE,report you,remove,
rule_4a336478aa6cf8a4,zapOptOuts.workflow.node_4.opt_out.stop_calling_contacting,regex,other_opt_out,1,runnable literal_phrase,CUSTOMER_MESSAGE,report,remove,
rule_591c07c9adc4f2d4,stop_spam,regex,other_opt_out,1,runnable literal_phrase,CUSTOMER_MESSAGE,s t o p,remove,
rule_5e2758bd5d57e2d9,zapOptOuts.workflow.node_4.opt_out.stop_spam,regex,other_opt_out,1,runnable literal_phrase,CUSTOMER_MESSAGE,scam,remove,
rule_db2e52a1116f0a2e,deterministic.indirect.011,regex,other_opt_out,1,runnable literal_phrase,CUSTOMER_MESSAGE,sstop,remove,
rule_e9bc789ec1b52ceb,zapOptOuts.deterministic_js.indirect.011.sue_lawsuit_legal_action_attorney_lawyer_complaint,regex,other_opt_out,1,runnable literal_phrase,CUSTOMER_MESSAGE,sto,remove,
rule_58139bb7f75186ff,deterministic.hard_opt_out.007,regex,other_opt_out,1,runnable literal_phrase,CUSTOMER_MESSAGE,sto p,remove,
rule_a4c87d20232b1f9b,zapOptOuts.deterministic_js.hard_opt_out.007.take_me_off_the_list_your_list_this_list,regex,other_opt_out,1,runnable literal_phrase,CUSTOMER_MESSAGE,stoo,remove,
rule_fd0e25ebdcdeae2b,take_me_off_list,regex,other_opt_out,1,runnable literal_phrase,CUSTOMER_MESSAGE,stop typo variants,remove,
rule_12ab397d65658001,zapOptOuts.deterministic_js.hard_opt_out.018.this_is_a_kosher_talk_only_device_and_does_not_accept_text_messages,regex,other_opt_out,1,runnable literal_phrase,CUSTOMER_MESSAGE,stop2cancel,remove,
rule_14920b90b44bbeaf,deterministic.hard_opt_out.018,regex,other_opt_out,1,runnable literal_phrase,CUSTOMER_MESSAGE,stop2quit,remove,
rule_64d1037b2510e0eb,zapOptOuts.deterministic_js.hard_opt_out.054.this_is_an_automatic_message_this_is_a_kosher_talk_only_device_and_doe,regex,other_opt_out,1,runnable literal_phrase,CUSTOMER_MESSAGE,stop2stop,remove,
rule_8df7611e18bb91b1,deterministic.hard_opt_out.054,regex,other_opt_out,1,runnable literal_phrase,CUSTOMER_MESSAGE,stop2unsubscribe,remove,
rule_50c3382daa5d9ab0,zapOptOuts.deterministic_js.hard_opt_out.019.this_phone_can_not_receive_sms_mms_messages,regex,other_opt_out,1,runnable literal_phrase,CUSTOMER_MESSAGE,stopannul,remove,
rule_a2ec2d94681619ce,deterministic.hard_opt_out.019,regex,other_opt_out,1,runnable literal_phrase,CUSTOMER_MESSAGE,stpo,remove,
rule_a0382ebc0479b6d1,zapOptOuts.deterministic_js.hard_opt_out.053.this_phone_does_not_accept_text_messages_please_call_instead_this_is_a,regex,other_opt_out,1,runnable literal_phrase,CUSTOMER_MESSAGE,suing,remove,
rule_c0bf702cab1a2451,deterministic.hard_opt_out.014,regex,other_opt_out,1,runnable literal_phrase,CUSTOMER_MESSAGE,tcpa,remove,
rule_437fcec1b06d2f70,number_no_longer_in_service,regex,other_opt_out,1,runnable literal_phrase,CUSTOMER_MESSAGE,telephone consumer protection act,remove,
rule_952984137b46631a,zapOptOuts.workflow.node_4.opt_out.number_no_longer_in_service,regex,other_opt_out,1,runnable literal_phrase,CUSTOMER_MESSAGE,terminat,remove,
rule_8fb76a987d4504da,deterministic.indirect.018,regex,other_opt_out,1,runnable literal_phrase,CUSTOMER_MESSAGE,unlaw,remove,
rule_1b3dae7421566fe4,deterministic.hard_opt_out.006,regex,other_opt_out,1,runnable literal_phrase,CUSTOMER_MESSAGE,unsolicited,remove,
rule_e23c2efe27a56fce,zapOptOuts.deterministic_js.hard_opt_out.006.unsubscribe_me_my_number_my_email,regex,other_opt_out,1,runnable literal_phrase,CUSTOMER_MESSAGE,violat,remove,
rule_98e497bd81ef4084,deterministic.hard_opt_out.005,regex,other_opt_out,1,runnable literal_phrase,CUSTOMER_MESSAGE,,remove,
rule_c22822d09a336258,zapOptOuts.deterministic_js.hard_opt_out.005.unsubscribe_me,regex,other_opt_out,1,runnable literal_phrase,CUSTOMER_MESSAGE,,remove,
rule_40c5e241f731bbe9,unsubscribe,regex,other_opt_out,1,runnable literal_phrase,CUSTOMER_MESSAGE,,remove,
rule_87fdb36bc581a89a,zapOptOuts.workflow.node_4.opt_out.unsubscribe,regex,other_opt_out,1,runnable regex,CUSTOMER_MESSAGE,\bdare\b,remove,
rule_428fac66e76f039a,zapOptOuts.deterministic_js.direct_expanded.028.unsubsidized_me,regex,other_opt_out,1,runnable regex,CUSTOMER_MESSAGE,\bpare\b,remove,
rule_983b0c5b22a95f3a,zapOptOuts.deterministic_js.direct_expanded.021.we_are_not_interested,regex,other_opt_out,,runnable regex,CUSTOMER_MESSAGE,i do not,remove,
rule_afee481f47f23551,zapOptOuts.deterministic_js.indirect.013.wrong_number_person,regex,patterns,,runnable regex,CUSTOMER_MESSAGE,stop sending,unsubscribe_phrase,opt_out
rule_7a4a2321b41bcb50,zapOptOuts.deterministic_js.hard_opt_out.013.wrong_number,regex,patterns,,runnable regex,CUSTOMER_MESSAGE,stop sending me,unsubscribe_phrase,opt_out
rule_e1c0c2f3133cbbde,deterministic.hard_opt_out.013,regex,patterns,,runnable regex,CUSTOMER_MESSAGE,stop texting,unsubscribe_phrase,opt_out
rule_2580839d654f9cc1,deterministic.direct_expanded.024,regex,patterns,,runnable regex,CUSTOMER_MESSAGE,stop texting me,unsubscribe_phrase,opt_out
rule_2fa196a716e8b7d4,zapOptOuts.deterministic_js.indirect.015.you_have_got_the_wrong_number,regex,phrases,1,inventory-only; skipped by runner,CUSTOMER_MESSAGE,,unsubscribe_phrase,opt_out
rule_3fdc93e1b31c2475,deterministic.indirect.015,regex,phrases,1,runnable literal_phrase,CUSTOMER_MESSAGE,bro stop,unsubscribe_phrase,opt_out
rule_0c88eceab2a42ae2,deterministic.hard_opt_out.016,regex,phrases,1,runnable literal_phrase,CUSTOMER_MESSAGE,can you stop texting me,unsubscribe_phrase,opt_out
rule_f420c41723c28d2d,zapOptOuts.deterministic_js.hard_opt_out.016.you_have_the_wrong_person,regex,phrases,1,runnable literal_phrase,CUSTOMER_MESSAGE,do not text,unsubscribe_phrase,opt_out
rule_aa8979c9cb4f215d,zapOptOuts.workflow.node_4.opt_out.wrong_person,regex,phrases,1,runnable literal_phrase,CUSTOMER_MESSAGE,do not text me,unsubscribe_phrase,opt_out
rule_bc59e633a645867f,wrong_person,regex,phrases,1,runnable literal_phrase,CUSTOMER_MESSAGE,don t text,unsubscribe_phrase,opt_out
rule_f0e74f42f8079aa9,autoQAMessages.labels.supplemental.opt_out_device_not_working.001.this_phone_number_device_doesn_t_t_does_not_cannot_can_not_cant_receiv,regex,phrases,1,runnable literal_phrase,CUSTOMER_MESSAGE,don t text me,unsubscribe_phrase,opt_out
rule_4e7e34072ff059e5,optOutClassifier.validator.curated.016.other_opt_out,regex,phrases,1,runnable literal_phrase,CUSTOMER_MESSAGE,don t want your promo,unsubscribe_phrase,opt_out
rule_77ea398ad7be108f,optOutClassifier.validator.curated.061.other_opt_out,regex,phrases,1,runnable literal_phrase,CUSTOMER_MESSAGE,get out,unsubscribe_phrase,opt_out
rule_1f4a7f3c1936a9a4,optOutClassifier.json.patterns.70,regex,phrases,1,runnable literal_phrase,CUSTOMER_MESSAGE,how do i unsubscribe,unsubscribe_phrase,opt_out
rule_cd834dcc8ac7a565,optOutClassifier.json.patterns.5,regex,phrases,1,runnable literal_phrase,CUSTOMER_MESSAGE,i m done,unsubscribe_phrase,opt_out
rule_0804ef91635a13ac,optOutClassifier.json.patterns.0,regex,phrases,1,runnable literal_phrase,CUSTOMER_MESSAGE,i stop,unsubscribe_phrase,opt_out
rule_466440c05026ffcd,optOutClassifier.json.patterns.3,regex,phrases,1,runnable literal_phrase,CUSTOMER_MESSAGE,i want to unsubscribe,unsubscribe_phrase,opt_out
rule_5eb1366d7fde01a7,optOutClassifier.json.patterns.4,regex,phrases,1,runnable literal_phrase,CUSTOMER_MESSAGE,maya stop,remove,
rule_60c3b4d7c5fc6ee2,optOutClassifier.json.patterns.5,regex,phrases,1,runnable literal_phrase,CUSTOMER_MESSAGE,no more,unsubscribe_phrase,opt_out
rule_98d88d132ef56f0f,optOutClassifier.json.patterns.1,regex,phrases,1,runnable literal_phrase,CUSTOMER_MESSAGE,no more texts,unsubscribe_phrase,opt_out
rule_e816271a3e0c95d1,optOutClassifier.json.patterns.2,regex,phrases,1,runnable literal_phrase,CUSTOMER_MESSAGE,no texts,unsubscribe_phrase,opt_out
rule_828ef11e9caf511a,autoQAMessages.json_array.direct_opt_out.code_with_stop_patterns.001.w_d_w_stop_stop_w_d_w_w_d_w_stop,regex,phrases,1,runnable literal_phrase,CUSTOMER_MESSAGE,please remove me,unsubscribe_phrase,opt_out
rule_4daf1fa5e367112d,autoQAMessages.labels.supplemental.phrases.003.please_remove_take_my_number_off_from_your_distribution_mailing_text_s,regex,phrases,1,runnable literal_phrase,CUSTOMER_MESSAGE,please remove me from this list,unsubscribe_phrase,opt_out
rule_9b899e453e806196,autoQAMessages.labels.supplemental.phrases.005.please_don_t_t_inundate_me_with_texts_messages_sms,regex,phrases,1,runnable literal_phrase,CUSTOMER_MESSAGE,please remove me from your list,unsubscribe_phrase,opt_out
rule_d1862da45b22462f,autoQAMessages.labels.supplemental.phrases.002.please_take_my_number_off_your_distribution_mailing_text_sms_list,regex,phrases,1,runnable literal_phrase,CUSTOMER_MESSAGE,please remove me from your mailing list,unsubscribe_phrase,opt_out
rule_55013d49a8cc3a19,autoQAMessages.labels.supplemental.phrases.006.can_you_not_message_me_n,regex,phrases,1,runnable literal_phrase,CUSTOMER_MESSAGE,please remove me from your text list,unsubscribe_phrase,opt_out
rule_3a0b42e2733a714c,autoQAMessages.labels.supplemental.phrases.007.delete_this_conversation_thread_chat_n,regex,phrases,1,runnable literal_phrase,CUSTOMER_MESSAGE,please stop,unsubscribe_phrase,opt_out
rule_3b10e30fcc227a08,autoQAMessages.labels.supplemental.phrases.012.doesn_t_t_let_me_check_out_so_i_quit,regex,phrases,1,runnable literal_phrase,CUSTOMER_MESSAGE,please stop messaging me,unsubscribe_phrase,opt_out
rule_18898a33a6a59ce3,autoQAMessages.labels.supplemental.phrases.008.don_t_t_email_me_again,regex,phrases,1,runnable literal_phrase,CUSTOMER_MESSAGE,please stop sending me messages,unsubscribe_phrase,opt_out
rule_8f694afdadacc39d,autoQAMessages.labels.supplemental.phrases.004.i_don_t_t_want_any_more_mail_texts_messages_sms,regex,phrases,1,runnable literal_phrase,CUSTOMER_MESSAGE,please stop sending me texts,unsubscribe_phrase,opt_out
rule_ebc63fa1020714dc,autoQAMessages.labels.supplemental.phrases.013.no_quit_wasting_my_time,regex,phrases,1,runnable literal_phrase,CUSTOMER_MESSAGE,please stop sending texts,unsubscribe_phrase,opt_out
rule_23af1dfcaef53d46,autoQAMessages.labels.supplemental.phrases.009.please_reduce_the_frequency,regex,phrases,1,runnable literal_phrase,CUSTOMER_MESSAGE,please stop texting,unsubscribe_phrase,opt_out
rule_a460767bb19bd198,autoQAMessages.labels.supplemental.phrases.014.quit_wasting_my_time,regex,phrases,1,runnable literal_phrase,CUSTOMER_MESSAGE,please stop texting me,unsubscribe_phrase,opt_out
rule_016873ac77ab8487,autoQAMessages.labels.supplemental.phrases.001.stop_sorry,regex,phrases,1,runnable literal_phrase,CUSTOMER_MESSAGE,please stop texts,unsubscribe_phrase,opt_out
rule_495a3edf315d2f8b,autoQAMessages.labels.supplemental.phrases.011.stop_upselling_me,regex,phrases,1,runnable literal_phrase,CUSTOMER_MESSAGE,please take me off your list,unsubscribe_phrase,opt_out
rule_5226fc8db190eb43,autoQAMessages.labels.supplemental.phrases.010.stop_using_a_bot,regex,phrases,1,runnable literal_phrase,CUSTOMER_MESSAGE,please take me off your text list,unsubscribe_phrase,opt_out
rule_03af4f5b766482c8,optOutClassifier.json.patterns.66,regex,phrases,1,runnable literal_phrase,CUSTOMER_MESSAGE,please unsubscribe,unsubscribe_phrase,opt_out
rule_7719473499c0dc45,optOutClassifier.validator.curated.033.profanity,regex,phrases,1,runnable literal_phrase,CUSTOMER_MESSAGE,please unsubscribe me,unsubscribe_phrase,opt_out
rule_5808eed1e771eb08,optOutClassifier.validator.curated.035.profanity,regex,phrases,1,runnable literal_phrase,CUSTOMER_MESSAGE,please unsubscribe me thank you,unsubscribe_phrase,opt_out
rule_a3e515fae726a3b3,optOutClassifier.json.patterns.60,regex,phrases,1,runnable literal_phrase,CUSTOMER_MESSAGE,pls stop,unsubscribe_phrase,opt_out
rule_0a91323f6781c2c0,optOutClassifier.json.patterns.51,regex,phrases,1,runnable literal_phrase,CUSTOMER_MESSAGE,quit texting me,unsubscribe_phrase,opt_out
rule_ff22d5c4874bdb9c,optOutClassifier.validator.curated.034.profanity,regex,phrases,1,runnable literal_phrase,CUSTOMER_MESSAGE,remove from list,unsubscribe_phrase,opt_out
rule_c0370adf59e4e383,optOutClassifier.json.patterns.19,regex,phrases,1,runnable literal_phrase,CUSTOMER_MESSAGE,remove me from your list,unsubscribe_phrase,opt_out
rule_261b2359ccfbe8f1,optOutClassifier.validator.curated.071.profanity,regex,phrases,1,runnable literal_phrase,CUSTOMER_MESSAGE,stop all,unsubscribe_phrase,opt_out
rule_2717ef40a310f1ce,optOutClassifier.json.patterns.21,regex,phrases,1,runnable literal_phrase,CUSTOMER_MESSAGE,stop it,unsubscribe_phrase,opt_out
rule_c61e7510bb3515ad,opt_outs_ml.regex_rules.020.random,regex,phrases,1,runnable literal_phrase,CUSTOMER_MESSAGE,stop messages,unsubscribe_phrase,opt_out
rule_f8de6460b45d5a58,opt_outs_ml.regex_rules.010.random,regex,phrases,1,runnable literal_phrase,CUSTOMER_MESSAGE,stop messaging,unsubscribe_phrase,opt_out
rule_3cbed84a0a7111a4,opt_outs_ml.regex_rules.109.random,regex,phrases,1,runnable literal_phrase,CUSTOMER_MESSAGE,stop messaging me,unsubscribe_phrase,opt_out
rule_37203bdbd3fbb0b2,opt_outs_ml.regex_rules.018.random,regex,phrases,1,runnable literal_phrase,CUSTOMER_MESSAGE,stop now,unsubscribe_phrase,opt_out
rule_65e0b6db9218f6dd,opt_outs_ml.regex_rules.011.random,regex,phrases,1,runnable literal_phrase,CUSTOMER_MESSAGE,stop please,unsubscribe_phrase,opt_out
rule_bbcc672b6eefd763,opt_outs_ml.regex_rules.015.random,regex,phrases,1,runnable literal_phrase,CUSTOMER_MESSAGE,stop pls,unsubscribe_phrase,opt_out
rule_8556b4efa88e3725,opt_outs_ml.regex_rules.014.random,regex,phrases,1,runnable literal_phrase,CUSTOMER_MESSAGE,stop sending me messages,unsubscribe_phrase,opt_out
rule_926dd5f42a30c361,opt_outs_ml.regex_rules.017.random,regex,phrases,1,runnable literal_phrase,CUSTOMER_MESSAGE,stop sending me stuff,unsubscribe_phrase,opt_out
rule_575e274a95cf8ee3,opt_outs_ml.regex_rules.012.random,regex,phrases,1,runnable literal_phrase,CUSTOMER_MESSAGE,stop sending me text,unsubscribe_phrase,opt_out
rule_61d7cb5e4ee5df36,opt_outs_ml.regex_rules.019.random,regex,phrases,1,runnable literal_phrase,CUSTOMER_MESSAGE,stop sending me texts,unsubscribe_phrase,opt_out
rule_d050d9d2e8a45584,opt_outs_ml.regex_rules.013.random,regex,phrases,1,runnable literal_phrase,CUSTOMER_MESSAGE,stop sending messages,unsubscribe_phrase,opt_out
rule_37b5dc0ba75d0492,opt_outs_ml.regex_rules.097.random,regex,phrases,1,runnable literal_phrase,CUSTOMER_MESSAGE,stop sending text,unsubscribe_phrase,opt_out
rule_c5f8bf957ac43816,opt_outs_ml.regex_rules.022.random,regex,phrases,1,runnable literal_phrase,CUSTOMER_MESSAGE,stop sending texts,unsubscribe_phrase,opt_out
rule_b5c80261e33ce980,opt_outs_ml.regex_rules.090.random,regex,phrases,1,runnable literal_phrase,CUSTOMER_MESSAGE,stop stop,unsubscribe_phrase,opt_out
rule_c9cba3fa739d8ed7,optOutClassifier.validator.required.094.bring_file_a_suit,regex,phrases,1,runnable literal_phrase,CUSTOMER_MESSAGE,stop stop stop,unsubscribe_phrase,opt_out
rule_fc7bef6f7722feb7,optOutClassifier.validator.required.095.bring_file_suit,regex,phrases,1,runnable literal_phrase,CUSTOMER_MESSAGE,stop text,unsubscribe_phrase,opt_out
rule_c50814d06509a214,optOutClassifier.validator.required.003.don_t_don_t_do_not_dont_donot,regex,phrases,1,runnable literal_phrase,CUSTOMER_MESSAGE,stop text messages,unsubscribe_phrase,opt_out
rule_bf7122e55cde3a93,optOutClassifier.validator.required.045.never_send_text_contact_message_bother_talk,regex,phrases,1,runnable literal_phrase,CUSTOMER_MESSAGE,stop texting me please,unsubscribe_phrase,opt_out
rule_be32f02acb852ec7,optOutClassifier.validator.required.025.please_kindly_end,regex,phrases,1,runnable literal_phrase,CUSTOMER_MESSAGE,stop texting please,unsubscribe_phrase,opt_out
rule_51b43e294d38540e,optOutClassifier.validator.required.005.s_a_d_top,regex,phrases,1,runnable literal_phrase,CUSTOMER_MESSAGE,stop texting this number,unsubscribe_phrase,opt_out
rule_30101e562dec2348,optOutClassifier.validator.required.011.bbb,regex,phrases,1,runnable literal_phrase,CUSTOMER_MESSAGE,stop texts,unsubscribe_phrase,opt_out
rule_a5f8a4810328d33d,optOutClassifier.validator.required.006.dnc,regex,phrases,1,runnable literal_phrase,CUSTOMER_MESSAGE,stop texts please,unsubscribe_phrase,opt_out
rule_086fc432c85f3255,optOutClassifier.validator.required.007.i_don_t_do_not_want,regex,phrases,1,runnable literal_phrase,CUSTOMER_MESSAGE,stop to cancel,unsubscribe_phrase,opt_out
rule_8b3716bc47dd2fd0,optOutClassifier.validator.required.130.stop,regex,phrases,1,runnable literal_phrase,CUSTOMER_MESSAGE,stop to end,unsubscribe_phrase,opt_out
rule_94e785ce6db3fb92,optOutClassifier.validator.required.079.stoop,regex,phrases,1,runnable literal_phrase,CUSTOMER_MESSAGE,stop to opt out,unsubscribe_phrase,opt_out
rule_f35bf4c7b3679d54,optOutClassifier.validator.required.080.stopp,regex,phrases,1,runnable literal_phrase,CUSTOMER_MESSAGE,stop to stop,unsubscribe_phrase,opt_out
rule_1a4cbe59037cc661,optOutClassifier.validator.required.081.stoppp,regex,phrases,1,runnable literal_phrase,CUSTOMER_MESSAGE,stop unsubscribe,unsubscribe_phrase,opt_out
rule_cb5ec6defde53b6a,optOutClassifier.validator.required.082.stopppp,regex,phrases,1,runnable literal_phrase,CUSTOMER_MESSAGE,stop2end,unsubscribe_phrase,opt_out
rule_cc5c975613081ae2,optOutClassifier.validator.required.118.s,regex,phrases,1,runnable literal_phrase,CUSTOMER_MESSAGE,take me off your list,unsubscribe_phrase,opt_out
rule_567aa2beb13bfdfb,optOutClassifier.validator.required.008.alto,regex,phrases,1,runnable literal_phrase,CUSTOMER_MESSAGE,unsubscribe me,unsubscribe_phrase,opt_out
rule_05119d5676e001fe,optOutClassifier.validator.required.052.annoy_w,regex,phrases,1,runnable literal_phrase,CUSTOMER_MESSAGE,unsubscribe me please,unsubscribe_phrase,opt_out
rule_4e99adfcd9c9ee86,optOutClassifier.validator.required.049.any_more,regex,phrases,1,runnable literal_phrase,CUSTOMER_MESSAGE,unsubscribe please,unsubscribe_phrase,opt_out
rule_02272eea62d8d129,optOutClassifier.validator.required.050.anymore,regex,phrases,1,runnable literal_phrase,CUSTOMER_MESSAGE,you have the wrong number,wrong_number,opt_out
rule_26023645bc1c59f1,optOutClassifier.validator.required.009.attorn_w,regex,phrases,1,runnable regex,CUSTOMER_MESSAGE,(\w*\d+\w*\s+stop|stop\s+\w*\d+\w*|\w*\d+\w*stop),unsubscribe_phrase,opt_out
rule_a562f700e03c82c4,optOutClassifier.validator.required.010.basta,regex,phrases,1,runnable regex,CUSTOMER_MESSAGE,\b(?:please\s+)?(?:remove|take)\s+my\s+number\s+(?:off|from)\s+(?:your\s+)?(?:distribution|mailing|text|sms)\s+list\b,unsubscribe_phrase,opt_out
rule_32aaa8506d4c79fd,optOutClassifier.validator.required.012.block_w,regex,phrases,1,runnable regex,CUSTOMER_MESSAGE,\b(?:please\s+)?don(?:t| t)\s+inundate\s+me\s+with\s+(?:texts?|messages?|sms)\b,unsubscribe_phrase,opt_out
rule_703f41f426952b38,optOutClassifier.validator.required.051.bother_w,regex,phrases,1,runnable regex,CUSTOMER_MESSAGE,\b(?:please\s+)?take\s+my\s+number\s+off\s+(?:your\s+)?(?:distribution|mailing|text|sms)\s+list\b,unsubscribe_phrase,opt_out
rule_e4c95bd4390d3fd0,optOutClassifier.validator.required.013.cancel_w,regex,phrases,1,runnable regex,CUSTOMER_MESSAGE,\bcan\s+you\s+not\s+message\s+me\b[^\n.!?]*,unsubscribe_phrase,opt_out
rule_3cc8d7ded90066ff,optOutClassifier.validator.required.014.ceas_w,regex,phrases,1,runnable regex,CUSTOMER_MESSAGE,\bdelete\s+(?:this\s+)?(?:conversation|thread|chat)\b[^\n.!?]*,unsubscribe_phrase,opt_out
rule_2da10fd52d09cfb6,optOutClassifier.validator.required.015.complain_w,regex,phrases,1,runnable regex,CUSTOMER_MESSAGE,\bdoesn(?:t| t)\s+let\s+me\s+check\s+out\s+so\s+i\s+quit\b,unsubscribe_phrase,opt_out
rule_41a963939a45aa02,optOutClassifier.validator.required.016.dare,regex,phrases,1,runnable regex,CUSTOMER_MESSAGE,\bdon(?:t| t)\s+email\s+me\s+again\b,unsubscribe_phrase,opt_out
rule_ee985c7c20c83093,optOutClassifier.validator.required.017.de_baja,regex,phrases,1,runnable regex,CUSTOMER_MESSAGE,\bi\s+don(?:t| t)\s+want\s+(?:any\s+)?(?:more\s+)?(?:mail|texts?|messages?|sms)\b,unsubscribe_phrase,opt_out
rule_f3f91b2df9ea1477,optOutClassifier.validator.required.018.delet_w,regex,phrases,1,runnable regex,CUSTOMER_MESSAGE,\bno\s+quit\s+wasting\s+my\s+time\b,unsubscribe_phrase,opt_out
rule_78328a8bc856e232,optOutClassifier.validator.required.019.descontin_w,regex,phrases,1,runnable regex,CUSTOMER_MESSAGE,\bplease\s+reduce\s+the\s+frequency\b,unsubscribe_phrase,opt_out
rule_1dd1e50573f63d15,optOutClassifier.validator.required.020.discontinu_w,regex,phrases,1,runnable regex,CUSTOMER_MESSAGE,\bquit\s+wasting\s+my\s+time\b,unsubscribe_phrase,opt_out
rule_88a57c3ae12f7418,optOutClassifier.validator.required.056.do_not_call_list,regex,phrases,1,runnable regex,CUSTOMER_MESSAGE,\bstop\b(?=\s+sorry\b),unsubscribe_phrase,opt_out
rule_cc5c367536abc6c5,optOutClassifier.validator.required.027.end_any_all_communication_communications_texts_text_messages_messages,regex,phrases,1,runnable regex,CUSTOMER_MESSAGE,\bstop\s+upselling\s+me\b,unsubscribe_phrase,opt_out
rule_e74e35c02207250d,optOutClassifier.validator.required.026.end_communication_communications_texts_text_messages_messages_this_con,regex,phrases,1,runnable regex,CUSTOMER_MESSAGE,\bstop\s+using\s+(?:a\s+)?bot\b,unsubscribe_phrase,opt_out
rule_1063c071c5ab5f3f,optOutClassifier.validator.required.023.ended,regex,profanity,1,runnable literal_phrase,CUSTOMER_MESSAGE,fuk,remove,
rule_181fcab414b7d2e9,optOutClassifier.validator.required.024.ending,regex,profanity,1,runnable literal_phrase,CUSTOMER_MESSAGE,screw,remove,
rule_56cea566300b2578,optOutClassifier.validator.required.021.endless_w,regex,profanity,,runnable regex,CUSTOMER_MESSAGE,\bfuc\w*,remove,
rule_c39f0aede0913f91,optOutClassifier.validator.required.028.fcc,regex,profanity,1,runnable regex,CUSTOMER_MESSAGE,\bfuck\b,remove,
rule_7cbb4023388edec3,optOutClassifier.validator.required.032.florida_telephone_solicitation_act,regex,profanity,,runnable regex,CUSTOMER_MESSAGE,\bfuck\s+(off|you)\b,remove,
rule_e36dbd763af51f5d,optOutClassifier.validator.required.031.ftsa,regex,profanity,1,runnable regex,CUSTOMER_MESSAGE,\bfuk\w*,remove,
rule_ea61bc01562d7c81,optOutClassifier.validator.required.035.fuck,regex,profanity,1,runnable regex,CUSTOMER_MESSAGE,\bscrew\w*,remove,
rule_1f4987b99c00d351,optOutClassifier.validator.required.036.fuk_w,regex,random,0,runnable regex,CUSTOMER_MESSAGE,^67$,remove,
rule_074ef1baed874958,optOutClassifier.validator.required.037.go_away,regex,random,0,runnable regex,CUSTOMER_MESSAGE,^fabulous$,remove,
rule_50060364ab53d6de,optOutClassifier.validator.required.004.halt_texts_messages_text_messages,regex,random,0,runnable regex,CUSTOMER_MESSAGE,^i m$,remove,
rule_7df980266fee5464,optOutClassifier.validator.required.038.harass_w,regex,random,0,runnable regex,CUSTOMER_MESSAGE,^liked “no problem feel free to reach out anytime i m always here to help ”$,remove,
rule_5e2385aac4ffe493,optOutClassifier.validator.required.041.lawl_w,regex,random,0,runnable regex,CUSTOMER_MESSAGE,^lol$,remove,
rule_5f6259244e99088c,optOutClassifier.validator.required.040.laws_w,regex,random,0,runnable regex,CUSTOMER_MESSAGE,^loved an image$,frequent_texts,close
rule_2708d9e7d4bf5f45,optOutClassifier.validator.required.039.lawy_w,regex,random,0,runnable regex,CUSTOMER_MESSAGE,^michaels michaels$,frequent_texts,close
rule_43abe9f45f3c7410,optOutClassifier.validator.required.042.leave_me_alone,regex,random,0,runnable regex,CUSTOMER_MESSAGE,^michaels$,frequent_texts,close
rule_e062bc362b2e3f14,optOutClassifier.validator.required.043.list_w,regex,random,0,runnable regex,CUSTOMER_MESSAGE,^nice$,frequent_texts,close
rule_89cb54259c647ea5,optOutClassifier.validator.required.044.litigat_w,regex,random,0,runnable regex,CUSTOMER_MESSAGE,^oh$,frequent_texts,close
rule_eae8bdb308ba7add,optOutClassifier.validator.required.048.no_longer,regex,random,0,runnable regex,CUSTOMER_MESSAGE,^save$,frequent_texts,close
rule_2f319369a470d59e,optOutClassifier.validator.required.047.no_more,regex,random,0,runnable regex,CUSTOMER_MESSAGE,^sri$,frequent_texts,close
rule_a88c979aaf5a626e,optOutClassifier.validator.required.046.no_more_texts,regex,random,0,runnable regex,CUSTOMER_MESSAGE,^take10$,frequent_texts,close
rule_3560dfcd0287f847,optOutClassifier.validator.required.053.not_interested,regex,random,0,runnable regex,CUSTOMER_MESSAGE,^test$,frequent_texts,close
rule_c15c04db7ffc2e68,optOutClassifier.validator.required.057.opt_w,regex,random,0,runnable regex,CUSTOMER_MESSAGE,^the$,frequent_texts,close
rule_226c1cf11cbb6c87,optOutClassifier.validator.required.054.opt_out,regex,random,0,runnable regex,CUSTOMER_MESSAGE,^welcome15$,frequent_texts,close
rule_4c5aa637312207ab,optOutClassifier.validator.required.055.opted_out,regex,reaction_reply,0,runnable literal_phrase,CUSTOMER_MESSAGE,emphasized an image,reaction_reply,close
rule_1b89ecef87544929,optOutClassifier.validator.required.060.optin_w,regex,reaction_reply,0,runnable literal_phrase,CUSTOMER_MESSAGE,laughed at an image,reaction_reply,close
rule_173f0401eca8edfa,optOutClassifier.validator.required.058.optou_w,regex,reaction_reply,0,runnable literal_phrase,CUSTOMER_MESSAGE,liked a contact,reaction_reply,close
rule_96a194429cff29ec,optOutClassifier.validator.required.059.opts,regex,reaction_reply,0,runnable literal_phrase,CUSTOMER_MESSAGE,liked an image,reaction_reply,close
rule_68387984a56d47a3,optOutClassifier.validator.required.061.pare,regex,reaction_reply,0,runnable literal_phrase,CUSTOMER_MESSAGE,loved a contact,reaction_reply,close
rule_4cd3657cc60c4cfe,optOutClassifier.validator.required.063.remeuva,regex,reaction_reply,0,runnable literal_phrase,CUSTOMER_MESSAGE,questioned an image,reaction_reply,close
rule_2316d15404741d42,optOutClassifier.validator.required.064.remove_me,regex,reaction_reply,0,runnable literal_phrase,CUSTOMER_MESSAGE,reacted to,reaction_reply,close
rule_63500452be3b4a25,optOutClassifier.validator.required.065.remove_my,regex,reaction_reply,0,runnable literal_phrase,CUSTOMER_MESSAGE,reacted to a contact,reaction_reply,close
rule_e325ca5e5d713107,optOutClassifier.validator.required.066.report_you,regex,reaction_reply,0,runnable literal_phrase,CUSTOMER_MESSAGE,reacted to an image,reaction_reply,close
rule_e745aacab76fb109,optOutClassifier.validator.required.067.report_w,regex,reaction_reply,0,runnable literal_phrase,CUSTOMER_MESSAGE,removed a dislike from an image,reaction_reply,close
rule_87d52af4a0b20f97,optOutClassifier.validator.required.068.revoke,regex,reaction_reply,0,runnable literal_phrase,CUSTOMER_MESSAGE,removed a heart from an image,reaction_reply,close
rule_da47ed02e71f3532,optOutClassifier.validator.required.069.s_r_t_y_op,regex,reaction_reply,0,runnable literal_phrase,CUSTOMER_MESSAGE,removed a like from an image,reaction_reply,close
rule_b7bb84dd2fa94f57,optOutClassifier.validator.required.109.s_t_o_p,regex,reaction_reply,0,runnable literal_phrase,CUSTOMER_MESSAGE,removed a question mark from an image,reaction_reply,close
rule_bf2f32dcb19c5c5a,optOutClassifier.validator.required.070.scam_w,regex,reaction_reply,0,runnable literal_phrase,CUSTOMER_MESSAGE,removed from an image,reaction_reply,close
rule_85893c8ede868738,optOutClassifier.validator.required.071.screw_w,regex,required_extension_pattern,1,runnable regex,CUSTOMER_MESSAGE,(bring|file) a suit,legal,opt_out
rule_52720ab794ac0333,optOutClassifier.validator.required.072.spam,regex,required_extension_pattern,1,runnable regex,CUSTOMER_MESSAGE,(bring|file) suit,legal,opt_out
rule_da037aecf54197fe,optOutClassifier.validator.required.073.sstop,regex,required_extension_pattern,1,runnable regex,CUSTOMER_MESSAGE,(don't|don’t|do not|dont|donot),remove,
rule_95ef059f25008673,optOutClassifier.validator.required.074.st_i_o_p_p,regex,required_extension_pattern,1,runnable regex,CUSTOMER_MESSAGE,(don't|don’t|do not|dont|donot) (text|send|contact|message|bother|talk|call|write|call or text)( me)?(any more|anymore|again)?,unsubscribe_phrase,opt_out
rule_1ccc323db57027ee,optOutClassifier.validator.required.075.st_o_p,regex,required_extension_pattern,1,runnable regex,CUSTOMER_MESSAGE,(don't|don’t|do not|dont|donot) send( me)? (any more|anymore)? (texts|messages|text messages),unsubscribe_phrase,opt_out
rule_3569978a63348273,optOutClassifier.validator.required.077.sto,regex,required_extension_pattern,1,runnable regex,CUSTOMER_MESSAGE,(never) (send|text|contact|message|bother|talk),unsubscribe_phrase,opt_out
rule_1f2f52bce166eceb,optOutClassifier.validator.required.076.sto_p,regex,required_extension_pattern,1,runnable regex,CUSTOMER_MESSAGE,(please|kindly) end,unsubscribe_phrase,opt_out
rule_1ffcf8382bd3a15a,optOutClassifier.validator.required.078.stoo,regex,required_extension_pattern,1,runnable regex,CUSTOMER_MESSAGE,(s|a|d)top,unsubscribe_phrase,opt_out
rule_b5304541df40fd7f,optOutClassifier.validator.required.084.stop2stop,regex,required_extension_pattern,1,runnable regex,CUSTOMER_MESSAGE,I (don't|do not) want,remove,
rule_29381a02f822c31d,optOutClassifier.validator.required.093.suing,regex,required_extension_pattern,1,runnable regex,CUSTOMER_MESSAGE,annoy\w*,annoy,tmt
rule_a4bb18a428f6955d,optOutClassifier.validator.required.096.take_me_this_my_number_off,regex,required_extension_pattern,1,runnable regex,CUSTOMER_MESSAGE,any more,remove,
rule_dcc3f4de9118bcbb,optOutClassifier.validator.required.098.take_off_list,regex,required_extension_pattern,1,runnable regex,CUSTOMER_MESSAGE,attorn\w*,legal,opt_out
rule_4713232b43ce887d,optOutClassifier.validator.required.100.telephone_consumer_protection_act,regex,required_extension_pattern,1,runnable regex,CUSTOMER_MESSAGE,block\w*,block,opt_out
rule_2ceb64d4bb6ed08e,optOutClassifier.validator.required.101.terminat_w,regex,required_extension_pattern,1,runnable regex,CUSTOMER_MESSAGE,bother\w*,annoy,tmt
rule_7fa5b8375c9af124,optOutClassifier.validator.required.102.unenroll,regex,required_extension_pattern,1,runnable regex,CUSTOMER_MESSAGE,cancel\w*,unsubscribe_phrase,opt_out
rule_49e5ef28b546fb2c,optOutClassifier.validator.required.103.unlaw_w,regex,required_extension_pattern,1,runnable regex,CUSTOMER_MESSAGE,ceas\w*,unsubscribe_phrase,opt_out
rule_f11dc6f403f1aa84,optOutClassifier.validator.required.104.unsolicited,regex,required_extension_pattern,1,runnable regex,CUSTOMER_MESSAGE,complain\w*,remove,
rule_830c97b9539abdf3,optOutClassifier.validator.required.107.violat_w,regex,required_extension_pattern,1,runnable regex,CUSTOMER_MESSAGE,delet\w*,unsubscribe_phrase,opt_out
rule_68b4f82a8b63184e,optOutClassifier.validator.required.108.wrong_number,regex,required_extension_pattern,1,runnable regex,CUSTOMER_MESSAGE,descontin\w*,unsubscribe_phrase,opt_out
rule_a93ee29d8ff2f310,optOutClassifier.validator.required.129.rule,regex,required_extension_pattern,1,runnable regex,CUSTOMER_MESSAGE,discontinu\w*,unsubscribe_phrase,opt_out
rule_ed616cd986c48f00,optOutClassifier.validator.required.141.rule,regex,required_extension_pattern,1,runnable regex,CUSTOMER_MESSAGE,end (any|all) (communication|communications|texts|text messages|messages),unsubscribe_phrase,opt_out
rule_ca1354232b395fe0,optOutClassifier.validator.required.142.rule,regex,required_extension_pattern,1,runnable regex,CUSTOMER_MESSAGE,end (communication|communications|texts|text messages|messages|this|contact|contacting),unsubscribe_phrase,opt_out
rule_ce171687b2e171ba,optOutClassifier.validator.required.131.rule,regex,required_extension_pattern,1,runnable regex,CUSTOMER_MESSAGE,ended,unsubscribe_phrase,opt_out
rule_908d9263bf18470a,optOutClassifier.validator.required.143.rule,regex,required_extension_pattern,1,runnable regex,CUSTOMER_MESSAGE,endless\w*,remove,
rule_70dcd8cbd9df7742,optOutClassifier.validator.required.111.rule,regex,required_extension_pattern,1,runnable regex,CUSTOMER_MESSAGE,fraud\w*,legal,opt_out
rule_c0e7aa3540a046e2,optOutClassifier.validator.required.127.rule,regex,required_extension_pattern,1,runnable regex,CUSTOMER_MESSAGE,fuc\w*,remove,
rule_4cbbe66e7fa3a030,optOutClassifier.validator.required.128.rule,regex,required_extension_pattern,1,runnable regex,CUSTOMER_MESSAGE,fuk\w*,remove,
rule_4d8a98ff0a93eb21,optOutClassifier.validator.required.140.rule,regex,required_extension_pattern,1,runnable regex,CUSTOMER_MESSAGE,halt (texts|messages|text messages),unsubscribe_phrase,opt_out
rule_96b89911948d596c,optOutClassifier.validator.required.133.rule,regex,required_extension_pattern,1,runnable regex,CUSTOMER_MESSAGE,harass\w*,annoy,tmt
rule_d0d1d68bd51eb4c1,optOutClassifier.validator.required.121.rule,regex,required_extension_pattern,1,runnable regex,CUSTOMER_MESSAGE,lawl\w*,legal,opt_out
rule_69b7fdd799a51f13,optOutClassifier.validator.required.145.rule,regex,required_extension_pattern,1,runnable regex,CUSTOMER_MESSAGE,laws\w*,legal,opt_out
rule_97333c8e43194cb2,optOutClassifier.validator.required.135.rule,regex,required_extension_pattern,1,runnable regex,CUSTOMER_MESSAGE,lawy\w*,legal,opt_out
rule_cec80fab54590e3f,optOutClassifier.validator.required.147.rule,regex,required_extension_pattern,1,runnable regex,CUSTOMER_MESSAGE,list\w*,remove,
rule_b43a0c3c95c32d2e,optOutClassifier.validator.required.134.rule,regex,required_extension_pattern,1,runnable regex,CUSTOMER_MESSAGE,litigat\w*,legal,opt_out
rule_4dcdf8556df55560,optOutClassifier.validator.required.136.rule,regex,required_extension_pattern,1,runnable regex,CUSTOMER_MESSAGE,no more texts?,unsubscribe_phrase,opt_out
rule_30ea0a3de3b31001,optOutClassifier.validator.required.148.rule,regex,required_extension_pattern,1,runnable regex,CUSTOMER_MESSAGE,opt \w*,unsubscribe_phrase,opt_out
rule_dd249a8ab3acba3f,optOutClassifier.validator.required.132.rule,regex,required_extension_pattern,1,runnable regex,CUSTOMER_MESSAGE,opt(| )out,unsubscribe_phrase,opt_out
rule_e5c605bbac51e2cb,optOutClassifier.validator.required.120.rule,regex,required_extension_pattern,1,runnable regex,CUSTOMER_MESSAGE,opted(| )out,unsubscribe_phrase,opt_out
rule_a6adcc3cd04e792f,optOutClassifier.validator.required.144.rule,regex,required_extension_pattern,1,runnable regex,CUSTOMER_MESSAGE,optin\w*,unsubscribe_phrase,opt_out
rule_873c07ab30348c95,optOutClassifier.validator.required.116.rule,regex,required_extension_pattern,1,runnable regex,CUSTOMER_MESSAGE,optou\w*,unsubscribe_phrase,opt_out
rule_6bce397042505948,opt_outs_ml.regex_rules.009.scam,regex,required_extension_pattern,1,runnable regex,CUSTOMER_MESSAGE,quit\w*,unsubscribe_phrase,opt_out
rule_ff410f9961a43c4a,opt_outs_ml.regex_rules.041.stop_keywords,regex,required_extension_pattern,1,runnable regex,CUSTOMER_MESSAGE,report\w*,unsubscribe_phrase,opt_out
rule_0b5abd487e5f4a36,opt_outs_ml.regex_rules.114.stop_keywords,regex,required_extension_pattern,1,runnable regex,CUSTOMER_MESSAGE,s(r|t|y)op,unsubscribe_phrase,opt_out
rule_ea485bb095b146ed,opt_outs_ml.regex_rules.034.stop_keywords,regex,required_extension_pattern,1,runnable regex,CUSTOMER_MESSAGE,s\s*t\s*o\s*p,unsubscribe_phrase,opt_out
rule_932172757eed59a6,opt_outs_ml.regex_rules.047.stop_keywords,regex,required_extension_pattern,1,runnable regex,CUSTOMER_MESSAGE,scam\w*,scam,fuzzy_opt_out
rule_37cb78165fa328b1,opt_outs_ml.regex_rules.043.stop_keywords,regex,required_extension_pattern,1,runnable regex,CUSTOMER_MESSAGE,screw\w*,remove,
rule_1d3e5356994a11a6,opt_outs_ml.regex_rules.046.stop_keywords,regex,required_extension_pattern,1,runnable regex,CUSTOMER_MESSAGE,st(i|o|p)p,unsubscribe_phrase,opt_out
rule_2601b5a5ac7f626e,opt_outs_ml.regex_rules.108.stop_keywords,regex,required_extension_pattern,1,runnable regex,CUSTOMER_MESSAGE,st(o|p),unsubscribe_phrase,opt_out
rule_3e89289f92b75eb4,opt_outs_ml.regex_rules.103.stop_keywords,regex,required_extension_pattern,1,runnable regex,CUSTOMER_MESSAGE,sue your?,legal,opt_out
rule_ec313382bfd4073e,opt_outs_ml.regex_rules.049.stop_keywords,regex,required_extension_pattern,1,runnable regex,CUSTOMER_MESSAGE,take (me|(this|my) number) off,unsubscribe_phrase,opt_out
rule_b0cf721aaea9ad03,opt_outs_ml.regex_rules.105.stop_keywords,regex,required_extension_pattern,1,runnable regex,CUSTOMER_MESSAGE,take.*off,unsubscribe_phrase,opt_out
rule_3fd1642f673dffff,opt_outs_ml.regex_rules.036.stop_keywords,regex,required_extension_pattern,1,runnable regex,CUSTOMER_MESSAGE,take.*off.*list,unsubscribe_phrase,opt_out
rule_d25d6977bc1299e6,opt_outs_ml.regex_rules.050.stop_keywords,regex,required_extension_pattern,1,runnable regex,CUSTOMER_MESSAGE,terminat\w*,unsubscribe_phrase,opt_out
rule_e20ef265a0d82727,opt_outs_ml.regex_rules.098.stop_keywords,regex,required_extension_pattern,1,runnable regex,CUSTOMER_MESSAGE,unlaw\w*,legal,opt_out
rule_83e1832415366199,opt_outs_ml.regex_rules.091.stop_keywords,regex,required_extension_pattern,1,runnable regex,CUSTOMER_MESSAGE,unsub[scribe]?\w*,unsubscribe_phrase,opt_out
rule_aafaf0652c3b58e9,optOutClassifier.validator.curated.001.stop_processing,regex,required_extension_pattern,1,runnable regex,CUSTOMER_MESSAGE,unsuscrib\w*,unsubscribe_phrase,opt_out
rule_cde7329552753620,optOutClassifier.json.patterns.45,regex,required_extension_pattern,1,runnable regex,CUSTOMER_MESSAGE,violat\w*,remove,
rule_73547d2d42371130,optOutClassifier.validator.curated.002.stop_processing,regex,required_extension_pattern,1,runnable regex,CUSTOMER_MESSAGE,ⓈⓉⓄⓅ,stop_alternative,opt_out
rule_f96b1e3bc526392a,optOutClassifier.json.patterns.47,regex,required_extension_pattern,1,runnable regex,CUSTOMER_MESSAGE,ＳＴＯＰ,stop_alternative,opt_out
rule_b4778663b77e6961,optOutClassifier.json.patterns.67,regex,required_extension_pattern,1,runnable regex,CUSTOMER_MESSAGE,𝒮𝒯𝒪𝒫,stop_alternative,opt_out
rule_db3a48f61754b9a6,optOutClassifier.validator.curated.052.stop_processing,regex,required_extension_pattern,1,runnable regex,CUSTOMER_MESSAGE,𝒮𝓉ℴ𝓅,stop_alternative,opt_out
rule_4c93d03d45fad7de,optOutClassifier.validator.curated.049.stop_processing,regex,required_extension_pattern,1,runnable regex,CUSTOMER_MESSAGE,𝓈𝓉ℴ𝓅,stop_alternative,opt_out
rule_d3a49f44ec372853,optOutClassifier.json.patterns.12,regex,required_extension_pattern,1,runnable regex,CUSTOMER_MESSAGE,𝓢𝓣𝓞𝓟,stop_alternative,opt_out
rule_100d1425599269f2,optOutClassifier.json.patterns.56,regex,required_extension_pattern,1,runnable regex,CUSTOMER_MESSAGE,𝓢𝓽𝓸𝓹,stop_alternative,opt_out
rule_a0308a252ab801c7,optOutClassifier.validator.curated.050.stop_processing,regex,required_extension_pattern,1,runnable regex,CUSTOMER_MESSAGE,𝓼𝓽𝓸𝓹,stop_alternative,opt_out
rule_aa79e5015359b28c,optOutClassifier.validator.curated.010.stop_processing,regex,required_extension_pattern,1,runnable regex,CUSTOMER_MESSAGE,𝔖𝔗𝔒𝔓,stop_alternative,opt_out
rule_1a6caa3b871479fd,optOutClassifier.validator.curated.051.stop_processing,regex,required_extension_pattern,1,runnable regex,CUSTOMER_MESSAGE,𝔖𝔱𝔬𝔭,stop_alternative,opt_out
rule_e52bae3d814e4c27,optOutClassifier.json.patterns.63,regex,required_extension_pattern,1,runnable regex,CUSTOMER_MESSAGE,𝔰𝔱𝔬𝔭,stop_alternative,opt_out
rule_36954516ee104e1e,optOutClassifier.json.patterns.17,regex,required_extension_pattern,1,runnable regex,CUSTOMER_MESSAGE,𝕾𝕿𝕺𝕻,stop_alternative,opt_out
rule_f862b24b6ac0c414,optOutClassifier.validator.curated.014.stop_processing,regex,required_extension_pattern,1,runnable regex,CUSTOMER_MESSAGE,𝕾𝖙𝖔𝖕,stop_alternative,opt_out
rule_4b9df51ef76b2274,optOutClassifier.validator.curated.027.stop_processing,regex,required_extension_pattern,1,runnable regex,CUSTOMER_MESSAGE,𝖘𝖙𝖔𝖕,stop_alternative,opt_out
rule_3b7cb00cc71e9301,optOutClassifier.json.patterns.39,regex,required_extension_pattern,1,runnable regex,CUSTOMER_MESSAGE,𝖲𝖳𝖮𝖯,stop_alternative,opt_out
rule_85424e52748596a8,optOutClassifier.validator.curated.026.stop_processing,regex,required_extension_pattern,1,runnable regex,CUSTOMER_MESSAGE,𝖲𝗍𝗈𝗉,stop_alternative,opt_out
rule_746ef6aad7057b97,optOutClassifier.validator.curated.023.stop_processing,regex,required_extension_pattern,1,runnable regex,CUSTOMER_MESSAGE,𝗌𝗍𝗈𝗉,stop_alternative,opt_out
rule_d40ba93e36ed4182,optOutClassifier.json.patterns.18,regex,required_extension_pattern,1,runnable regex,CUSTOMER_MESSAGE,𝗦𝗧𝗢𝗣,stop_alternative,opt_out
rule_1e8726d5e3a1b31f,optOutClassifier.validator.curated.024.stop_processing,regex,required_extension_pattern,1,runnable regex,CUSTOMER_MESSAGE,𝗦𝘁𝗼𝗽,stop_alternative,opt_out
rule_fd174de61335086f,optOutClassifier.validator.curated.021.stop_processing,regex,required_extension_pattern,1,runnable regex,CUSTOMER_MESSAGE,𝘀𝘁𝗼𝗽,stop_alternative,opt_out
rule_2c20fb83e5b7c229,optOutClassifier.json.patterns.72,regex,required_extension_pattern,1,runnable regex,CUSTOMER_MESSAGE,𝘚𝘛𝘖𝘗,stop_alternative,opt_out
rule_9a6dd8d7b229e0a7,optOutClassifier.validator.curated.022.stop_processing,regex,required_extension_pattern,1,runnable regex,CUSTOMER_MESSAGE,𝘚𝘵𝘰𝘱,stop_alternative,opt_out
rule_3e3971ff954cf679,optOutClassifier.validator.curated.037.stop_processing,regex,required_extension_pattern,1,runnable regex,CUSTOMER_MESSAGE,𝘴𝘵𝘰𝘱,stop_alternative,opt_out
rule_6c5697ad8a2dd9d5,optOutClassifier.json.patterns.10,regex,required_extension_pattern,1,runnable regex,CUSTOMER_MESSAGE,𝙎𝙏𝙊𝙋,stop_alternative,opt_out
rule_3b28b066800a0ecd,optOutClassifier.validator.curated.042.stop_processing,regex,required_extension_pattern,1,runnable regex,CUSTOMER_MESSAGE,𝙎𝙩𝙤𝙥,stop_alternative,opt_out
rule_76bb6f7f0ceb68d1,optOutClassifier.json.patterns.29,regex,required_extension_pattern,1,runnable regex,CUSTOMER_MESSAGE,𝙨𝙩𝙤𝙥,stop_alternative,opt_out
rule_6494ba803680e485,optOutClassifier.json.patterns.54,regex,required_extension_pattern,1,runnable regex,CUSTOMER_MESSAGE,𝚂𝚃𝙾𝙿,stop_alternative,opt_out
rule_90ea411071cb68e8,optOutClassifier.validator.curated.048.stop_processing,regex,required_extension_pattern,1,runnable regex,CUSTOMER_MESSAGE,𝚂𝚝𝚘𝚙,stop_alternative,opt_out
rule_0d2cc297cd7cc1e0,optOutClassifier.validator.curated.046.stop_processing,regex,required_extension_pattern,1,runnable regex,CUSTOMER_MESSAGE,𝚜𝚝𝚘𝚙,stop_alternative,opt_out
rule_a6fa59fe05605ee0,optOutClassifier.json.patterns.32,regex,required_extension_pattern,1,runnable regex,CUSTOMER_MESSAGE,🅂🅃🄾🄿,stop_alternative,opt_out
rule_469a0bff6e9ab56b,optOutClassifier.validator.curated.062.stop_processing,regex,save_contact,0,inventory-only; skipped by runner,BRAND_MESSAGE + newline + CUSTOMER_MESSAGE,,done,fuzzy_opt_out
rule_648aba5bf1bf40a9,optOutClassifier.json.patterns.53,regex,scam,0,runnable regex,CUSTOMER_MESSAGE,^10 shein freebies and a 50 allowance for the lucky just click and claim—so easy$,scam,fuzzy_opt_out
rule_78bcb872e9e6081a,optOutClassifier.json.patterns.48,regex,scam,0,runnable regex,CUSTOMER_MESSAGE,^check out my bet on fanduel sportsbook$,scam,fuzzy_opt_out
rule_b9e9985ace646fa3,optOutClassifier.validator.curated.069.stop_processing,regex,scam,0,runnable regex,CUSTOMER_MESSAGE,^claim 5 free shein products now click the link to help and let’s both win big$,scam,fuzzy_opt_out
rule_cc90e6d7733044af,optOutClassifier.validator.curated.109.stop_processing,regex,scam,0,runnable regex,CUSTOMER_MESSAGE,^could you do me a huge favor please accept my invite so that i can get free gifts$,scam,fuzzy_opt_out
rule_dea4dd67796708a0,optOutClassifier.validator.curated.073.stop_processing,regex,stop_emoji,1,inventory-only; skipped by runner,CUSTOMER_MESSAGE,,emoji_stop,opt_out
rule_999028927251d849,optOutClassifier.validator.curated.074.stop_processing,regex,stop_keywords,1,runnable regex,CUSTOMER_MESSAGE,^atop$,keywords,opt_out
rule_b30766e912af497f,optOutClassifier.json.patterns.49,regex,stop_keywords,1,runnable regex,CUSTOMER_MESSAGE,^cancel$,keywords,opt_out
rule_3842adc18133c469,optOutClassifier.json.patterns.36,regex,stop_keywords,1,runnable regex,CUSTOMER_MESSAGE,^cancelar$,keywords,opt_out
rule_8e69528b5d155066,optOutClassifier.validator.curated.075.stop_processing,regex,stop_keywords,1,runnable regex,CUSTOMER_MESSAGE,^delete$,keywords,opt_out
rule_553cc23d898dc46f,optOutClassifier.validator.curated.077.stop_processing,regex,stop_keywords,1,runnable regex,CUSTOMER_MESSAGE,^dtop$,keywords,opt_out
rule_6e318adee198b8c5,optOutClassifier.validator.curated.078.stop_processing,regex,stop_keywords,1,runnable regex,CUSTOMER_MESSAGE,^fuck off$,keywords,opt_out
rule_ccb97bc82f6d2685,optOutClassifier.validator.curated.079.stop_processing,regex,stop_keywords,1,runnable regex,CUSTOMER_MESSAGE,^fuck you$,keywords,opt_out
rule_22e2f7eb52c5f1d5,optOutClassifier.validator.curated.086.stop_processing,regex,stop_keywords,1,runnable regex,CUSTOMER_MESSAGE,^junk$,keywords,opt_out
rule_a0a43df1d073665e,optOutClassifier.json.patterns.43,regex,stop_keywords,1,runnable regex,CUSTOMER_MESSAGE,^off$,keywords,opt_out
rule_a13ef8fbb4569558,optOutClassifier.validator.curated.084.stop_processing,regex,stop_keywords,1,runnable regex,CUSTOMER_MESSAGE,^out$,keywords,opt_out
rule_0024d02f41474014,optOutClassifier.validator.curated.110.stop_processing,regex,stop_keywords,1,runnable regex,CUSTOMER_MESSAGE,^please stop$,keywords,opt_out
rule_9ad113d254a7f315,optOutClassifier.validator.curated.080.stop_processing,regex,stop_keywords,1,runnable regex,CUSTOMER_MESSAGE,^shut up$,frustrated,opt_out
rule_7d438cd9b7b38a34,optOutClassifier.validator.curated.083.stop_processing,regex,stop_keywords,1,runnable regex,CUSTOMER_MESSAGE,^sop$,keywords,opt_out
rule_ea322df9eab5fae3,optOutClassifier.json.patterns.34,regex,stop_keywords,1,runnable regex,CUSTOMER_MESSAGE,^srop$,keywords,opt_out
rule_423320f35e3d7ac4,optOutClassifier.validator.curated.081.stop_processing,regex,stop_keywords,1,runnable regex,CUSTOMER_MESSAGE,^stfu$,frustrated,opt_out
rule_ea011d99a78a4385,optOutClassifier.json.patterns.42,regex,stop_keywords,1,runnable regex,CUSTOMER_MESSAGE,^stip$,keywords,opt_out
rule_49c07809598dfc49,optOutClassifier.validator.curated.082.stop_processing,regex,stop_keywords,1,runnable regex,CUSTOMER_MESSAGE,^sto$,keywords,opt_out
rule_e05a0f162896fa07,optOutClassifier.validator.curated.089.stop_processing,regex,stop_keywords,1,runnable regex,CUSTOMER_MESSAGE,^sto0$,keywords,opt_out
rule_1c3fc1904abb0a16,optOutClassifier.validator.curated.101.stop_processing,regex,stop_keywords,1,runnable regex,CUSTOMER_MESSAGE,^stoo$,keywords,opt_out
rule_74e38ff94c60de14,optOutClassifier.validator.curated.004.stop_processing,regex,stop_keywords,1,runnable regex,CUSTOMER_MESSAGE,^stop please$,keywords,opt_out
rule_ab6067ac05261a28,optOutClassifier.json.patterns.24,regex,stop_keywords,1,runnable regex,CUSTOMER_MESSAGE,^stop text$,keywords,opt_out
rule_e13f169afedcc026,optOutClassifier.json.patterns.26,regex,stop_keywords,1,runnable regex,CUSTOMER_MESSAGE,^stop texting me$,keywords,opt_out
rule_f1dc1d196356806a,optOutClassifier.json.patterns.0,regex,stop_keywords,1,runnable regex,CUSTOMER_MESSAGE,^stop texting$,keywords,opt_out
rule_12340c18709e1121,optOutClassifier.json.patterns.1,regex,stop_keywords,1,runnable regex,CUSTOMER_MESSAGE,^stop texts$,keywords,opt_out
rule_7ae40b8f956115ff,opt_outs_ml.regex_rules.092.tech_no_text,regex,stop_keywords,1,runnable regex,CUSTOMER_MESSAGE,^stope$,keywords,opt_out
rule_82a07479fb32b6f6,opt_outs_ml.regex_rules.053.tech_no_text,regex,stop_keywords,1,runnable regex,CUSTOMER_MESSAGE,^stops$,keywords,opt_out
rule_362b6d62919ca7c8,opt_outs_ml.regex_rules.096.thanks,regex,stop_keywords,1,runnable regex,CUSTOMER_MESSAGE,^stp$,keywords,opt_out
rule_5525e07ed34651a0,opt_outs_ml.regex_rules.064.thanks,regex,stop_keywords,1,runnable regex,CUSTOMER_MESSAGE,^stpp$,keywords,opt_out
rule_5928beb377b3ed31,opt_outs_ml.regex_rules.063.thanks,regex,stop_keywords,1,runnable regex,CUSTOMER_MESSAGE,^sybau$,frustrated,opt_out
rule_71c0b3b7241cc245,opt_outs_ml.regex_rules.095.thanks,regex,stop_keywords,1,runnable regex,CUSTOMER_MESSAGE,^syop$,keywords,opt_out
rule_25bed44ed111bce6,opt_outs_ml.regex_rules.066.thanks,regex,stop_keywords,1,runnable regex,CUSTOMER_MESSAGE,^unsuscribe$,keywords,opt_out
rule_37e1655b9732de03,zapOptOuts.workflow.node_4.tmt.dont_text_so_much,regex,stop_processing,1,runnable literal_phrase,CUSTOMER_MESSAGE,ceas,keywords,opt_out
rule_6a0608df55ca65f3,dont_text_so_much,regex,stop_processing,1,runnable literal_phrase,CUSTOMER_MESSAGE,dont do not dont donot send me any more anymore texts messages text messages,keywords,opt_out
rule_20dd26ff5b5f8776,less_texts,regex,stop_processing,1,runnable literal_phrase,CUSTOMER_MESSAGE,halt texts messages text messages,keywords,opt_out
rule_bd029940a2cd155a,text_less,regex,stop_processing,1,runnable literal_phrase,CUSTOMER_MESSAGE,never send text contact message bother talk,keywords,opt_out
rule_58fcfd537917afbf,less_texts,regex,stop_processing,1,runnable regex,CUSTOMER_MESSAGE,(don't|don\u2019t|do not|dont|donot)\s+(text|send|contact|message|bother|talk|call|write|call or text)(\s+me)?(\s+(any more|anymore|again))?,keywords,opt_out
rule_22fe1e7d8ff54157,text_me_less,regex,stop_processing,1,runnable regex,CUSTOMER_MESSAGE,(don't|don\u2019t|do not|dont|donot)\s+send(\s+me)?(\s+(any more|anymore))?\s+(texts|messages|text messages),keywords,opt_out
rule_2197811a35776a52,less_often,regex,stop_processing,1,runnable regex,CUSTOMER_MESSAGE,\b(never)\s+(send|text|contact|message|bother|talk)\b,keywords,opt_out
rule_20f538f2564683bc,lower_frequency,regex,stop_processing,1,runnable regex,CUSTOMER_MESSAGE,\b(please|kindly)\s+end\b,keywords,opt_out
rule_cc4d1ef7457d565a,zapOptOuts.classifier.TMT_RULES.lower_frequency,regex,stop_processing,1,runnable regex,CUSTOMER_MESSAGE,\b(s|a|d)top\b,keywords,opt_out
rule_e763acf7a759dbb3,not_as_many_messages,regex,stop_processing,1,runnable regex,CUSTOMER_MESSAGE,\balto\b,keywords,opt_out
rule_5603c582963939e3,zapOptOuts.classifier.TMT_RULES.reduce_texts,regex,stop_processing,0,runnable regex,CUSTOMER_MESSAGE,\bannoy\w*,annoy,tmt
rule_621cc8d036a8f378,reduce_frequency,regex,stop_processing,1,runnable regex,CUSTOMER_MESSAGE,\bany more\b,remove,
rule_51780d5c0ddb195c,message_less,regex,stop_processing,1,runnable regex,CUSTOMER_MESSAGE,\banymore\b,remove,
rule_c8cdec0733e820b5,zapOptOuts.classifier.TMT_RULES.send_me_less,regex,stop_processing,1,runnable regex,CUSTOMER_MESSAGE,\bbasta\b,keywords,opt_out
rule_ca03aa6beb90b6f9,send_me_less,regex,stop_processing,1,runnable regex,CUSTOMER_MESSAGE,\bbother\w*,annoy,tmt
rule_a7513d31a474daff,slow_down_texts,regex,stop_processing,1,runnable regex,CUSTOMER_MESSAGE,\bceas\w*,keywords,opt_out
rule_d54f2a896d9512e2,so_many_texts,regex,stop_processing,1,runnable regex,CUSTOMER_MESSAGE,\bend\s+(any|all)\s+(communication|communications|texts|text messages|messages)\b,keywords,opt_out
rule_cb31523cd784b8ed,stop_texting_so_much,regex,stop_processing,1,runnable regex,CUSTOMER_MESSAGE,\bend\s+(communication|communications|texts|text messages|messages|this|contact|contacting)\b,keywords,opt_out
rule_0ebf409f568fb0cc,zapOptOuts.classifier.TMT_RULES.stop_sending_so_many,regex,stop_processing,1,runnable regex,CUSTOMER_MESSAGE,\bended\b,keywords,opt_out
rule_4d03052dd816366e,too_many_texts,regex,stop_processing,1,runnable regex,CUSTOMER_MESSAGE,\bending\b,keywords,opt_out
rule_e9c322d146ea9ee8,zapOptOuts.classifier.TMT_RULES.too_many_texts,regex,stop_processing,1,runnable regex,CUSTOMER_MESSAGE,\bendless\w*,remove,
rule_0dd4066444f96207,zapOptOuts.workflow.node_4.tmt.lower_frequency,regex,stop_processing,1,runnable regex,CUSTOMER_MESSAGE,\bends\b,remove,
rule_0283959804bb8ff7,zapOptOuts.workflow.node_4.tmt.not_so_many_texts,regex,stop_processing,1,runnable regex,CUSTOMER_MESSAGE,\bleave me alone\b,keywords,opt_out
rule_1ba65cdef0785e20,reduce_texts,regex,stop_processing,,runnable regex,CUSTOMER_MESSAGE,\bno longer\b,remove,
rule_3b6e6675dfd4afab,reduce_frequency,regex,stop_processing,1,runnable regex,CUSTOMER_MESSAGE,\bno more texts?\b,keywords,opt_out
rule_3efea67e4dfa8d9a,message_less,regex,stop_processing,,runnable regex,CUSTOMER_MESSAGE,\bno more\b,remove,
rule_733dbc3fa8ac4402,zapOptOuts.workflow.node_4.tmt.slow_down_texts,regex,stop_processing,1,runnable regex,CUSTOMER_MESSAGE,\bquit\w*,keywords,opt_out
rule_6866e80ca5a4f50f,zapOptOuts.workflow.node_4.tmt.so_many_texts,regex,stop_processing,,runnable regex,CUSTOMER_MESSAGE,\bs(r|t|y)op\b,keywords,opt_out
rule_1da8051ea3c0a6e0,zapOptOuts.workflow.node_4.tmt.stop_texting_so_much,regex,stop_processing,1,runnable regex,CUSTOMER_MESSAGE,\bs\s*t\s*o\s*p\b,keywords,opt_out
rule_1fa21a56cf99fc79,stop_sending_so_many,regex,stop_processing,1,runnable regex,CUSTOMER_MESSAGE,\bsstop\b,keywords,opt_out
rule_5a0dc4bf74fc2b27,zapOptOuts.workflow.node_4.tmt.stop_sending_so_many,regex,stop_processing,1,runnable regex,CUSTOMER_MESSAGE,\bst(i|o|p)p\b,keywords,opt_out
rule_ba3f999d37edc4bb,too_many_texts,regex,stop_processing,,runnable regex,CUSTOMER_MESSAGE,\bst(o|p)\b,keywords,opt_out
rule_eb40897903921fa1,zapOptOuts.classifier.TXT_RULES.how_did_you_get_my_number,regex,stop_processing,1,runnable regex,CUSTOMER_MESSAGE,\bsto p\b,keywords,opt_out
rule_1f56cf7e55d02e0e,i_dont_know_you,regex,stop_processing,1,runnable regex,CUSTOMER_MESSAGE,\bsto\b,keywords,opt_out
rule_008d2405b484d677,where_did_you_get_my_number,regex,stop_processing,1,runnable regex,CUSTOMER_MESSAGE,\bstoo\b,keywords,opt_out
rule_a3acade155c4c870,zapOptOuts.classifier.TXT_RULES.where_did_you_get_my_number,regex,stop_processing,1,runnable regex,CUSTOMER_MESSAGE,\bstoop\b,keywords,opt_out
rule_264e6b12eee6becf,zapOptOuts.classifier.TXT_RULES.who_is_this,regex,stop_processing,1,runnable regex,CUSTOMER_MESSAGE,\bstop2quit\b,keywords,opt_out
rule_a79d8fe8f7607ebf,zapOptOuts.classifier.TXT_RULES.who_gave_you_my_number,regex,stop_processing,1,runnable regex,CUSTOMER_MESSAGE,\bstop2stop\b,keywords,opt_out
rule_eb7ec6f5a99e31d1,who_gave_you_my_number,regex,stop_processing,1,runnable regex,CUSTOMER_MESSAGE,\bstop\b,keywords,opt_out
rule_913d1554b33885d7,why_am_i_getting_texts,regex,stop_processing,1,runnable regex,CUSTOMER_MESSAGE,\bstopp\b,keywords,opt_out
rule_341a281af168973c,zapOptOuts.classifier.TXT_RULES.why_are_you_texting_me,regex,stop_processing,1,runnable regex,CUSTOMER_MESSAGE,\bstopped\b,keywords,opt_out
rule_59829d0931f79098,zapOptOuts.classifier.TXT_RULES.why_are_you_contacting_me,regex,stop_processing,1,runnable regex,CUSTOMER_MESSAGE,\bstoppp\b,keywords,opt_out
rule_9dabe4690d236f58,why_are_you_sending_messages,regex,stop_processing,1,runnable regex,CUSTOMER_MESSAGE,\bstopppp\b,keywords,opt_out
rule_fb3e775670caa72b,zapOptOuts.classifier.TXT_RULES.why_are_you_sending_messages,regex,stop_processing,1,runnable regex,CUSTOMER_MESSAGE,\bstpo\b,keywords,opt_out
rule_13bff2faf95e0cc4,why_did_you_text_me,regex,stop_processing,1,runnable regex,CUSTOMER_MESSAGE,\bterminat\w*,keywords,opt_out
rule_96ca19e32baf065a,zapOptOuts.classifier.TXT_RULES.why_did_you_text_me,regex,stop_processing,1,runnable regex,CUSTOMER_MESSAGE,halt\s+(texts|messages|text messages),keywords,opt_out
rule_152523bcae541001,why_do_you_text_me,regex,subscription,0,inventory-only; skipped by runner,CUSTOMER_MESSAGE,,subscription,fuzzy_opt_out
rule_73ba489ec73a23af,zapOptOuts.classifier.TXT_RULES.why_do_you_text_me,regex,symbols,1,runnable symbol_set,CUSTOMER_MESSAGE,âŒ,stop_emoji,opt_out
rule_3ac2851fd99fb8ac,why_do_you_keep_texting,regex,symbols,1,runnable symbol_set,CUSTOMER_MESSAGE,âœ–,stop_emoji,opt_out
rule_4925461ac64b017d,zapOptOuts.classifier.TXT_RULES.why_do_you_keep_texting,regex,symbols,1,runnable symbol_set,CUSTOMER_MESSAGE,âœ–ï¸,stop_emoji,opt_out
rule_53c870e42474de90,how_did_you_get_my_number,regex,symbols,1,runnable symbol_set,CUSTOMER_MESSAGE,âœ—,stop_emoji,opt_out
rule_add2c2e8e4decca5,zapOptOuts.workflow.node_4.txt.how_did_you_get_my_number,regex,symbols,1,runnable symbol_set,CUSTOMER_MESSAGE,âœ‹,stop_emoji,opt_out
rule_36931c4bf22f0e0f,i_dont_know_you,regex,symbols,1,runnable symbol_set,CUSTOMER_MESSAGE,âœ‹ðŸ»,stop_emoji,opt_out
rule_99cd1b68693ae8e0,zapOptOuts.workflow.node_4.txt.i_dont_know_you,regex,symbols,1,runnable symbol_set,CUSTOMER_MESSAGE,âœ‹ðŸ¼,stop_emoji,opt_out
rule_9dde1d2fdb4c6bd3,zapOptOuts.workflow.node_4.txt.where_did_you_get_my_number,regex,symbols,1,runnable symbol_set,CUSTOMER_MESSAGE,âœ‹ðŸ½,stop_emoji,opt_out
rule_bdb6f1a268c6ad1f,where_did_you_get_my_number,regex,symbols,1,runnable symbol_set,CUSTOMER_MESSAGE,âœ‹ðŸ¾,stop_emoji,opt_out
rule_00ea8a6bec2946bc,zapOptOuts.workflow.node_4.txt.who_is_this,regex,symbols,1,runnable symbol_set,CUSTOMER_MESSAGE,âœ‹ðŸ¿,stop_emoji,opt_out
rule_cb25ef2bef60f719,who_is_this,regex,symbols,1,runnable symbol_set,CUSTOMER_MESSAGE,ðŸš«,stop_emoji,opt_out
rule_dadc80b8f8821b8b,who_gave_you_my_number,regex,symbols,1,runnable symbol_set,CUSTOMER_MESSAGE,ðŸ–,stop_emoji,opt_out
rule_fe45c03e95bc32ac,zapOptOuts.workflow.node_4.txt.who_gave_you_my_number,regex,symbols,1,runnable symbol_set,CUSTOMER_MESSAGE,ðŸ–ï¸,stop_emoji,opt_out
rule_b3b5094793bb4c74,zapOptOuts.workflow.node_4.txt.why_am_i_getting_texts,regex,symbols,1,runnable symbol_set,CUSTOMER_MESSAGE,ðŸ–ðŸ»,stop_emoji,opt_out
rule_dc9183dea5eb2c03,why_am_i_getting_texts,regex,symbols,1,runnable symbol_set,CUSTOMER_MESSAGE,ðŸ–ðŸ¼,stop_emoji,opt_out
rule_6cea7d9b0bdd15a5,zapOptOuts.workflow.node_4.txt.why_are_you_texting_me,regex,symbols,1,runnable symbol_set,CUSTOMER_MESSAGE,ðŸ–ðŸ½,stop_emoji,opt_out
rule_ea4dd8ec88d08777,why_are_you_texting_me,regex,symbols,1,runnable symbol_set,CUSTOMER_MESSAGE,ðŸ–ðŸ¾,stop_emoji,opt_out
rule_9f7dacdfa8cbb77d,zapOptOuts.workflow.node_4.txt.why_are_you_contacting_me,regex,symbols,1,runnable symbol_set,CUSTOMER_MESSAGE,ðŸ–ðŸ¿,stop_emoji,opt_out
rule_14858b6695b63e12,zapOptOuts.workflow.node_4.txt.why_did_you_contact_me,regex,symbols,1,runnable symbol_set,CUSTOMER_MESSAGE,ðŸ”‡,stop_emoji,opt_out
rule_0bc3adee85f9065a,zapOptOuts.workflow.node_4.txt.why_did_i_get_this_text,regex,symbols,1,runnable symbol_set,CUSTOMER_MESSAGE,ðŸ”•,stop_emoji,opt_out
rule_65d0c72b226598e0,why_did_i_get_this_text,regex,symbols,1,runnable symbol_set,CUSTOMER_MESSAGE,ðŸ›‘,stop_emoji,opt_out
rule_95f1cfebfa6c229a,zapOptOuts.workflow.node_4.txt.why_do_you_text_me,regex,symbols,1,runnable symbol_set,CUSTOMER_MESSAGE,ðŸ™…,stop_emoji,opt_out
rule_f3660487cf6caecb,why_do_you_text_me,regex,symbols,1,runnable symbol_set,CUSTOMER_MESSAGE,ðŸ™…â€â™‚ï¸,stop_emoji,opt_out
rule_92d6a84447f3a3f2,zapOptOuts.workflow.node_4.txt.why_do_you_keep_texting,regex,symbols,1,runnable symbol_set,CUSTOMER_MESSAGE,ðŸ™…â€â™€ï¸,stop_emoji,opt_out
rule_c121f814211ff372,why_do_you_keep_texting,regex,symbols,1,runnable symbol_set,CUSTOMER_MESSAGE,ðŸ™…ðŸ»,stop_emoji,opt_out
rule_c73e09d6e069d86b,autoQAMessages.json_array.under_13_rules.explicit_age_patterns.001.i_am_i_m_im_my_age_is_i_m_only_i_am_only_i_m_just_i_am_just_d_1_2,regex,symbols,1,runnable symbol_set,CUSTOMER_MESSAGE,ðŸ™…ðŸ»â€â™‚ï¸,stop_emoji,opt_out
rule_51125a983845f04c,autoQAMessages.json_array.under_13_rules.explicit_word_age_patterns.001.i_am_i_m_im_my_age_is_i_m_only_i_am_only_i_m_just_i_am_just_one_two_th,regex,symbols,1,runnable symbol_set,CUSTOMER_MESSAGE,ðŸ™…ðŸ»â€â™€ï¸,stop_emoji,opt_out
rule_fc89e4910657c938,autoQAMessages.json_array.under_13.rules.explicit_age_patterns.001.i_am_im_my_age_is_im_only_i_am_only_im_just_i_am_just_d_1_2,regex,symbols,1,runnable symbol_set,CUSTOMER_MESSAGE,ðŸ™…ðŸ¼,stop_emoji,opt_out
rule_caab2e50189ee965,autoQAMessages.json_array.under_13.rules.explicit_word_age_patterns.001.i_am_im_my_age_is_im_only_i_am_only_im_just_i_am_just_one_two_three_fo,regex,symbols,1,runnable symbol_set,CUSTOMER_MESSAGE,ðŸ™…ðŸ¼â€â™‚ï¸,stop_emoji,opt_out
rule_372d41e4fcad78c9,autoQAMessages.json_array.under_13.rules.implicit_patterns.003.below_13,regex,symbols,1,runnable symbol_set,CUSTOMER_MESSAGE,ðŸ™…ðŸ¼â€â™€ï¸,stop_emoji,opt_out
rule_87298d15feba98fa,autoQAMessages.json_array.under_13.rules.indirect_patterns.001.elementary_school,regex,symbols,1,runnable symbol_set,CUSTOMER_MESSAGE,ðŸ™…ðŸ½,stop_emoji,opt_out
rule_fdc8a11b0d9eeebf,autoQAMessages.json_array.under_13.rules.indirect_patterns.010.fifth_grader,regex,symbols,1,runnable symbol_set,CUSTOMER_MESSAGE,ðŸ™…ðŸ½â€â™‚ï¸,stop_emoji,opt_out
rule_2b81f15d4afdbd0b,autoQAMessages.json_array.under_13.rules.indirect_patterns.006.first_grader,regex,symbols,1,runnable symbol_set,CUSTOMER_MESSAGE,ðŸ™…ðŸ½â€â™€ï¸,stop_emoji,opt_out
rule_103f110a55d215ff,autoQAMessages.json_array.under_13.rules.indirect_patterns.009.fourth_grader,regex,symbols,1,runnable symbol_set,CUSTOMER_MESSAGE,ðŸ™…ðŸ¾,stop_emoji,opt_out
rule_db58d4f1407e1a87,autoQAMessages.json_array.under_13.rules.indirect_patterns.005.grade_1_6,regex,symbols,1,runnable symbol_set,CUSTOMER_MESSAGE,ðŸ™…ðŸ¾â€â™‚ï¸,stop_emoji,opt_out
rule_4d8a24e418c8ccc0,autoQAMessages.json_array.under_13.rules.indirect_patterns.003.grade_school,regex,symbols,1,runnable symbol_set,CUSTOMER_MESSAGE,ðŸ™…ðŸ¾â€â™€ï¸,stop_emoji,opt_out
rule_f8108eb9c62293d8,autoQAMessages.json_array.under_13.rules.implicit_patterns.012.i_am_a_child,regex,symbols,1,runnable symbol_set,CUSTOMER_MESSAGE,ðŸ™…ðŸ¿,stop_emoji,opt_out
rule_771ce3851bc48f92,autoQAMessages.json_array.under_13.rules.implicit_patterns.004.i_am_a_kid,regex,symbols,1,runnable symbol_set,CUSTOMER_MESSAGE,ðŸ™…ðŸ¿â€â™‚ï¸,stop_emoji,opt_out
rule_fbc658efd1856775,autoQAMessages.json_array.under_13.rules.indirect_patterns.014.i_am_in_1_6_st_nd_rd_th_grade,regex,symbols,1,runnable symbol_set,CUSTOMER_MESSAGE,ðŸ™…ðŸ¿â€â™€ï¸,stop_emoji,opt_out
rule_ee88dd4d38489b87,autoQAMessages.json_array.under_13.rules.indirect_patterns.012.i_am_in_grade_d,regex,tapback,0,inventory-only; skipped by runner,CUSTOMER_MESSAGE,,reaction_reply,close
rule_af8bb716b0c6604d,autoQAMessages.json_array.under_13.rules.implicit_patterns.006.i_am_young,regex,tech_no_text,1,runnable regex,CUSTOMER_MESSAGE,^this phone number is no longer in service$,device_not_working,opt_out
rule_70cab73313eaa2af,autoQAMessages.json_array.under_13_rules.implicit_patterns.013.i_m_a_child,regex,thanks,0,runnable regex,CUSTOMER_MESSAGE,^thank u$,frequent_texts,no_action
rule_a00256aa2e9eaac1,autoQAMessages.json_array.under_13_rules.implicit_patterns.005.i_m_a_kid,regex,thanks,0,runnable regex,CUSTOMER_MESSAGE,^thank you so much$,frequent_texts,no_action
rule_cb94613c9b6507b3,autoQAMessages.json_array.under_13_rules.indirect_patterns.015.i_m_in_1_6_st_nd_rd_th_grade,regex,thanks,0,runnable regex,CUSTOMER_MESSAGE,^thank you$,frequent_texts,no_action
rule_55d3e5ee92442178,autoQAMessages.json_array.under_13_rules.indirect_patterns.013.i_m_in_grade_d,regex,thanks,0,runnable regex,CUSTOMER_MESSAGE,^thanks so much$,frequent_texts,no_action
rule_768fd602760047db,autoQAMessages.json_array.under_13_rules.implicit_patterns.008.i_m_just_a_kid,regex,thanks,0,runnable regex,CUSTOMER_MESSAGE,^thanks$,frequent_texts,no_action
rule_1ebfaae8b6766102,autoQAMessages.json_array.under_13_rules.implicit_patterns.011.i_m_little,regex,thanks,0,runnable regex,CUSTOMER_MESSAGE,^thx$,frequent_texts,no_action
rule_2a0d24cf52c11fbf,autoQAMessages.json_array.under_13_rules.implicit_patterns.007.i_m_young,regex,tmt,0,runnable regex,CUSTOMER_MESSAGE,(?:dont|do not)\s+(?:text|message|contact)\s+(?:me\s+)?so\s+much,tmt,tmt
rule_78e129cd4901f235,autoQAMessages.json_array.under_13.rules.implicit_patterns.005.im_a_kid,regex,tmt,0,runnable regex,CUSTOMER_MESSAGE,(?:send\s+)?fewer\s+(?:texts|text\s+messages|messages|msgs),tmt,tmt
rule_ab95585b0c3e80a3,autoQAMessages.json_array.under_13.rules.indirect_patterns.013.im_in_grade_d,regex,tmt,0,runnable regex,CUSTOMER_MESSAGE,(?:send\s+)?less\s+(?:texts|text\s+messages|messages|msgs),tmt,tmt
rule_e56d37b4357a5548,autoQAMessages.json_array.under_13.rules.implicit_patterns.011.im_little,regex,tmt,0,runnable regex,CUSTOMER_MESSAGE,(?:text|message|contact)\s+me\s+less,tmt,tmt
rule_a036c6217ce19355,autoQAMessages.json_array.under_13.rules.indirect_patterns.004.kindergarten,regex,tmt,0,runnable regex,CUSTOMER_MESSAGE,(?:text|message|contact|send)\s+me\s+less\s+often,tmt,tmt
rule_e6dfe15a683267ac,autoQAMessages.json_array.under_13.rules.indirect_patterns.007.second_grader,regex,tmt,0,runnable regex,CUSTOMER_MESSAGE,\b(?:send )?fewer (?:texts?|text messages?|messages?|msgs?)\b,tmt,tmt
rule_719b6a949d37ca24,autoQAMessages.json_array.under_13.rules.indirect_patterns.008.third_grader,regex,tmt,0,runnable regex,CUSTOMER_MESSAGE,\b(?:send )?less (?:texts?|text messages?|messages?|msgs?)\b,tmt,tmt
rule_ccb279bed5ced46e,autoQAMessages.json_array.under_13.rules.implicit_patterns.002.younger_than_13,regex,tmt,0,runnable regex,CUSTOMER_MESSAGE,\b(?:text|message|contact) me less\b,tmt,tmt
rule_c563911d233a481b,optOutClassifier.json.patterns.52,regex,tmt,0,runnable regex,CUSTOMER_MESSAGE,\b(?:text|message|contact|send) me less often\b,tmt,tmt
rule_08f690d9257d94be,optOutClassifier.validator.curated.019.unsubscribe,regex,tmt,0,runnable regex,CUSTOMER_MESSAGE,\blower (?:the )?frequency\b,tmt,tmt
rule_da663ebd4b3daf52,optOutClassifier.validator.curated.020.unsubscribe,regex,tmt,0,runnable regex,CUSTOMER_MESSAGE,\bnot as many (?:texts?|text messages?|messages?|msgs?)\b,tmt,tmt
rule_d28e0015cdebf185,optOutClassifier.json.patterns.27,regex,tmt,0,runnable regex,CUSTOMER_MESSAGE,\breduce (?:the )?(?:texts?|text messages?|messages?|msgs?)\b,tmt,tmt
rule_6e424fef5f28b435,optOutClassifier.validator.curated.087.unsubscribe,regex,tmt,0,runnable regex,CUSTOMER_MESSAGE,\breduce (?:the )?frequency\b,tmt,tmt
rule_d9f913464c317a61,optOutClassifier.validator.curated.098.unsubscribe,regex,tmt,0,runnable regex,CUSTOMER_MESSAGE,\bsend (?:me )?(?:texts?|text messages?|messages?|msgs?) less\b,tmt,tmt
rule_416368de7cfa2e0e,optOutClassifier.json.patterns.2,regex,tmt,0,runnable regex,CUSTOMER_MESSAGE,\bsend me less\b,tmt,tmt
rule_2d1509145be5b5b6,optOutClassifier.json.patterns.6,regex,tmt,0,runnable regex,CUSTOMER_MESSAGE,\bslow down (?:on )?(?:the )?(?:texts?|text messages?|messages?|msgs?)\b,tmt,tmt
rule_75adad750f0e91ec,optOutClassifier.validator.curated.102.unsubscribe,regex,tmt,0,runnable regex,CUSTOMER_MESSAGE,\bso many (?:texts?|text messages?|messages?|msgs?)\b,tmt,tmt
rule_ddcd1fc78668c305,optOutClassifier.json.patterns.25,regex,tmt,0,runnable regex,CUSTOMER_MESSAGE,\bstop (?:texting|messaging|contacting) (?:me )?so much\b,tmt,tmt
rule_e850b9751b0226eb,optOutClassifier.json.patterns.23,regex,tmt,0,runnable regex,CUSTOMER_MESSAGE,\bstop sending (?:me )?so many (?:texts?|text messages?|messages?|msgs?)\b,tmt,tmt
rule_d148b4e71ebcf1f8,optOutClassifier.validator.curated.108.wrong_number,regex,tmt,0,runnable regex,CUSTOMER_MESSAGE,\btoo many (?:texts?|text messages?|messages?|msgs?)\b,tmt,tmt
rule_eb793692c962e8f7,autoQAMessages.json_array.offensive.symbols.002.rule,symbol_set,tmt,0,runnable regex,CUSTOMER_MESSAGE,lower\s+(?:the\s+)?frequency,tmt,tmt
rule_da99b9bba7f2ec35,autoQAMessages.json_array.offensive.symbols.004.rule,symbol_set,tmt,0,runnable regex,CUSTOMER_MESSAGE,not\s+as\s+many\s+(?:texts|text\s+messages|messages|msgs),tmt,tmt
rule_b624e0fce8ed2490,autoQAMessages.json_array.offensive.symbols.006.rule,symbol_set,tmt,0,runnable regex,CUSTOMER_MESSAGE,not\s+so\s+many\s+(?:texts|text\s+messages|messages|msgs),tmt,tmt
rule_4c26c7767c6fd936,zapOptOuts.deterministic.stop_emoji.rule,symbol_set,tmt,0,runnable regex,CUSTOMER_MESSAGE,reduce\s+(?:the\s+)?(?:texts|text\s+messages|messages|msgs),tmt,tmt
rule_526883890a95af67,zapOptOuts.deterministic.stop_emoji.rule,symbol_set,tmt,0,runnable regex,CUSTOMER_MESSAGE,reduce\s+(?:the\s+)?frequency,tmt,tmt
rule_4bd39a4986ab8cb0,zapOptOuts.deterministic.stop_emoji.rule,symbol_set,tmt,0,runnable regex,CUSTOMER_MESSAGE,send\s+(?:me\s+)?(?:texts|text\s+messages|messages|msgs)\s+less,tmt,tmt
rule_bc9c832571600ec8,zapOptOuts.deterministic.stop_emoji.rule,symbol_set,tmt,0,runnable regex,CUSTOMER_MESSAGE,slow\s+down\s+(?:on\s+)?(?:the\s+)?(?:texts|text\s+messages|msgs|messages),tmt,tmt
rule_92fa75b26869f54e,zapOptOuts.deterministic.stop_emoji.rule,symbol_set,tmt,0,runnable regex,CUSTOMER_MESSAGE,so\s+many\s+(?:texts|text\s+messages|messages|msgs),tmt,tmt
rule_6f7632d398aaac82,autoQAMessages.json_array.direct_opt_out.symbols.013.rule,symbol_set,tmt,0,runnable regex,CUSTOMER_MESSAGE,stop\s+(?:texting|messaging|contacting)\s+(?:me\s+)?so\s+much,tmt,tmt
rule_e109826f1a4a33ef,autoQAMessages.json_array.direct_opt_out.symbols.014.rule,symbol_set,tmt,0,runnable regex,CUSTOMER_MESSAGE,stop\s+sending\s+(?:me\s+)?so\s+many\s+(?:texts|text\s+messages|messages|msgs),tmt,tmt
rule_207ded67eb1b3cdb,autoQAMessages.json_array.direct_opt_out.symbols.001.rule,symbol_set,tmt,0,runnable regex,CUSTOMER_MESSAGE,too\s+many\s+(?:texts|text\s+messages|messages|msgs),tmt,tmt
rule_720e80cba6874b87,autoQAMessages.json_array.direct_opt_out.symbols.037.rule,symbol_set,txt,0,runnable regex,CUSTOMER_MESSAGE,\bhow did (?:you|u) get my (?:number|phone number|contact)\b,txt,txt
rule_bf7a2b8383209c65,autoQAMessages.json_array.direct_opt_out.symbols.004.rule,symbol_set,txt,0,runnable regex,CUSTOMER_MESSAGE,\bi (?:dont|do not) know (?:you|u)\b,txt,txt
rule_b8280596855726d6,autoQAMessages.json_array.direct_opt_out.symbols.012.rule,symbol_set,txt,0,runnable regex,CUSTOMER_MESSAGE,\bwhere did (?:you|u) get my (?:number|phone number|contact)\b,txt,txt
rule_f10297dd146a62ed,autoQAMessages.json_array.direct_opt_out.symbols.038.rule,symbol_set,txt,0,runnable regex,CUSTOMER_MESSAGE,\bwho (?:is|are) (?:this|you|u)\b,txt,txt
rule_8d78c4f42000b4b0,autoQAMessages.json_array.direct_opt_out.symbols.039.rule,symbol_set,txt,0,runnable regex,CUSTOMER_MESSAGE,\bwho gave (?:you|u) my (?:number|phone number|contact)\b,txt,txt
rule_4243b0fb10c04360,autoQAMessages.json_array.direct_opt_out.symbols.009.rule,symbol_set,txt,0,runnable regex,CUSTOMER_MESSAGE,\bwhy (?:am i|do i) (?:getting|get|receive|receiving) (?:these )?(?:texts?|text messages?|messages?|msgs?)\b,txt,txt
rule_4107e09c719d1c66,autoQAMessages.json_array.stop_emojis.022.rule,symbol_set,txt,0,runnable regex,CUSTOMER_MESSAGE,\bwhy (?:are|r) (?:you|u) (?:texting|messaging|msging) me\b,txt,txt
rule_e49a5c7185c452b8,autoQAMessages.json_array.stop_emojis.024.rule,symbol_set,txt,0,runnable regex,CUSTOMER_MESSAGE,\bwhy (?:are|r) (?:you|u) contacting me\b,txt,txt
rule_10e41fe9d1264163,autoQAMessages.json_array.stop_emojis.026.rule,symbol_set,txt,0,runnable regex,CUSTOMER_MESSAGE,\bwhy (?:are|r) (?:you|u) sending (?:me )?(?:texts?|text messages?|messages?|msgs?)\b,txt,txt
rule_f95e51602db82ecd,autoQAMessages.json_array.direct_opt_out.symbols.033.rule,symbol_set,txt,0,runnable regex,CUSTOMER_MESSAGE,\bwhy did (?:you|u) (?:text|message|msg) me\b,txt,txt
rule_16039a6b697d29ff,autoQAMessages.json_array.direct_opt_out.symbols.011.rule,symbol_set,txt,0,runnable regex,CUSTOMER_MESSAGE,\bwhy did (?:you|u) contact me\b,txt,txt
rule_f199d12abdefc86f,autoQAMessages.json_array.direct_opt_out.symbols.015.rule,symbol_set,txt,0,runnable regex,CUSTOMER_MESSAGE,\bwhy did i get (?:this|these) (?:text|texts|message|messages|msg|msgs)\b,txt,txt
rule_a15d4a04882995e4,autoQAMessages.json_array.direct_opt_out.symbols.027.rule,symbol_set,txt,0,runnable regex,CUSTOMER_MESSAGE,\bwhy do (?:you|u) (?:text|message|msg) me\b,txt,txt
rule_1665613d14047d0b,autoQAMessages.json_array.direct_opt_out.symbols.022.rule,symbol_set,txt,0,runnable regex,CUSTOMER_MESSAGE,\bwhy do (?:you|u) keep (?:texting|messaging|contacting)(?: me)?\b,txt,txt
rule_0fe00da55f07a7e0,autoQAMessages.json_array.direct_opt_out.symbols.017.rule,symbol_set,txt,0,runnable regex,CUSTOMER_MESSAGE,how\s+did\s+(?:you|u)\s+get\s+my\s+(?:number|phone\s+number|contact),txt,txt
rule_0e78036752c7af6d,autoQAMessages.json_array.direct_opt_out.symbols.029.rule,symbol_set,txt,0,runnable regex,CUSTOMER_MESSAGE,i\s+(?:dont|do not)\s+know\s+(?:you|u),txt,txt
rule_be3387591f78b782,autoQAMessages.json_array.direct_opt_out.symbols.024.rule,symbol_set,txt,0,runnable regex,CUSTOMER_MESSAGE,where\s+did\s+(?:you|u)\s+get\s+my\s+(?:number|phone\s+number|contact),txt,txt
rule_a4a93ad4223dda1e,autoQAMessages.json_array.direct_opt_out.symbols.019.rule,symbol_set,txt,0,runnable regex,CUSTOMER_MESSAGE,who\s+(?:is|are)\s+(?:this|you|u),txt,txt
rule_00f266a3137ff06c,autoQAMessages.json_array.direct_opt_out.symbols.031.rule,symbol_set,txt,0,runnable regex,CUSTOMER_MESSAGE,who\s+gave\s+(?:you|u)\s+my\s+(?:number|phone\s+number|contact),txt,txt
rule_5d1bf1ef3af45c08,autoQAMessages.json_array.direct_opt_out.symbols.026.rule,symbol_set,txt,0,runnable regex,CUSTOMER_MESSAGE,why\s+(?:am\s+i|do\s+i)\s+(?:getting|get|receive|receiving)\s+(?:these\s+)?(?:texts|text\s+messages|messages|msgs),txt,txt
rule_fccc382557697796,autoQAMessages.labels.short_offensive.fu,vocabulary,txt,0,runnable regex,CUSTOMER_MESSAGE,why\s+(?:are|r)\s+(?:you|u)\s+(?:texting|messaging|msging)\s+me,txt,txt
rule_7c95d9b13f807a5f,autoQAMessages.labels.short_offensive.fucking,vocabulary,txt,0,runnable regex,CUSTOMER_MESSAGE,why\s+(?:are|r)\s+(?:you|u)\s+contacting\s+me,txt,txt
rule_033041317d0d39fe,autoQAMessages.labels.short_offensive.sybau,vocabulary,txt,0,runnable regex,CUSTOMER_MESSAGE,why\s+(?:are|r)\s+(?:you|u)\s+sending\s+(?:me\s+)?(?:texts|text\s+messages|messages|msgs),txt,txt
rule_7cbf7cf81c731c8e,autoQAMessages.json_array.keyword.exact.024.block,vocabulary,txt,0,runnable regex,CUSTOMER_MESSAGE,why\s+did\s+(?:you|u)\s+(?:text|message|msg)\s+me,txt,txt
rule_439752bdc63861f3,autoQAMessages.json_array.keyword.exact.042.bye,vocabulary,txt,0,runnable regex,CUSTOMER_MESSAGE,why\s+did\s+(?:you|u)\s+contact\s+me,txt,txt
rule_9434cd9289a79141,autoQAMessages.json_array.keyword.exact.033.cancelar,vocabulary,txt,0,runnable regex,CUSTOMER_MESSAGE,why\s+did\s+i\s+get\s+(?:this|these)\s+(?:text|texts|message|messages|msg|msgs),txt,txt
rule_c798620dba2e586a,autoQAMessages.json_array.keyword.exact.013.decline,vocabulary,txt,0,runnable regex,CUSTOMER_MESSAGE,why\s+do\s+(?:you|u)\s+(?:text|message|msg)\s+me,txt,txt
rule_36c2ad827b6622bb,autoQAMessages.json_array.keyword.exact.015.deny,vocabulary,txt,0,runnable regex,CUSTOMER_MESSAGE,why\s+do\s+(?:you|u)\s+keep\s+(?:texting|messaging|contacting)(?:\s+me)?,txt,txt
rule_4f396a8aa5360fb6,autoQAMessages.json_array.keyword.exact.008.discontinue,vocabulary,typo_opt_out_keyword,1,runnable vocabulary,CUSTOMER_MESSAGE,arop,opt_out_typo,opt_out
rule_f975efb61451824f,autoQAMessages.json_array.keyword.exact.045.discontinued,vocabulary,typo_opt_out_keyword,1,runnable vocabulary,CUSTOMER_MESSAGE,astop,opt_out_typo,opt_out
rule_4fe51453ec439d43,autoQAMessages.json_array.keyword.exact.046.disregard,vocabulary,typo_opt_out_keyword,1,runnable vocabulary,CUSTOMER_MESSAGE,atop,opt_out_typo,opt_out
rule_ff3af6deb2d6ce1c,autoQAMessages.json_array.keyword.exact.031.dnc,vocabulary,typo_opt_out_keyword,1,runnable vocabulary,CUSTOMER_MESSAGE,banned,opt_out_typo,opt_out
rule_a18af10c7a3a22aa,autoQAMessages.json_array.keyword.exact.030.do_not_contact,vocabulary,typo_opt_out_keyword,1,runnable vocabulary,CUSTOMER_MESSAGE,c3rvca,opt_out_typo,opt_out
rule_157e140013fc23de,autoQAMessages.json_array.keyword.exact.029.done,vocabulary,typo_opt_out_keyword,1,runnable vocabulary,CUSTOMER_MESSAGE,canceled,opt_out_typo,opt_out
rule_c3dc65183282baaf,autoQAMessages.json_array.keyword.exact.019.drop,vocabulary,typo_opt_out_keyword,1,runnable vocabulary,CUSTOMER_MESSAGE,canceling,opt_out_typo,opt_out
rule_ade7bf36e8de2073,autoQAMessages.json_array.keyword.exact.005.end,vocabulary,typo_opt_out_keyword,1,runnable vocabulary,CUSTOMER_MESSAGE,cancellation,opt_out_typo,opt_out
rule_b765bd113a4e315e,autoQAMessages.json_array.keyword.exact.035.exit,vocabulary,typo_opt_out_keyword,1,runnable vocabulary,CUSTOMER_MESSAGE,cancelled,opt_out_typo,opt_out
rule_68bfff39badc29a8,autoQAMessages.json_array.keyword.exact.016.junk,vocabulary,typo_opt_out_keyword,1,runnable vocabulary,CUSTOMER_MESSAGE,cancelling,opt_out_typo,opt_out
rule_8f5757a432df1604,autoQAMessages.json_array.keyword.exact.020.leave,vocabulary,typo_opt_out_keyword,1,runnable vocabulary,CUSTOMER_MESSAGE,cancle,opt_out_typo,opt_out
rule_f09cbbf5c87bf2fc,autoQAMessages.json_array.keyword.exact.036.mute,vocabulary,typo_opt_out_keyword,1,runnable vocabulary,CUSTOMER_MESSAGE,decease and desist,opt_out_typo,opt_out
rule_628845b832496af1,autoQAMessages.json_array.keyword.exact.037.never,vocabulary,typo_opt_out_keyword,1,runnable vocabulary,CUSTOMER_MESSAGE,droop,opt_out_typo,opt_out
rule_949dbd040d7b98f7,autoQAMessages.json_array.keyword.exact.038.off,vocabulary,typo_opt_out_keyword,1,runnable vocabulary,CUSTOMER_MESSAGE,dtop,opt_out_typo,opt_out
rule_2f2141a06e7c5d75,autoQAMessages.json_array.keyword.exact.002.opt_out,vocabulary,typo_opt_out_keyword,1,runnable vocabulary,CUSTOMER_MESSAGE,estop,opt_out_typo,opt_out
rule_ed3db71ec5a14a9c,autoQAMessages.json_array.keyword.exact.023.out,vocabulary,typo_opt_out_keyword,1,runnable vocabulary,CUSTOMER_MESSAGE,inscribe,opt_out_typo,opt_out
rule_97d70a1a3f12877c,autoQAMessages.json_array.keyword.exact.028.pause,vocabulary,typo_opt_out_keyword,1,runnable vocabulary,CUSTOMER_MESSAGE,istop,opt_out_typo,opt_out
rule_cebcde54a00fef2d,autoQAMessages.json_array.keyword.exact.011.quit,vocabulary,typo_opt_out_keyword,1,runnable vocabulary,CUSTOMER_MESSAGE,op out,opt_out_typo,opt_out
rule_02b6ffd9d71d2546,autoQAMessages.json_array.keyword.exact.003.remove,vocabulary,typo_opt_out_keyword,1,runnable vocabulary,CUSTOMER_MESSAGE,optout,opt_out_typo,opt_out
rule_30b189cbcae0d245,autoQAMessages.json_array.keyword.exact.007.revoke,vocabulary,typo_opt_out_keyword,1,runnable vocabulary,CUSTOMER_MESSAGE,sfop,opt_out_typo,opt_out
rule_765187929b059c0c,autoQAMessages.json_array.keyword.exact.044.shush,vocabulary,typo_opt_out_keyword,1,runnable vocabulary,CUSTOMER_MESSAGE,sgop,opt_out_typo,opt_out
rule_01be5e74185327ab,autoQAMessages.json_array.keyword.exact.021.shut_up,vocabulary,typo_opt_out_keyword,1,runnable vocabulary,CUSTOMER_MESSAGE,slop,opt_out_typo,opt_out
rule_8e3fa841318a9c09,autoQAMessages.json_array.keyword.exact.017.spam,vocabulary,typo_opt_out_keyword,1,runnable vocabulary,CUSTOMER_MESSAGE,sop,opt_out_typo,opt_out
rule_4c888272136f680f,autoQAMessages.json_array.keyword.exact.004.stop,vocabulary,typo_opt_out_keyword,1,runnable vocabulary,CUSTOMER_MESSAGE,sotp,opt_out_typo,opt_out
rule_723a771afba20219,autoQAMessages.json_array.keyword.exact.039.stopped,vocabulary,typo_opt_out_keyword,1,runnable vocabulary,CUSTOMER_MESSAGE,srip,opt_out_typo,opt_out
rule_14c20a491a0ab2ca,autoQAMessages.json_array.keyword.exact.010.terminate,vocabulary,typo_opt_out_keyword,1,runnable vocabulary,CUSTOMER_MESSAGE,srop,opt_out_typo,opt_out
rule_5ef21e9a6120bf81,autoQAMessages.json_array.keyword.exact.027.unfollow,vocabulary,typo_opt_out_keyword,1,runnable vocabulary,CUSTOMER_MESSAGE,st,opt_out_typo,opt_out
rule_92b58d147fe08a12,autoQAMessages.json_array.keyword.exact.018.unsub,vocabulary,typo_opt_out_keyword,1,runnable vocabulary,CUSTOMER_MESSAGE,st op,opt_out_typo,opt_out
rule_892f553dd9780ef1,autoQAMessages.json_array.keyword.exact.040.unsubcribed,vocabulary,typo_opt_out_keyword,1,runnable vocabulary,CUSTOMER_MESSAGE,st0p,opt_out_typo,opt_out
rule_d9b875ebe701b1e6,autoQAMessages.json_array.keyword.exact.001.unsubscribe,vocabulary,typo_opt_out_keyword,1,runnable vocabulary,CUSTOMER_MESSAGE,staop,opt_out_typo,opt_out
rule_9658ba30727037b9,autoQAMessages.json_array.keyword.exact.041.unsubscribing,vocabulary,typo_opt_out_keyword,1,runnable vocabulary,CUSTOMER_MESSAGE,stap,opt_out_typo,opt_out
rule_7e5b3ab6e70f9bf8,autoQAMessages.json_array.keyword.exact.012.withdraw,vocabulary,typo_opt_out_keyword,1,runnable vocabulary,CUSTOMER_MESSAGE,stiop,opt_out_typo,opt_out
rule_f5ec9634723181b4,optOutClassifier.analyzer.signal.block,vocabulary,typo_opt_out_keyword,1,runnable vocabulary,CUSTOMER_MESSAGE,stip,opt_out_typo,opt_out
rule_ca88c8f60b22178f,optOutClassifier.analyzer.signal.cease,vocabulary,typo_opt_out_keyword,1,runnable vocabulary,CUSTOMER_MESSAGE,sto0,opt_out_typo,opt_out
rule_472c3dc9759c285f,optOutClassifier.analyzer.signal.delete,vocabulary,typo_opt_out_keyword,1,runnable vocabulary,CUSTOMER_MESSAGE,stoap,opt_out_typo,opt_out
rule_c4375511f12cc746,optOutClassifier.analyzer.signal.do_not,vocabulary,typo_opt_out_keyword,1,runnable vocabulary,CUSTOMER_MESSAGE,stol,opt_out_typo,opt_out
rule_5dc3413fd58069c1,optOutClassifier.analyzer.signal.not_interested,vocabulary,typo_opt_out_keyword,1,runnable vocabulary,CUSTOMER_MESSAGE,stop 2,opt_out_typo,opt_out
rule_08cf8ec2965d50d2,optOutClassifier.analyzer.signal.opt,vocabulary,typo_opt_out_keyword,1,runnable vocabulary,CUSTOMER_MESSAGE,stop l,opt_out_typo,opt_out
rule_eb67459914f33213,optOutClassifier.analyzer.signal.quit,vocabulary,typo_opt_out_keyword,1,runnable vocabulary,CUSTOMER_MESSAGE,stop p,opt_out_typo,opt_out
rule_d183066a3208e4c7,optOutClassifier.analyzer.signal.sue,vocabulary,typo_opt_out_keyword,1,runnable vocabulary,CUSTOMER_MESSAGE,stopa,opt_out_typo,opt_out
rule_849fca699486f4a2,optOutClassifier.analyzer.signal.take_me_off,vocabulary,typo_opt_out_keyword,1,runnable vocabulary,CUSTOMER_MESSAGE,stope,opt_out_typo,opt_out
rule_f929cd322c46ad0e,optOutClassifier.analyzer.signal.unsub,vocabulary,typo_opt_out_keyword,1,runnable vocabulary,CUSTOMER_MESSAGE,stopend,opt_out_typo,opt_out
rule_e4565be53b48b936,optOutClassifier.analyzer.signal.unsubscribe,vocabulary,typo_opt_out_keyword,1,runnable vocabulary,CUSTOMER_MESSAGE,stopn,opt_out_typo,opt_out
rule_244b991555646b7d,optOutClassifier.validator.signal.block,vocabulary,typo_opt_out_keyword,1,runnable vocabulary,CUSTOMER_MESSAGE,stopping,opt_out_typo,opt_out
rule_edd33c95eb48322f,optOutClassifier.validator.signal.delete,vocabulary,typo_opt_out_keyword,1,runnable vocabulary,CUSTOMER_MESSAGE,stoppppp,opt_out_typo,opt_out
rule_93c1fd1c63faecdc,optOutClassifier.validator.signal.do_not,vocabulary,typo_opt_out_keyword,1,runnable vocabulary,CUSTOMER_MESSAGE,stopppppp,opt_out_typo,opt_out
rule_bfc1c77d718ee2cb,optOutClassifier.validator.signal.don_t,vocabulary,typo_opt_out_keyword,1,runnable vocabulary,CUSTOMER_MESSAGE,stops,opt_out_typo,opt_out
rule_ff8c029ec01a7b0d,optOutClassifier.validator.signal.dont,vocabulary,typo_opt_out_keyword,1,runnable vocabulary,CUSTOMER_MESSAGE,stopstop,opt_out_typo,opt_out
rule_ab62e1a342ea04ed,optOutClassifier.validator.signal.end,vocabulary,typo_opt_out_keyword,1,runnable vocabulary,CUSTOMER_MESSAGE,stoptoend,opt_out_typo,opt_out
rule_27e7cb5ab7c9ae79,optOutClassifier.validator.signal.opt,vocabulary,typo_opt_out_keyword,1,runnable vocabulary,CUSTOMER_MESSAGE,stopunsubscribe,opt_out_typo,opt_out
rule_6ca2a258fcb96573,optOutClassifier.validator.signal.opt_out,vocabulary,typo_opt_out_keyword,1,runnable vocabulary,CUSTOMER_MESSAGE,stozp,opt_out_typo,opt_out
rule_0272e5122e10ac60,optOutClassifier.validator.signal.opt_out,vocabulary,typo_opt_out_keyword,1,runnable vocabulary,CUSTOMER_MESSAGE,stp,opt_out_typo,opt_out
rule_76d2c6f8ad77525d,optOutClassifier.validator.signal.remove,vocabulary,typo_opt_out_keyword,1,runnable vocabulary,CUSTOMER_MESSAGE,stpp,opt_out_typo,opt_out
rule_bc2613cdc044ffeb,optOutClassifier.validator.signal.remove_me,vocabulary,typo_opt_out_keyword,1,runnable vocabulary,CUSTOMER_MESSAGE,strop,opt_out_typo,opt_out
rule_b60d025f0238fc6e,optOutClassifier.validator.signal.stop,vocabulary,typo_opt_out_keyword,1,runnable vocabulary,CUSTOMER_MESSAGE,sttop,opt_out_typo,opt_out
rule_0c03d7441245fd35,optOutClassifier.validator.signal.take_me_off,vocabulary,typo_opt_out_keyword,1,runnable vocabulary,CUSTOMER_MESSAGE,stup,opt_out_typo,opt_out
rule_1f1655b9c2a0eb38,optOutClassifier.validator.signal.unsub,vocabulary,typo_opt_out_keyword,1,runnable vocabulary,CUSTOMER_MESSAGE,syop,opt_out_typo,opt_out
rule_23805d8f145689b7,optOutClassifier.validator.signal.unsubscribe,vocabulary,typo_opt_out_keyword,1,runnable vocabulary,CUSTOMER_MESSAGE,s,opt_out_typo,opt_out
rule_26e76065b0de6fdd,autoQAMessages.json_array.keyword.typo.079.arop,vocabulary,typo_opt_out_keyword,1,runnable vocabulary,CUSTOMER_MESSAGE,u subscribe,opt_out_typo,opt_out
rule_26a3375b90418031,autoQAMessages.json_array.keyword.typo.001.astop,vocabulary,typo_opt_out_keyword,1,runnable vocabulary,CUSTOMER_MESSAGE,u1rpua,opt_out_typo,opt_out
rule_4b71a1249b131113,autoQAMessages.json_array.keyword.typo.002.atop,vocabulary,typo_opt_out_keyword,1,runnable vocabulary,CUSTOMER_MESSAGE,u1rpuca,opt_out_typo,opt_out
rule_2fb69424acf606b3,autoQAMessages.json_array.keyword.typo.077.banned,vocabulary,typo_opt_out_keyword,1,runnable vocabulary,CUSTOMER_MESSAGE,u3rvca,opt_out_typo,opt_out
rule_f5023ff48590b958,autoQAMessages.json_array.keyword.typo.003.c3rvca,vocabulary,typo_opt_out_keyword,1,runnable vocabulary,CUSTOMER_MESSAGE,u3rvcca,opt_out_typo,opt_out
rule_7c22400b209cbf13,autoQAMessages.json_array.keyword.typo.015.canceled,vocabulary,typo_opt_out_keyword,1,runnable vocabulary,CUSTOMER_MESSAGE,ubsubscribe,opt_out_typo,opt_out
rule_fd2dd4dd41d635f8,autoQAMessages.json_array.keyword.typo.005.canceling,vocabulary,typo_opt_out_keyword,1,runnable vocabulary,CUSTOMER_MESSAGE,un subscribe,opt_out_typo,opt_out
rule_330a3e0d60590167,autoQAMessages.json_array.keyword.typo.078.cancellation,vocabulary,typo_opt_out_keyword,1,runnable vocabulary,CUSTOMER_MESSAGE,undubscribe,opt_out_typo,opt_out
rule_9e9f5148f311716d,autoQAMessages.json_array.keyword.typo.016.cancelled,vocabulary,typo_opt_out_keyword,1,runnable vocabulary,CUSTOMER_MESSAGE,unscribe,opt_out_typo,opt_out
rule_2e00f258e138100b,autoQAMessages.json_array.keyword.typo.017.cancelling,vocabulary,typo_opt_out_keyword,1,runnable vocabulary,CUSTOMER_MESSAGE,unsiscrube,opt_out_typo,opt_out
rule_50c8b6d60b4b60eb,autoQAMessages.json_array.keyword.typo.021.decease_and_desist,vocabulary,typo_opt_out_keyword,1,runnable vocabulary,CUSTOMER_MESSAGE,unsubcribe,opt_out_typo,opt_out
rule_d391f8952509c806,autoQAMessages.json_array.keyword.typo.102.droop,vocabulary,typo_opt_out_keyword,1,runnable vocabulary,CUSTOMER_MESSAGE,unsubribe,opt_out_typo,opt_out
rule_0e088d5ce0de842f,autoQAMessages.json_array.keyword.typo.006.dtop,vocabulary,typo_opt_out_keyword,1,runnable vocabulary,CUSTOMER_MESSAGE,unsubscibe,opt_out_typo,opt_out
rule_1cf6c4f7a04cabe9,autoQAMessages.json_array.keyword.typo.007.ends,vocabulary,typo_opt_out_keyword,1,runnable vocabulary,CUSTOMER_MESSAGE,unsubscirbe,opt_out_typo,opt_out
rule_334452e5d1841bec,autoQAMessages.json_array.keyword.typo.008.estop,vocabulary,typo_opt_out_keyword,1,runnable vocabulary,CUSTOMER_MESSAGE,unsubscrbe,opt_out_typo,opt_out
rule_23507686012a5353,autoQAMessages.json_array.keyword.typo.009.inscribe,vocabulary,typo_opt_out_keyword,1,runnable vocabulary,CUSTOMER_MESSAGE,unsubscrib,opt_out_typo,opt_out
rule_e96a3cf40c5f4c9e,autoQAMessages.json_array.keyword.typo.080.op_out,vocabulary,typo_opt_out_keyword,1,runnable vocabulary,CUSTOMER_MESSAGE,unsubscribr,opt_out_typo,opt_out
rule_20baf10d372c1cb2,autoQAMessages.json_array.keyword.typo.081.opt,vocabulary,typo_opt_out_keyword,1,runnable vocabulary,CUSTOMER_MESSAGE,unsubscride,opt_out_typo,opt_out
rule_8443e9f453f6eda8,autoQAMessages.json_array.keyword.typo.011.optout,vocabulary,typo_opt_out_keyword,1,runnable vocabulary,CUSTOMER_MESSAGE,unsubscripe,opt_out_typo,opt_out
rule_e661d1b3d76324ca,autoQAMessages.json_array.keyword.typo.012.sfop,vocabulary,typo_opt_out_keyword,1,runnable vocabulary,CUSTOMER_MESSAGE,unsubscrive,opt_out_typo,opt_out
rule_123b81d40eb9dcae,autoQAMessages.json_array.keyword.typo.082.sgop,vocabulary,typo_opt_out_keyword,1,runnable vocabulary,CUSTOMER_MESSAGE,unsubscrube,opt_out_typo,opt_out
rule_0a6001bad3128a14,autoQAMessages.json_array.keyword.typo.013.slop,vocabulary,typo_opt_out_keyword,1,runnable vocabulary,CUSTOMER_MESSAGE,unsubsctibe,opt_out_typo,opt_out
rule_5acd0ef1c43220ac,autoQAMessages.json_array.keyword.typo.014.sop,vocabulary,typo_opt_out_keyword,1,runnable vocabulary,CUSTOMER_MESSAGE,unsubsidize,opt_out_typo,opt_out
rule_e4327f7fd90e3c19,autoQAMessages.json_array.keyword.typo.083.sotp,vocabulary,typo_opt_out_keyword,1,runnable vocabulary,CUSTOMER_MESSAGE,unsubsrcibe,opt_out_typo,opt_out
rule_901910b4c7fa65f1,autoQAMessages.json_array.keyword.typo.084.srip,vocabulary,typo_opt_out_keyword,1,runnable vocabulary,CUSTOMER_MESSAGE,unsubsribe,opt_out_typo,opt_out
rule_16e35a347209d1d9,autoQAMessages.json_array.keyword.typo.018.srop,vocabulary,typo_opt_out_keyword,1,runnable vocabulary,CUSTOMER_MESSAGE,unsunscribe,opt_out_typo,opt_out
rule_405b03459e7ad2b6,autoQAMessages.json_array.keyword.typo.019.sstop,vocabulary,typo_opt_out_keyword,1,runnable vocabulary,CUSTOMER_MESSAGE,unsuscribe,opt_out_typo,opt_out
rule_54acdbcb3fb6004d,autoQAMessages.json_array.keyword.typo.085.st,vocabulary,typo_opt_out_keyword,1,runnable vocabulary,CUSTOMER_MESSAGE,wtop,opt_out_typo,opt_out
rule_25054bfcadcd746d,autoQAMessages.json_array.keyword.typo.086.st_op,vocabulary,typo_opt_out_keyword,1,runnable vocabulary,CUSTOMER_MESSAGE,ztop,opt_out_typo,opt_out
rule_69a46fbdc6028c9a,autoQAMessages.json_array.keyword.typo.020.st0p,vocabulary,under_13,1,inventory-only; skipped by runner,CUSTOMER_MESSAGE,,under_13,opt_out
rule_9ed2d638d8b71280,autoQAMessages.json_array.keyword.typo.087.staop,vocabulary,under_13,1,runnable regex,CUSTOMER_MESSAGE,"\b(i am|i'm|im|my age is|i'm only|i am only|i'm just|i am just)\s*(\d{1,2})\b",under_13,opt_out
rule_e8a43a1f08d14020,autoQAMessages.json_array.keyword.typo.022.stap,vocabulary,under_13,1,runnable regex,CUSTOMER_MESSAGE,\b(i am|i'm|im|my age is|i'm only|i am only|i'm just|i am just)\s*(one|two|three|four|five|six|seven|eight|nine|ten|eleven|twelve|thirteen)\b,under_13,opt_out
rule_2eb96716eb76a703,autoQAMessages.json_array.keyword.typo.023.stiop,vocabulary,under_13,1,runnable regex,CUSTOMER_MESSAGE,"\b(i am|im|my age is|im only|i am only|im just|i am just)\s*(\d{1,2})\b",under_13,opt_out
rule_7ecfe860ad805d2c,autoQAMessages.json_array.keyword.typo.024.stip,vocabulary,under_13,1,runnable regex,CUSTOMER_MESSAGE,\b(i am|im|my age is|im only|i am only|im just|i am just)\s*(one|two|three|four|five|six|seven|eight|nine|ten|eleven|twelve|thirteen)\b,under_13,opt_out
rule_4aa4568c611a2c42,autoQAMessages.json_array.keyword.typo.025.sto,vocabulary,under_13,1,runnable regex,CUSTOMER_MESSAGE,below 13,under_13,opt_out
rule_9fda5e4c60c716f3,autoQAMessages.json_array.keyword.typo.088.sto_p,vocabulary,under_13,1,runnable regex,CUSTOMER_MESSAGE,elementary school,under_13,opt_out
rule_a76ca215c3f64926,autoQAMessages.json_array.keyword.typo.026.sto0,vocabulary,under_13,1,runnable regex,CUSTOMER_MESSAGE,fifth grader,under_13,opt_out
rule_9218bce5a81e9c33,autoQAMessages.json_array.keyword.typo.089.stoap,vocabulary,under_13,1,runnable regex,CUSTOMER_MESSAGE,first grader,under_13,opt_out
rule_1ecb51f2a0286bd1,autoQAMessages.json_array.keyword.typo.027.stol,vocabulary,under_13,1,runnable regex,CUSTOMER_MESSAGE,fourth grader,under_13,opt_out
rule_19a2d8b4b609a9e8,autoQAMessages.json_array.keyword.typo.028.stoo,vocabulary,under_13,1,runnable regex,CUSTOMER_MESSAGE,grade [1-6],under_13,opt_out
rule_96aa654f09cdf9d9,autoQAMessages.json_array.keyword.typo.029.stoop,vocabulary,under_13,1,runnable regex,CUSTOMER_MESSAGE,grade school,under_13,opt_out
rule_d93faf36e14569b7,autoQAMessages.json_array.keyword.typo.090.stop_2,vocabulary,under_13,1,runnable regex,CUSTOMER_MESSAGE,i am a child,under_13,opt_out
rule_7d48e330bd46d3ae,autoQAMessages.json_array.keyword.typo.091.stop_l,vocabulary,under_13,1,runnable regex,CUSTOMER_MESSAGE,i am a kid,under_13,opt_out
rule_a033cd37db410e7e,autoQAMessages.json_array.keyword.typo.092.stop_p,vocabulary,under_13,1,runnable regex,CUSTOMER_MESSAGE,i am in [1-6](?:st|nd|rd|th) grade,under_13,opt_out
rule_aab6f1d789a8ca8c,autoQAMessages.json_array.keyword.typo.030.stop2end,vocabulary,under_13,1,runnable regex,CUSTOMER_MESSAGE,i am in grade \d,under_13,opt_out
rule_6f32ccb3af94b6c7,autoQAMessages.json_array.keyword.typo.031.stop2quit,vocabulary,under_13,1,runnable regex,CUSTOMER_MESSAGE,i am just a kid,under_13,opt_out
rule_e592ec9d2d9581b7,autoQAMessages.json_array.keyword.typo.032.stop2stop,vocabulary,under_13,1,runnable regex,CUSTOMER_MESSAGE,i am little,under_13,opt_out
rule_8694be31bf7fa0a7,autoQAMessages.json_array.keyword.typo.033.stopa,vocabulary,under_13,1,runnable regex,CUSTOMER_MESSAGE,i am young,under_13,opt_out
rule_cc923de45088136c,autoQAMessages.json_array.keyword.typo.034.stope,vocabulary,under_13,1,runnable regex,CUSTOMER_MESSAGE,i'm a child,under_13,opt_out
rule_4db1b16d310f04c3,autoQAMessages.json_array.keyword.typo.035.stopend,vocabulary,under_13,1,runnable regex,CUSTOMER_MESSAGE,i'm a kid,under_13,opt_out
rule_bdad6d3536e95d2d,autoQAMessages.json_array.keyword.typo.036.stopn,vocabulary,under_13,1,runnable regex,CUSTOMER_MESSAGE,i'm in [1-6](?:st|nd|rd|th) grade,under_13,opt_out
rule_9e96d3bc40cc152f,autoQAMessages.json_array.keyword.typo.093.stopped,vocabulary,under_13,1,runnable regex,CUSTOMER_MESSAGE,i'm in grade \d,under_13,opt_out
rule_ae963ba9b75ed53f,autoQAMessages.json_array.keyword.typo.094.stopping,vocabulary,under_13,1,runnable regex,CUSTOMER_MESSAGE,i'm just a kid,under_13,opt_out
rule_907dd292c02bafa3,autoQAMessages.json_array.keyword.typo.037.stoppp,vocabulary,under_13,1,runnable regex,CUSTOMER_MESSAGE,i'm little,under_13,opt_out
rule_c4bdc6c29d438155,autoQAMessages.json_array.keyword.typo.038.stopppp,vocabulary,under_13,1,runnable regex,CUSTOMER_MESSAGE,i'm young,under_13,opt_out
rule_bffdc8a76daa040b,autoQAMessages.json_array.keyword.typo.039.stoppppp,vocabulary,under_13,1,runnable regex,CUSTOMER_MESSAGE,im a child,under_13,opt_out
rule_6873c0bcded71828,autoQAMessages.json_array.keyword.typo.040.stopppppp,vocabulary,under_13,1,runnable regex,CUSTOMER_MESSAGE,im a kid,under_13,opt_out
rule_e25d87a50aae78f4,autoQAMessages.json_array.keyword.typo.041.stops,vocabulary,under_13,1,runnable regex,CUSTOMER_MESSAGE,im in [1-6](?:st|nd|rd|th) grade,under_13,opt_out
rule_ac70ccc5e7b2a690,autoQAMessages.json_array.keyword.typo.042.stopstop,vocabulary,under_13,1,runnable regex,CUSTOMER_MESSAGE,im in grade \d,under_13,opt_out
rule_4d144bafaaf004ba,autoQAMessages.json_array.keyword.typo.043.stoptoend,vocabulary,under_13,1,runnable regex,CUSTOMER_MESSAGE,im just a kid,under_13,opt_out
rule_10c397bb79a7ad63,autoQAMessages.json_array.keyword.typo.044.stopunsubscribe,vocabulary,under_13,1,runnable regex,CUSTOMER_MESSAGE,im little,under_13,opt_out
rule_4c3aafe32f8edff3,autoQAMessages.json_array.keyword.typo.095.stozp,vocabulary,under_13,1,runnable regex,CUSTOMER_MESSAGE,im young,under_13,opt_out
rule_e030e3a9bafc4026,autoQAMessages.json_array.keyword.typo.045.stp,vocabulary,under_13,1,runnable regex,CUSTOMER_MESSAGE,kindergarten,under_13,opt_out
rule_f69c2e2631e8275f,autoQAMessages.json_array.keyword.typo.046.stpo,vocabulary,under_13,1,runnable regex,CUSTOMER_MESSAGE,primary school,under_13,opt_out
rule_e165050335dd57e4,autoQAMessages.json_array.keyword.typo.047.stpp,vocabulary,under_13,1,runnable regex,CUSTOMER_MESSAGE,second grader,under_13,opt_out
rule_3c2db96978c17853,autoQAMessages.json_array.keyword.typo.048.strop,vocabulary,under_13,1,runnable regex,CUSTOMER_MESSAGE,sixth grader,under_13,opt_out
rule_caeff6a03229e844,autoQAMessages.json_array.keyword.typo.049.sttop,vocabulary,under_13,1,runnable regex,CUSTOMER_MESSAGE,third grader,under_13,opt_out
rule_5fc2eebe859fda44,autoQAMessages.json_array.keyword.typo.096.stup,vocabulary,under_13,1,runnable regex,CUSTOMER_MESSAGE,under 13,under_13,opt_out
rule_22a9e48b8d699805,autoQAMessages.json_array.keyword.typo.051.syop,vocabulary,under_13,1,runnable regex,CUSTOMER_MESSAGE,younger than 13,under_13,opt_out
rule_e4b79eef6100c150,autoQAMessages.json_array.keyword.typo.050.s,vocabulary,under_13,1,runnable vocabulary,CUSTOMER_MESSAGE,i am,under_13,opt_out
rule_12bf118669c6cc73,autoQAMessages.json_array.keyword.typo.097.u_subscribe,vocabulary,under_13,1,runnable vocabulary,CUSTOMER_MESSAGE,i am just,under_13,opt_out
rule_57969ae007bf1c57,autoQAMessages.json_array.keyword.typo.052.u1rpua,vocabulary,under_13,1,runnable vocabulary,CUSTOMER_MESSAGE,i am only,under_13,opt_out
rule_1f2c349ccafe94c8,autoQAMessages.json_array.keyword.typo.053.u1rpuca,vocabulary,under_13,1,runnable vocabulary,CUSTOMER_MESSAGE,im,under_13,opt_out
rule_f17b74b4dd80595e,autoQAMessages.json_array.keyword.typo.054.u3rvca,vocabulary,under_13,1,runnable vocabulary,CUSTOMER_MESSAGE,im just,under_13,opt_out
rule_9ce18b186f479d9d,autoQAMessages.json_array.keyword.typo.055.u3rvcca,vocabulary,under_13,1,runnable vocabulary,CUSTOMER_MESSAGE,im only,under_13,opt_out
rule_9c53ea73b2e0b84b,autoQAMessages.json_array.keyword.typo.056.ubsubscribe,vocabulary,under_13,1,runnable vocabulary,CUSTOMER_MESSAGE,im under,under_13,opt_out
rule_bbd8d4a544515ef3,autoQAMessages.json_array.keyword.typo.098.un_subscribe,vocabulary,under_13,1,runnable vocabulary,CUSTOMER_MESSAGE,my age is,under_13,opt_out
rule_098e27d7afd464d5,autoQAMessages.json_array.keyword.typo.057.undubscribe,vocabulary,unsubscribe,1,runnable literal_phrase,CUSTOMER_MESSAGE,discontin,unsubscribe_phrase,opt_out
rule_6a2fc22818d01362,autoQAMessages.json_array.keyword.typo.058.unscribe,vocabulary,unsubscribe,1,runnable literal_phrase,CUSTOMER_MESSAGE,list,remove,
rule_17dfbb2610056423,autoQAMessages.json_array.keyword.typo.103.unsiscrube,vocabulary,unsubscribe,1,runnable literal_phrase,CUSTOMER_MESSAGE,take off,unsubscribe_phrase,opt_out
rule_e26941a524c605ad,autoQAMessages.json_array.keyword.typo.099.unsub,vocabulary,unsubscribe,1,runnable literal_phrase,CUSTOMER_MESSAGE,take off list,unsubscribe_phrase,opt_out
rule_222f7dd861c3ea63,autoQAMessages.json_array.keyword.typo.059.unsubcribe,vocabulary,unsubscribe,1,runnable literal_phrase,CUSTOMER_MESSAGE,take me this my number off,unsubscribe_phrase,opt_out
rule_0ee1029135a49a90,autoQAMessages.json_array.keyword.typo.060.unsubribe,vocabulary,unsubscribe,1,runnable literal_phrase,CUSTOMER_MESSAGE,unsubscribe,unsubscribe_phrase,opt_out
rule_93adbaefcf9e7325,autoQAMessages.json_array.keyword.typo.061.unsubscibe,vocabulary,unsubscribe,1,runnable literal_phrase,CUSTOMER_MESSAGE,unsuscrib,unsubscribe_phrase,opt_out
rule_f6f873d373da6ecf,autoQAMessages.json_array.keyword.typo.062.unsubscirbe,vocabulary,unsubscribe,1,runnable regex,CUSTOMER_MESSAGE,\bcancel\w*,unsubscribe_phrase,opt_out
rule_ca8211854810ce5f,autoQAMessages.json_array.keyword.typo.064.unsubscrib,vocabulary,unsubscribe,1,runnable regex,CUSTOMER_MESSAGE,\bde baja\b,unsubscribe_phrase,opt_out
rule_1befa44aa4ebcc20,autoQAMessages.json_array.keyword.typo.100.unsubscribing,vocabulary,unsubscribe,1,runnable regex,CUSTOMER_MESSAGE,\bdescontin\w*,unsubscribe_phrase,opt_out
rule_63333d95adee1e2e,autoQAMessages.json_array.keyword.typo.065.unsubscribr,vocabulary,unsubscribe,,runnable regex,CUSTOMER_MESSAGE,\bdiscontin\w*,unsubscribe_phrase,opt_out
rule_4623996769d5972f,autoQAMessages.json_array.keyword.typo.067.unsubscripe,vocabulary,unsubscribe,1,runnable regex,CUSTOMER_MESSAGE,\blist\w*,remove,
rule_6a20863a1aa5c5dd,autoQAMessages.json_array.keyword.typo.069.unsubscrube,vocabulary,unsubscribe,1,runnable regex,CUSTOMER_MESSAGE,\bstop2cancel\b,unsubscribe_phrase,opt_out
rule_ec4961d468364c5e,autoQAMessages.json_array.keyword.typo.070.unsubsctibe,vocabulary,unsubscribe,1,runnable regex,CUSTOMER_MESSAGE,\bstop2unsubscribe\b,unsubscribe_phrase,opt_out
rule_23c4a3c53a8b32f6,autoQAMessages.json_array.keyword.typo.071.unsubsidize,vocabulary,unsubscribe,1,runnable regex,CUSTOMER_MESSAGE,\bstopannul\b,unsubscribe_phrase,opt_out
rule_54097b797df6f1d5,autoQAMessages.json_array.keyword.typo.072.unsubsrcibe,vocabulary,unsubscribe,1,runnable regex,CUSTOMER_MESSAGE,\btake.*off.*list\b,unsubscribe_phrase,opt_out
rule_0fcb6c4c0d74a26b,autoQAMessages.json_array.keyword.typo.074.unsunscribe,vocabulary,unsubscribe,,runnable regex,CUSTOMER_MESSAGE,\btake.*off\b,unsubscribe_phrase,opt_out
rule_dfaac678e54f33d9,autoQAMessages.json_array.keyword.typo.101.wtop,vocabulary,unsubscribe,,runnable regex,CUSTOMER_MESSAGE,\btake\s+(me|(this|my)\s+number)\s+off\b,unsubscribe_phrase,opt_out
rule_66dcfb048bf0fad1,autoQAMessages.json_array.under_13.age_limit_phrases.001.i_am,vocabulary,unsubscribe,1,runnable regex,CUSTOMER_MESSAGE,\bunenroll\b,unsubscribe_phrase,opt_out
rule_a611f4e1b087534a,autoQAMessages.json_array.under_13.age_limit_phrases.007.i_am_just,vocabulary,unsubscribe,1,runnable regex,CUSTOMER_MESSAGE,\bunsub[scribe]?\w*,unsubscribe_phrase,opt_out
rule_89945d4029b1ce37,autoQAMessages.json_array.under_13.age_limit_phrases.002.im,vocabulary,unsubscribe,1,runnable regex,CUSTOMER_MESSAGE,\bunsuscrib\w*,unsubscribe_phrase,opt_out
rule_a65c425c378ff2c7,autoQAMessages.json_array.under_13.age_limit_phrases.008.im_under,vocabulary,wrong_number,1,runnable regex,CUSTOMER_MESSAGE,\bwrong number\b,wrong_number,opt_out
