"rule id","rule pattern","rule description"
"close_1","DOM context: Hot Topic prompt starts with ""Hot Topic"" AND contains ""1 Same"", ""2 Weekly"", ""3 Monthly"", and ""4 Never""; inbound reply does NOT contain whole word 4, four, or never","Classifies the Hot Topic frequency prompt or its associated inbound reply as non-opt-out/close. Actual code behavior: the brand prompt itself matches when it starts with ""Hot Topic"" and contains all four numbered choices (1 Same, 2 Weekly, 3 Monthly, 4 Never). For a later inbound customer message, one of the three most recent earlier brand messages must be that prompt, and the customer message must not contain the whole word 4, four, or never. Required: every prompt component just listed. Optional: all other customer-reply text; contrary to the JSON summary, the code does not require the reply to positively select 1/Same, 2/Weekly, or 3/Monthly. The contextual matcher returns the entire prompt/reply as the match, so the entire message block is highlighted. Runtime status: active through content.js, not the general regex loop."
"opt_out_1","DOM context: Hot Topic prompt starts with ""Hot Topic"" AND contains ""1 Same"", ""2 Weekly"", ""3 Monthly"", and ""4 Never""; inbound reply contains whole word 4, four, or never","Classifies a reply to the Hot Topic frequency prompt as an opt-out. Actual code behavior: one of the three most recent earlier brand messages must start with ""Hot Topic"" and contain all four numbered choices (1 Same, 2 Weekly, 3 Monthly, 4 Never); the inbound customer reply must contain at least one whole-word alternative: 4, four, or never. Required: the complete prompt context plus one of those three reply alternatives. Optional: every other word in the reply. The trigger may be only part of the reply, but the contextual matcher returns and highlights the entire inbound message block. Runtime status: active through content.js, not the general regex loop."
"close_2","/^[A-Za-z]$/g","Classifies the message as non-opt-out and suitable to close. Normalized customer message is exactly one ASCII letter. Match requirement: WHOLE MESSAGE. After trimming outer punctuation/whitespace and collapsing spaces, the matched text must equal the entire message body; extra words cause rejection. Required/optional terms are stated in the detector condition above; listed alternatives are OR choices unless the condition explicitly says they must all be present. Searches the raw message text. Matching is case-sensitive. Runtime status: active by default when its category is enabled. Visible effect: after a rule wins overlap/priority selection, the extension highlights the entire inbound message block, even when the trigger itself is only a substring."
"close_3","/^\d+$/g","Classifies the message as non-opt-out and suitable to close. Normalized customer message contains only digits. Match requirement: WHOLE MESSAGE. After trimming outer punctuation/whitespace and collapsing spaces, the matched text must equal the entire message body; extra words cause rejection. Required/optional terms are stated in the detector condition above; listed alternatives are OR choices unless the condition explicitly says they must all be present. Searches the raw message text. Matching is case-sensitive. Runtime status: active by default when its category is enabled. Visible effect: after a rule wins overlap/priority selection, the extension highlights the entire inbound message block, even when the trigger itself is only a substring."
"close_4","/^(?:reacted to .+|(?:liked|loved|emphasized|disliked|questioned) .+|laughed at .+|removed (?:a |from ).+)[\s.!?]*$/gi","Classifies the message as non-opt-out and suitable to close. Customer message is an iOS-style reaction/tapback reply, including reacted-to, liked/loved/emphasized/laughed/disliked/questioned image/contact replies, removed reactions, and existing liked/loved auto-reply variants. Match requirement: WHOLE MESSAGE. After trimming outer punctuation/whitespace and collapsing spaces, the matched text must equal the entire message body; extra words cause rejection. Required/optional terms are stated in the detector condition above; listed alternatives are OR choices unless the condition explicitly says they must all be present. Searches the raw message text. Matching is case-insensitive. Runtime status: active by default when its category is enabled. Visible effect: after a rule wins overlap/priority selection, the extension highlights the entire inbound message block, even when the trigger itself is only a substring."
"close_5","[no compiled matcher] emoji_only_non_stop","Classifies the message as non-opt-out and suitable to close. Recognizes emoji only non stop as emoji only. Match requirement: WHOLE MESSAGE. After trimming outer punctuation/whitespace and collapsing spaces, the matched text must equal the entire message body; extra words cause rejection. Required/optional terms are stated in the detector condition above; listed alternatives are OR choices unless the condition explicitly says they must all be present. Runtime status: DORMANT in the current extension because core.js has no compiled matcher for this configured procedural detector. Visible effect: none in the current runtime."
"opt_out_2","/\u{1F595}/gu","Classifies the message as an actionable opt-out. Recognizes offensive rejection as offensive rejection. Match requirement: PARTIAL MESSAGE. One qualifying substring is enough and unrelated words may appear before or after it. Required: one complete regex alternative (items separated by | are OR choices, not cumulative requirements). Optional: only tokens/groups marked with ?, *, or a zero-minimum quantifier; + requires one or more. Words in other alternatives are not required. Searches the raw message text. Matching is case-sensitive. Runtime status: active by default when its category is enabled. Visible effect: after a rule wins overlap/priority selection, the extension highlights the entire inbound message block, even when the trigger itself is only a substring."
"opt_out_3","/(?:\u{1F6D1}|\u{270B}\u{FE0F}?[\u{1F3FB}-\u{1F3FF}]?|\u{1F645}[\u{1F3FB}-\u{1F3FF}]?(?:\u{200D}[\u{2640}\u{2642}]\u{FE0F}?)?|\u{1F6AB}|\u{1F515})/gu","Classifies the message as an actionable opt-out. Recognizes stop emoji as explicit command. Match requirement: PARTIAL MESSAGE. One qualifying substring is enough and unrelated words may appear before or after it. Required: one complete regex alternative (items separated by | are OR choices, not cumulative requirements). Optional: only tokens/groups marked with ?, *, or a zero-minimum quantifier; + requires one or more. Words in other alternatives are not required. Searches the raw message text. Matching is case-sensitive. Runtime status: active by default when its category is enabled. Visible effect: after a rule wins overlap/priority selection, the extension highlights the entire inbound message block, even when the trigger itself is only a substring."
"close_6","/^no$/gi","Classifies the message as non-opt-out and suitable to close. Recognizes exact no as contextual response. Match requirement: WHOLE MESSAGE. After trimming outer punctuation/whitespace and collapsing spaces, the matched text must equal the entire message body; extra words cause rejection. Required: one complete regex alternative (items separated by | are OR choices, not cumulative requirements). Optional: only tokens/groups marked with ?, *, or a zero-minimum quantifier; + requires one or more. Words in other alternatives are not required. Searches normalized lowercase text (diacritics folded; most punctuation becomes spacing; apostrophes are ignored). Matching is case-insensitive. Runtime status: active by default when its category is enabled. Visible effect: after a rule wins overlap/priority selection, the extension highlights the entire inbound message block, even when the trigger itself is only a substring."
"close_7","/^(?:that(?: will be|s) (?:all|it)(?: (?:thank you|thanks))?|no (?:thank you|thanks|thx))$/gi","Classifies the message as non-opt-out and suitable to close. Recognizes no thanks as acknowledgement. Match requirement: WHOLE MESSAGE. After trimming outer punctuation/whitespace and collapsing spaces, the matched text must equal the entire message body; extra words cause rejection. Required: one complete regex alternative (items separated by | are OR choices, not cumulative requirements). Optional: only tokens/groups marked with ?, *, or a zero-minimum quantifier; + requires one or more. Words in other alternatives are not required. Searches normalized lowercase text (diacritics folded; most punctuation becomes spacing; apostrophes are ignored). Matching is case-insensitive. Runtime status: active by default when its category is enabled. Visible effect: after a rule wins overlap/priority selection, the extension highlights the entire inbound message block, even when the trigger itself is only a substring."
"close_8","/^(?:^\s*auto\s+generated\s+text\s+(?:i(?:['\u2019`]|\s)?ll|i\s+will)\s+call\s+you\s+later[.!?,;:]*\s*$)$|^(?:^\s*auto\s+message\s+your\s+message\s+(?:can(?:['\u2019`]|\s)?t|can\s*not|cannot)\s+be\s+sent\s+because\s+the\s+file\s+format\s+is\s+currently\s+not\s+supported[.!?,;:]*\s*$)$|^(?:(?<![a-z0-9])(?:thanks for reaching out i can t chat at the moment but (?:i(?:['\u2019`]|\s)?ll|i\s+will) text you back as soon as i can thanks sent from text free)(?![a-z0-9]))$|^(?:(?<![a-z0-9])(?:thanks for reaching out i can t chat at the moment but (?:i(?:['\u2019`]|\s)?ll|i\s+will) text you back as soon as i can thanks)(?![a-z0-9]))$|^(?:^(?:i(?:['\u2019`]|\s)?m|i\s+am) not receiving notifications if this is urgent reply urgent to send a notification through with your original message$)$|^(?:(?:i(?:['\u2019`]|\s)?m|i\s+am) not receiving notifications if this is urgent reply urgent to send a notification through with your original message)$/gi","Classifies the message as non-opt-out and suitable to close. Known explicit automatic/system reply texts not handled solely by the retained procedural detectors. Match requirement: WHOLE MESSAGE. After trimming outer punctuation/whitespace and collapsing spaces, the matched text must equal the entire message body; extra words cause rejection. Required: one complete regex alternative (items separated by | are OR choices, not cumulative requirements). Optional: only tokens/groups marked with ?, *, or a zero-minimum quantifier; + requires one or more. Words in other alternatives are not required. Searches normalized lowercase text (diacritics folded; most punctuation becomes spacing; apostrophes are ignored). Matching is case-insensitive. Runtime status: active by default when its category is enabled. Visible effect: after a rule wins overlap/priority selection, the extension highlights the entire inbound message block, even when the trigger itself is only a substring."
"close_9","[no compiled matcher] no_notifications","Classifies the message as non-opt-out and suitable to close. Customer message contains the urgent notification auto-reply text. Match requirement: WHOLE MESSAGE. After trimming outer punctuation/whitespace and collapsing spaces, the matched text must equal the entire message body; extra words cause rejection. Required/optional terms are stated in the detector condition above; listed alternatives are OR choices unless the condition explicitly says they must all be present. Runtime status: DORMANT in the current extension because core.js has no compiled matcher for this configured procedural detector. Visible effect: none in the current runtime."
"close_10","[no compiled matcher] driving_auto_reply","Classifies the message as non-opt-out and suitable to close. Normalized customer message is a known driving auto-reply, including the combined driving, cannot-receive-texts, and urgent-notification form. Match requirement: WHOLE MESSAGE. After trimming outer punctuation/whitespace and collapsing spaces, the matched text must equal the entire message body; extra words cause rejection. Required/optional terms are stated in the detector condition above; listed alternatives are OR choices unless the condition explicitly says they must all be present. Runtime status: DORMANT in the current extension because core.js has no compiled matcher for this configured procedural detector. Visible effect: none in the current runtime."
"close_11","/^(?:hey,?\s+i(?:'|\?|’)?m currently unavailable,?\s+i(?:'|\?|’)?ll get back to you as soon as i can|i(?:'|\?|’)?m not receiving notifications if this is urgent reply urgent to send a notification through with your original message|sorry,?\s+i\s+can(?:'|\?|’)?t talk (?:right )?now|sorry,?\s+can(?:'|\?|’)?t talk (?:right )?now|thank you for contacting me,?\s+i(?:'|\?|’)?m unable to chat right now but i(?:'|\?|’)?ll reply to your text as soon as i can,?\s+thanks|thanks for reaching out,?\s+i can(?:'|\?|’)?t chat(?: at the moment| now) but i(?:'|\?|’)?ll text you back as soon as i can(?:,?\s+thanks(?: child of christ| sent from text free)?)?|thanks for reaching out text me and if you have ig please message me let mee feed you set all notifications)[\s.!?]*$/gi","Classifies the message as non-opt-out and suitable to close. Customer message is an unavailable/cannot-chat auto-reply covering currently unavailable, urgent notification, sorry can?t talk, unable to chat, and thanks-for-reaching-out reply variants. Match requirement: WHOLE MESSAGE. After trimming outer punctuation/whitespace and collapsing spaces, the matched text must equal the entire message body; extra words cause rejection. Required/optional terms are stated in the detector condition above; listed alternatives are OR choices unless the condition explicitly says they must all be present. Searches the raw message text. Matching is case-insensitive. Runtime status: active by default when its category is enabled. Visible effect: after a rule wins overlap/priority selection, the extension highlights the entire inbound message block, even when the trigger itself is only a substring."
"fuzzy_opt_out_1","/\b(?:spam|spams|spammer|spamming)\b/gi","Flags the message as a possible but ambiguous opt-out. Recognizes spam complaint as spam complaint. Match requirement: PARTIAL MESSAGE. One qualifying substring is enough and unrelated words may appear before or after it. Required: one complete regex alternative (items separated by | are OR choices, not cumulative requirements). Optional: only tokens/groups marked with ?, *, or a zero-minimum quantifier; + requires one or more. Words in other alternatives are not required. Searches the raw message text. Matching is case-insensitive. Runtime status: active by default when its category is enabled. Visible effect: after a rule wins overlap/priority selection, the extension highlights the entire inbound message block, even when the trigger itself is only a substring."
"opt_out_4","/(?:^(?:thank\s+you\s+for\s+contacting\s+me\s+i\s+am\s+interested\s+in\s+your\s+product\s+however\s+i\s+am\s+not\s+buying\s+until\s+july\s+please\s+remove\s+from\s+your\s+list|attn\s+hey\s+i\s+need\s+help\s+with\s+something\s+how\s+do\s+i\s+unsubscribe|i\s+would\s+like\s+to\s+opt\s+out\s+of\s+these\s+messages|please\s+remove\s+me\s+from\s+your\s+text\s+messages|please\s+remove\s+this\s+number\s+from\s+your\s+list|please\s+take\s+me\s+off\s+this\s+text\s+list\s+thanks|please\s+remove\s+me\s+from\s+your\s+email\s+list|please\s+remove\s+from\s+your\s+contact\s+list|please\s+take\s+me\s+off\s+your\s+texting\s+list|how\s+do\s+i\s+stop\s+getting\s+these\s+texts|i\s+dont\s+want\s+these\s+texts\s+anymore|please\s+stop\s+the\s+text\s+messages|please\s+remove\s+me\s+from\s+texting|please\s+remove\s+me\s+from\s+texts|you\s+have\s+been\s+unsubscribed|stop\s+sent\s+with\s+slam\s+effect|stopsent\s+with\s+slam\s+effect|stop\s+i\s+already\s+bought\s+one|please\s+stop\s+these\s+texts|please\s+remove\s+from\s+list|stop\s+receiving\s+messages|please\s+quit\s+texting\s+me|stop\s+already\s+purchased|quit\s+texting\s+me\s+please|please\s+stop\s+thank\s+you|stop\s+send\s+me\s+messages|stop\s+please\s+thank\s+you|how\s+do\s+i\s+unsubscribe|cancel\s+text\s+messages|stoptraduccin\s+parada|stop\s+messages\s+please|please\s+stop\s+messages|please\s+stop\s+the\s+text|how\s+to\s+stop\s+messages|please\s+stop\s+texting|stop\s+not\s+interested|please\s+stop\s+sending|opt\s+out\s+of\s+messages|stop\s+positive\s+vibes|stop\s+talking\s+to\s+me|stop\s+text\s+messages|stop\s+notifications|please\s+discontinue|stop\s+too\s+expensive|please\s+stop\s+texts|stop\s+subscription|stop\s+texts\s+please|stop\s+notifying\s+me|remove\s+from\s+list|please\s+stop\s+text|how\s+do\s+i\s+opt\s+out|stop\s+the\s+texting|opt\s+out\s+of\s+texts|remove\s+me\s+please|stop\s+text\s+please|pls\s+stop\s+texting|stop\s+the\s+message|stop\s+subscribing|delete\s+my\s+number|stop\s+these\s+texts|opt\s+out\s+of\s+text|please\s+stop\s+ads|no\s+more\s+texting|quit\s+texting\s+me|cancel\s+messages|stop\s+messaging|opt\s+out\s+please|stop\s+all\s+texts|stop\s+thank\s+you|stop\s+txting\s+me|stop\s+messages|please\s+delete|stop\s+the\s+text|delete\s+please|stop\s+end\s+quit|stop\s+too\s+many|stop\s+texting|stop\s+sending|stop\s+text\s+me|can\s+you\s+stop|stop\s+for\s+now|cancel\s+texts|stop\s+message|stop\s+forever|stop\s+calling|stop\s+messing|stop\s+reading|stop\s+cancel|ok\s+ill\s+stop|i\s+said\s+stop|stop\s+texts|reply\s+stop|stop\s+text|stop\s+msgs|stop\s+this|stop\s+send|stop\s+now|stop\s+end|bro\s+stop|stop\s+txt|pls\s+stop|omg\s+stop|stop\s+pls|stop\s+tex|stop\s+sms|man\s+stop|stop\s+bro|stop\s+plz|stop\s+ads|stop\s+it|no\s+stop|so\s+stop|ok\s+stop|i\s+stop|stop\s+p|never)$)|(?:^(?:remove\ me)$|(?:DNC)|^(?:\b(?:dont|do\s*not|(?:don(?:['\u2019`]|\s)?t|do\s*not)|donot)\s+(?:text|send|contact|message|bother|talk|call|write|call\s+or\s+text)(?:\s+me)?(?:\s+(?:any\s+more|anymore|again))?(?:\s+(?:texts?|messages?|text\s+messages))?\b)$|(?:\bend[\W_]+(?:(?:any|all)[\W_]+(?:communication|communications|texts?|text[\W_]+messages?|messages?)|communication|communications|texts?|text[\W_]+messages?|messages?|this|contact(?:ing)?)(?:[\W_]+(?:me|you|us|again|anymore))*\b)|^(?:\b(?:(?:please|kindly)\s+end|end)\b)$|(?:take\ me\ off)|(?:do\ not\ text)|(?:do\ not\ text\ me)|(?:\b(?:don(?:['\u2019`]|\s)?t|do\s*not)\s+text\s+me\b)|(?:^(?:get out|get out of here|get the hell out)$)|(?:stop2end)|^(?:go\ away)$|(?:halt\ texts\ \/\ messages\ \/\ text\ messages)|(?:never\ send\ \/\ text\ \/\ contact\ \/\ message\ \/\ bother\ \/\ talk)|(?:\btake[\W_]+my[\W_]+number[\W_]+off(?:[\W_]+(?:me|you|us|again|anymore))*\b)|(?:\b(i really dont like to get text|i dont like to get text|i do\s*not want to text|i do\s*not want text|i dont want to text|not accepting texts|i dont want text|email me instead|call me instead|use voice call|do\s*not text|please call|send email|dont text|no text)\b)|(?:\b(delete my information|do\s*not use my data|delete this message|stop using my data|delete my address|delete all .*mail|dont use my data|delete i mean no|delete my data|delete my mail|erase my data|get rid of it|take me off|delete me)\b)|^(?:^(?:stop|unsubscribe|unsub|opt out|opt\s+out|delete me|dont send|do\s*not send|stop texting|stop messaging|no more messages|no more texts|dont reach out|ban me|shut up|shush|sh+|close)$)$|(?:\b(put me on.*do\s*not call|do\s*not call list|unsubscribe|opt out|opt\s+out|unsub|dnc)\b)|(?:\b(?:don(?:['\u2019`]|\s)?t|do\s*not)\s+(?:text|message|contact|advertise|promote|show)\b[^\n.!?]*)|(?:\bturn\s+(?:that|this|it)\s+off\b)|(?:(?:don(?:['\u2019`]|\s)?t|do\s*not)\s+(?:(?:talk|speak|message|email|text)\s+to\s+me|text\s+me))|(?:(?:don(?:['\u2019`]|\s)?t|do\s*not)\s+want\s+(?:texts?|text\s+messages?|messages?|emails?|calls?|further\s+communication|communication))|^(?:(?:never|didn(?:['\u2019`]|\s)?t|did\s+not)\s+(?:opted\s+in|signed\s+up|subscribed?))$|(?:(?:stop|(?:don(?:['\u2019`]|\s)?t|do\s*not)|do\s*not)\s+(?:texting|text|emailing|email|messaging|message)(?:\s+me)?)|^(?:(?<![a-z0-9])(?:beat it)(?![a-z0-9]))$|(?:(?:don(?:['\u2019`]|\s)?t|do\s*not) text until you resolve my issue)|(?:(?<![a-z0-9])(?:i (didnt|didnt) (opt in|sign up))(?![a-z0-9]))|(?:(?<![a-z0-9])(?:i (?:don(?:['\u2019`]|\s)?t|do\s*not) want to receive (messages|texts))(?![a-z0-9]))|(?:i (?:don(?:['\u2019`]|\s)?t|do\s*not) want to hear from you)|(?:(?:i(?:['\u2019`]|\s)?m|i\s+am) removing your number)|(?:(?<![a-z0-9])(?:if you (?:don(?:['\u2019`]|\s)?t|do\s*not) do this right now\s+stop texting me)(?![a-z0-9]))|(?:(?<![a-z0-9])(?:leave me( the fuck)? alone)(?![a-z0-9]))|(?:(?<![a-z0-9])(?:no need to text me)(?![a-z0-9]))|(?:unsubsidized me)|(?:(?<![a-z0-9])(?:you (?:don(?:['\u2019`]|\s)?t|do\s*not) have to text me)(?![a-z0-9]))|(?:(?:don(?:['\u2019`]|\s)?t|do\s*not) send me emails or texts)|(?:\b(?:do\s*not|(?:don(?:['\u2019`]|\s)?t|do\s*not))\s+(?:contact|text|message|email|call)\b)|(?:\bpull me from (?:text|texts|messages|group|thread)\b)|(?:i (?:don(?:['\u2019`]|\s)?t|do\s*not) want (anything from you|further communication))|(?:if you (?:don(?:['\u2019`]|\s)?t|do\s*not) do this right now\s+stop texting me)|(?:no\s+longer\s+want(?:\s+to\s+receive)?\s+(?:messages?|texts?|emails?|calls?))|^(?:please remove)$|(?:\bremove\s+me\s+from\s+your\s+(?:email|text|message|messaging|mailing|mail)\s+list\b)|(?:stop\s+(?:bothering|harassing|spamming)\s+me)|(?:stop\s+(?:the\s+spam|with\s+(?:the|these)\s+(?:texts|messages)))|(?:\b(?:please\s+)?(?:remove|take)\s+my\s+number\s+(?:off|from)\s+(?:your\s+)?(?:distribution|mailing|text|sms)\s+list\b)|(?:\b(?:please\s+)?(?:don(?:['\u2019`]|\s)?t|do\s*not)\s+inundate\s+me\s+with\s+(?:texts?|messages?|sms)\b)|(?:\bcan\s+you\s+not\s+message\s+me\b[^\n.!?]*)|(?:\bi\s+(?:don(?:['\u2019`]|\s)?t|do\s*not)\s+want\s+(?:any\s+)?(?:more\s+)?(?:mail|texts?|messages?|sms)\b)|(?:(?:don(?:['\u2019`]|\s)?t|do\s*not) (text|send|contact|message|bother|talk|call|write|call or text)( me)?(any more|anymore|again)?)|(?:(never) (send|text|contact|message|bother|talk))|(?:(please|kindly) end)|(?:end (any|all) (communication|communications|texts|text messages|messages))|(?:\bno more texts?\b)|(?:halt\s+(texts|messages|text messages))|(?:leave\ me\ alone)|(?:(?:don(?:['\u2019`]|\s)?t|do\s*not)\s+(text|send|contact|message|bother|talk|call|write|call or text)(\s+me)?(\s+(any more|anymore|again))?)|(?:\bend\s+(any|all)\s+(communication|communications|texts|text messages|messages)\b))/gi","Classifies the message as an actionable opt-out. Explicit phrases requesting that texts, messages, contact, or communications stop or be removed. Match requirement: PARTIAL MESSAGE. One qualifying substring is enough and unrelated words may appear before or after it. Alternatives containing ^ and $ still require the start/end of the searched message; unanchored alternatives may match inside longer text. Required: one complete regex alternative (items separated by | are OR choices, not cumulative requirements). Optional: only tokens/groups marked with ?, *, or a zero-minimum quantifier; + requires one or more. Words in other alternatives are not required. Searches normalized lowercase text (diacritics folded; most punctuation becomes spacing; apostrophes are ignored). Matching is case-insensitive. Observed coverage: 116 additional normalized phrases are OR-ed into the effective regex; each such phrase is an exact whole-message alternative. Runtime status: active by default when its category is enabled. Visible effect: after a rule wins overlap/priority selection, the extension highlights the entire inbound message block, even when the trigger itself is only a substring."
"opt_out_5","/^(?:this is an automatic message this is a kosher talk only device and does not accept text messages please call instead|this number does(?:n'?t| not) support text please call instead|this phone(?: number)? can(?:not|'?t) receive text messages please call instead|this phone does not accept text messages please call instead(?: this is an automatic reply)?)[\s.!?]*$/gi","Classifies the message as an actionable opt-out. Customer message says the phone, number, or device cannot receive, accept, or support text messages and asks to call instead, including kosher-talk and automatic-reply variants. Match requirement: PARTIAL MESSAGE. One qualifying substring is enough and unrelated words may appear before or after it. Alternatives containing ^ and $ still require the start/end of the searched message; unanchored alternatives may match inside longer text. Required/optional terms are stated in the detector condition above; listed alternatives are OR choices unless the condition explicitly says they must all be present. Searches the raw message text. Matching is case-insensitive. Runtime status: active by default when its category is enabled. Visible effect: after a rule wins overlap/priority selection, the extension highlights the entire inbound message block, even when the trigger itself is only a substring."
"opt_out_6","/(?:this\ phone\ number\ is\ no\ longer\ in\ service)|(?:(?<![a-z0-9])(?:not accepting (messages|texts|emails))(?![a-z0-9]))|(?:(?<![a-z0-9])(?:this is a kosher talk only device and does\s*not accept text messages)(?![a-z0-9]))|(?:this phone can\s*not receive sms mms messages)|(?:\b(?:(?:can(?:['\u2019`]|\s)?t|can\s*not|(?:can(?:['\u2019`]|\s)?t|can\s*not|cannot)))\s+receive (?:messages?|texts?|emails?|calls?)\b)|(?:^this is an automatic message this is a kosher talk only device and does\s*not accept text messages please call instead$)|(?:^this phone does\s*not accept text messages please call instead this is an automatic reply$)|(?:\b(?:this\s+)?(?:phone|number|device)\s+(?:(?:doesn(?:['\u2019`]|\s)?t|does\s*not)|does\s+not|(?:can(?:['\u2019`]|\s)?t|can\s*not|cannot)|can\s+not|(?:can(?:['\u2019`]|\s)?t|can\s*not|cannot))\s+(?:receive|accept|support)\s+(?:texts?|messages?|sms)\b)|(?:\bnot\s+accepting\s+(?:messages|texts?|emails?)\b)/gi","Classifies the message as an actionable opt-out. All existing explicit phone/number/device cannot receive or accept text-message patterns. Match requirement: PARTIAL MESSAGE. One qualifying substring is enough and unrelated words may appear before or after it. Alternatives containing ^ and $ still require the start/end of the searched message; unanchored alternatives may match inside longer text. Required: one complete regex alternative (items separated by | are OR choices, not cumulative requirements). Optional: only tokens/groups marked with ?, *, or a zero-minimum quantifier; + requires one or more. Words in other alternatives are not required. Searches normalized lowercase text (diacritics folded; most punctuation becomes spacing; apostrophes are ignored). Matching is case-insensitive. Runtime status: active by default when its category is enabled. Visible effect: after a rule wins overlap/priority selection, the extension highlights the entire inbound message block, even when the trigger itself is only a substring."
"opt_out_7","/(?:^(?:stop\s+stalking\s+me|stop\s+watching\s+me|stop\s+tracking\s+me)$)|(?:\b(?:stop spying|stop being creepy|this is creepy|(?:you|yall|yall) are spying|(?:you|yall|yall) are creepy|you re creepy)\b)/gi","Classifies the message as an actionable opt-out. Recognizes creepy spying variants as harassment rejection. Match requirement: PARTIAL MESSAGE. One qualifying substring is enough and unrelated words may appear before or after it. Alternatives containing ^ and $ still require the start/end of the searched message; unanchored alternatives may match inside longer text. Required: one complete regex alternative (items separated by | are OR choices, not cumulative requirements). Optional: only tokens/groups marked with ?, *, or a zero-minimum quantifier; + requires one or more. Words in other alternatives are not required. Searches normalized lowercase text (diacritics folded; most punctuation becomes spacing; apostrophes are ignored). Matching is case-insensitive. Observed coverage: 3 additional normalized phrases are OR-ed into the effective regex; each such phrase is an exact whole-message alternative. Runtime status: active by default when its category is enabled. Visible effect: after a rule wins overlap/priority selection, the extension highlights the entire inbound message block, even when the trigger itself is only a substring."
"opt_out_8","/\bfuck[\W_]+off\b/gi","Classifies the message as an actionable opt-out. fuck off. Match requirement: PARTIAL MESSAGE. One qualifying substring is enough and unrelated words may appear before or after it. Required: every word/character in the literal phrase. Optional: none. Searches normalized lowercase text (diacritics folded; most punctuation becomes spacing; apostrophes are ignored). Matching is case-insensitive. Runtime status: active by default when its category is enabled. Visible effect: after a rule wins overlap/priority selection, the extension highlights the entire inbound message block, even when the trigger itself is only a substring."
"opt_out_9","/\bfuck[\W_]+u\b/gi","Classifies the message as an actionable opt-out. fuck u. Match requirement: PARTIAL MESSAGE. One qualifying substring is enough and unrelated words may appear before or after it. Required: every word/character in the literal phrase. Optional: none. Searches normalized lowercase text (diacritics folded; most punctuation becomes spacing; apostrophes are ignored). Matching is case-insensitive. Runtime status: active by default when its category is enabled. Visible effect: after a rule wins overlap/priority selection, the extension highlights the entire inbound message block, even when the trigger itself is only a substring."
"opt_out_10","/\bfuck[\W_]+yall\b/gi","Classifies the message as an actionable opt-out. fuck yall. Match requirement: PARTIAL MESSAGE. One qualifying substring is enough and unrelated words may appear before or after it. Required: every word/character in the literal phrase. Optional: none. Searches normalized lowercase text (diacritics folded; most punctuation becomes spacing; apostrophes are ignored). Matching is case-insensitive. Runtime status: active by default when its category is enabled. Visible effect: after a rule wins overlap/priority selection, the extension highlights the entire inbound message block, even when the trigger itself is only a substring."
"opt_out_11","/\bfuck[\W_]+you\b/gi","Classifies the message as an actionable opt-out. fuck you. Match requirement: PARTIAL MESSAGE. One qualifying substring is enough and unrelated words may appear before or after it. Required: every word/character in the literal phrase. Optional: none. Searches normalized lowercase text (diacritics folded; most punctuation becomes spacing; apostrophes are ignored). Matching is case-insensitive. Runtime status: active by default when its category is enabled. Visible effect: after a rule wins overlap/priority selection, the extension highlights the entire inbound message block, even when the trigger itself is only a substring."
"opt_out_12","/\bfucking[\W_]+stop\b/gi","Classifies the message as an actionable opt-out. fucking stop. Match requirement: PARTIAL MESSAGE. One qualifying substring is enough and unrelated words may appear before or after it. Required: every word/character in the literal phrase. Optional: none. Searches normalized lowercase text (diacritics folded; most punctuation becomes spacing; apostrophes are ignored). Matching is case-insensitive. Runtime status: active by default when its category is enabled. Visible effect: after a rule wins overlap/priority selection, the extension highlights the entire inbound message block, even when the trigger itself is only a substring."
"opt_out_13","/\bgo[\W_]+fuck[\W_]+yourself\b/gi","Classifies the message as an actionable opt-out. go fuck yourself. Match requirement: PARTIAL MESSAGE. One qualifying substring is enough and unrelated words may appear before or after it. Required: every word/character in the literal phrase. Optional: none. Searches normalized lowercase text (diacritics folded; most punctuation becomes spacing; apostrophes are ignored). Matching is case-insensitive. Runtime status: active by default when its category is enabled. Visible effect: after a rule wins overlap/priority selection, the extension highlights the entire inbound message block, even when the trigger itself is only a substring."
"opt_out_14","/\bshut[\W_]+the[\W_]+fuck[\W_]+up\b/gi","Classifies the message as an actionable opt-out. shut the fuck up. Match requirement: PARTIAL MESSAGE. One qualifying substring is enough and unrelated words may appear before or after it. Required: every word/character in the literal phrase. Optional: none. Searches normalized lowercase text (diacritics folded; most punctuation becomes spacing; apostrophes are ignored). Matching is case-insensitive. Runtime status: active by default when its category is enabled. Visible effect: after a rule wins overlap/priority selection, the extension highlights the entire inbound message block, even when the trigger itself is only a substring."
"opt_out_15","/\bstfu\b/gi","Classifies the message as an actionable opt-out. stfu. Match requirement: PARTIAL MESSAGE. One qualifying substring is enough and unrelated words may appear before or after it. Required: every word/character in the literal phrase. Optional: none. Searches normalized lowercase text (diacritics folded; most punctuation becomes spacing; apostrophes are ignored). Matching is case-insensitive. Runtime status: active by default when its category is enabled. Visible effect: after a rule wins overlap/priority selection, the extension highlights the entire inbound message block, even when the trigger itself is only a substring."
"opt_out_16","/\bstop[\W_]+bitch\b/gi","Classifies the message as an actionable opt-out. stop bitch. Match requirement: PARTIAL MESSAGE. One qualifying substring is enough and unrelated words may appear before or after it. Required: every word/character in the literal phrase. Optional: none. Searches normalized lowercase text (diacritics folded; most punctuation becomes spacing; apostrophes are ignored). Matching is case-insensitive. Runtime status: active by default when its category is enabled. Visible effect: after a rule wins overlap/priority selection, the extension highlights the entire inbound message block, even when the trigger itself is only a substring."
"opt_out_17","/\bstop[\W_]+fucking[\W_]+texting[\W_]+me\b/gi","Classifies the message as an actionable opt-out. stop fucking texting me. Match requirement: PARTIAL MESSAGE. One qualifying substring is enough and unrelated words may appear before or after it. Required: every word/character in the literal phrase. Optional: none. Searches normalized lowercase text (diacritics folded; most punctuation becomes spacing; apostrophes are ignored). Matching is case-insensitive. Runtime status: active by default when its category is enabled. Visible effect: after a rule wins overlap/priority selection, the extension highlights the entire inbound message block, even when the trigger itself is only a substring."
"opt_out_18","/\bsybau\b/gi","Classifies the message as an actionable opt-out. sybau. Match requirement: PARTIAL MESSAGE. One qualifying substring is enough and unrelated words may appear before or after it. Required: every word/character in the literal phrase. Optional: none. Searches normalized lowercase text (diacritics folded; most punctuation becomes spacing; apostrophes are ignored). Matching is case-insensitive. Runtime status: active by default when its category is enabled. Visible effect: after a rule wins overlap/priority selection, the extension highlights the entire inbound message block, even when the trigger itself is only a substring."
"opt_out_19","/(?:sue\ your)|^(?:sued)$|(?:BBB)|(?:de\ baja)|(?:fcc)|(?:federal\ communications\ commission)|(?:florida\ telephone\ solicitation\ act)|(?:ftsa)|(?:suing)|(?:telephone\ consumer\ protection\ act)|(?:\b(bring|file)\s+a\s+suit\b)|(?:\b(bring|file)\s+suit\b)|(?:\bTCPA\b)|(?:(?:sue you|reporting you|legal\s+action|attorney|lawyer|complaint|\b(?:bbb|better business bureau)\b))|(?:(?:i(?:['\u2019`]|\s)?m|i\s+am) going to sue you)|(?:(?:i(?:['\u2019`]|\s)?m|i\s+am) reporting you to the bbb)|(?:report(ed)?)|(?:\b(?:sue|suing|sued|lawsuit|legal action|attorney|lawyer|complaint)\b)|(?:\b(?:law|lawyer)\b)|(?:\breport(?:ing|ed)?\b(?:\s+(?:you|u))?)|(?:\bFCC\b)|(?:\bfederal communications commission\b)|(?:\bflorida telephone solicitation act\b)|(?:\bftsa\b)|(?:\bsuing\b)|(?:\btelephone consumer protection act\b)/gi","Classifies the message as an actionable opt-out. Existing explicit legal, regulatory, lawsuit, complaint, or agency terms and phrases. Match requirement: PARTIAL MESSAGE. One qualifying substring is enough and unrelated words may appear before or after it. Alternatives containing ^ and $ still require the start/end of the searched message; unanchored alternatives may match inside longer text. Required: one complete regex alternative (items separated by | are OR choices, not cumulative requirements). Optional: only tokens/groups marked with ?, *, or a zero-minimum quantifier; + requires one or more. Words in other alternatives are not required. Searches normalized lowercase text (diacritics folded; most punctuation becomes spacing; apostrophes are ignored). Matching is case-insensitive. Runtime status: active by default when its category is enabled. Visible effect: after a rule wins overlap/priority selection, the extension highlights the entire inbound message block, even when the trigger itself is only a substring."
"close_12","/(?:^(?![\s\S]*(?:\b(?:stop|revoke|end|unsubscribe|unsub|cancel)\b|\bopt[\W_]*out\b))[\s\S]*\bsend\s+this\s+text\s+to\s+subscribe\s+to\s+periodic\s+auto\s+texts\s+for\b[\s\S]*\(ref\s+\s*[^)]+\)\s*$)|(?:^send this text to subscribe to recurring automated personalized marketing alerts e g cart reminders from darc sport ref f jgm$)|^(?:^send this loop automated personalized marketing alerts e g cart reminders from .+ ref [a-z0-9]+$)$/gi","Classifies the message as non-opt-out and suitable to close. Known automated marketing opt-in confirmation/prompt texts. Match requirement: WHOLE MESSAGE. After trimming outer punctuation/whitespace and collapsing spaces, the matched text must equal the entire message body; extra words cause rejection. Required: one complete regex alternative (items separated by | are OR choices, not cumulative requirements). Optional: only tokens/groups marked with ?, *, or a zero-minimum quantifier; + requires one or more. Words in other alternatives are not required. Searches normalized lowercase text (diacritics folded; most punctuation becomes spacing; apostrophes are ignored). Matching is case-insensitive. Runtime status: active by default when its category is enabled. Visible effect: after a rule wins overlap/priority selection, the extension highlights the entire inbound message block, even when the trigger itself is only a substring."
"fuzzy_opt_out_2","/\bnot[\W_]+interested\b/gi","Flags the message as a possible but ambiguous opt-out. not interested. Match requirement: PARTIAL MESSAGE. One qualifying substring is enough and unrelated words may appear before or after it. Required: every word/character in the literal phrase. Optional: none. Searches the raw message text. Matching is case-insensitive. Runtime status: active by default when its category is enabled. Visible effect: after a rule wins overlap/priority selection, the extension highlights the entire inbound message block, even when the trigger itself is only a substring."
"fuzzy_opt_out_3","/\bno[\W_]+longer\b/gi","Flags the message as a possible but ambiguous opt-out. no longer. Match requirement: WHOLE MESSAGE. After trimming outer punctuation/whitespace and collapsing spaces, the matched text must equal the entire message body; extra words cause rejection. Required: every word/character in the literal phrase. Optional: none. Searches normalized lowercase text (diacritics folded; most punctuation becomes spacing; apostrophes are ignored). Matching is case-insensitive. Runtime status: active by default when its category is enabled. Visible effect: after a rule wins overlap/priority selection, the extension highlights the entire inbound message block, even when the trigger itself is only a substring."
"fuzzy_opt_out_4","/\bi\s+(?:don(?:['\u2019`]|\s)?t|do\s*not)\s+want\b/gi","Flags the message as a possible but ambiguous opt-out. Recognizes generic disinterest as generic disinterest. Match requirement: PARTIAL MESSAGE. One qualifying substring is enough and unrelated words may appear before or after it. Required: one complete regex alternative (items separated by | are OR choices, not cumulative requirements). Optional: only tokens/groups marked with ?, *, or a zero-minimum quantifier; + requires one or more. Words in other alternatives are not required. Searches the raw message text. Matching is case-insensitive. Runtime status: active by default when its category is enabled. Visible effect: after a rule wins overlap/priority selection, the extension highlights the entire inbound message block, even when the trigger itself is only a substring."
"opt_out_20","/(?:^(?:utf8bu3rvcastop|stop\s+stop\s+stop|unsubscribing|noplease\s+stop|stop\s+opt\s+out|opt\s+out\s+stop|unscubscribe|unsubcribed|ubsubscribe|unsubscrive|unsubscribr|u\s+subscribe|unsubscripe|unsuscribe|unsubcribe|unsubscibe|unsubscrib|35989\s+stop|stop\s+37192|stop\s+stop|stoptoend|unsecribe|stop\s+quit|stopppppp|stop\s+all|stopstop|the\s+stop|unscribe|stopend|stopppp|im\s+stop|stoppp|stop\s+a|s\s+stop|6\s+stop|nostop|q\s+stop|o\s+stop|c\s+stop|stop\s+l|sstop|stoop|sttop|stiop|estop|astop|stopa|stopq|bstop|stozp|dstop|stope|stoo|srop|stop|stpp|stpo|sto0|st0p|arrt|step|stod|stp|sop|cxl)$)|(?:^(?:alto)$|^(?:^\s*(?:end|ends|ending|ended)[.!?,;:]*\s*$)$|^(?:pare)$|^(?:^\s*(?:finish|finished|finishes|finishing)[.!?,;:]*\s*$)$|^(?:^\s*(?:pause|paused|pausing)[.!?,;:]*\s*$)$|^(?:\bopted(\s*|\-?)out\b)$|^(?:\bopts\b)$|^(?:\brevoke\b)$|^(?:^\s*cncl[.!?,;:]*\s*$)$|^(?:^\s*dnc[.!?,;:]*\s*$)$|^(?:^\s*quiet[.!?,;:]*\s*$)$|^(?:^\s*remove[.!?,;:]*\s*$)$|^(?:^\s*rmv[.!?,;:]*\s*$)$|^(?:^\s*wtop[.!?,;:]*\s*$)$|^(?:^opt$)$|^(?:^unsubscribe$)$|^(?:shush|stfu)$|^(?:remeuva)$|^(?:\b(?:stop|stopped|stops|stopping)\b)$|^(?:s\s*t\s*o\s*p)$|^(?:(?:sto|stop))$|^(?:stop2unsubscribe)$|^(?:\b(s|a|d)top\b)$|^(?:\bstop2cancel\b)$|^(?:\bstopannul\b)$|^(?:\bunenroll\b)$|^(?:bye)$|^(?:delete)$|^(?:detener)$|^(?:drop)$|^(?:exit)$|^(?:leave)$|^(?:mute)$|^(?:off)$|^(?:out)$|^(?:unfollow)$|^(?:withdraw)$|(?:s\ t\ o\ p)|^(?:sto)$|(?:stpo)|(?:ended)|(?:^\s*shush[.!?,;:]*\s*$)|(?:^\s*end[.!?,;:]*\s*$)|(?:^stop$)|(?:st(i|o|p)p)|(?:\bunsub(?:scribe)?\b)|(?:terminate)|(?:arop)|(?:atop)|(?:banned)|(?:c3rvca)|(?:canceled)|(?:canceling)|(?:cancellation)|(?:cancelled)|(?:cancelling)|(?:cancle)|(?:dtop)|(?:op\ out)|(?:u1rpua)|(?:u1rpuca)|(?:u3rvca)|(?:unsiscrube)|(?:unsubscrbe)|(?:unsubscride)|(?:unsubsrcibe)|(?:ztop))/gi","Classifies the message as an actionable opt-out. Short opt-out commands and approved near-match/typo variants. Match requirement: PARTIAL MESSAGE. One qualifying substring is enough and unrelated words may appear before or after it. Alternatives containing ^ and $ still require the start/end of the searched message; unanchored alternatives may match inside longer text. Required: one complete regex alternative (items separated by | are OR choices, not cumulative requirements). Optional: only tokens/groups marked with ?, *, or a zero-minimum quantifier; + requires one or more. Words in other alternatives are not required. Searches normalized lowercase text (diacritics folded; most punctuation becomes spacing; apostrophes are ignored). Matching is case-insensitive. Observed coverage: 65 additional normalized phrases are OR-ed into the effective regex; each such phrase is an exact whole-message alternative. Runtime status: active by default when its category is enabled. Visible effect: after a rule wins overlap/priority selection, the extension highlights the entire inbound message block, even when the trigger itself is only a substring."
"fuzzy_opt_out_5","/\b(?:don(?:['\u2019`]|\s)?t|do\s*not)\s+want\s+your\s+promo\b/gi","Flags the message as a possible but ambiguous opt-out. Recognizes don t want your promo as communication rejection. Match requirement: PARTIAL MESSAGE. One qualifying substring is enough and unrelated words may appear before or after it. Required: one complete regex alternative (items separated by | are OR choices, not cumulative requirements). Optional: only tokens/groups marked with ?, *, or a zero-minimum quantifier; + requires one or more. Words in other alternatives are not required. Searches normalized lowercase text (diacritics folded; most punctuation becomes spacing; apostrophes are ignored). Matching is case-insensitive. Runtime status: active by default when its category is enabled. Visible effect: after a rule wins overlap/priority selection, the extension highlights the entire inbound message block, even when the trigger itself is only a substring."
"opt_out_21","/\bwrong[\W_]+number\b/gi","Classifies the message as an actionable opt-out. wrong number. Match requirement: PARTIAL MESSAGE. One qualifying substring is enough and unrelated words may appear before or after it. Required: every word/character in the literal phrase. Optional: none. Searches the raw message text. Matching is case-insensitive. Runtime status: active by default when its category is enabled. Visible effect: after a rule wins overlap/priority selection, the extension highlights the entire inbound message block, even when the trigger itself is only a substring."
"close_13","/^price$/giu","Classifies the message as non-opt-out and suitable to close. Recognizes auto message as customer request. Match requirement: WHOLE MESSAGE. After trimming outer punctuation/whitespace and collapsing spaces, the matched text must equal the entire message body; extra words cause rejection. Required: one complete regex alternative (items separated by | are OR choices, not cumulative requirements). Optional: only tokens/groups marked with ?, *, or a zero-minimum quantifier; + requires one or more. Words in other alternatives are not required. Searches normalized lowercase text (diacritics folded; most punctuation becomes spacing; apostrophes are ignored). Matching is case-insensitive. Runtime status: active by default when its category is enabled. Visible effect: after a rule wins overlap/priority selection, the extension highlights the entire inbound message block, even when the trigger itself is only a substring."
"fuzzy_opt_out_6","/\bspam\b/gi","Flags the message as a possible but ambiguous opt-out. Recognizes spam complaint as spam complaint. Match requirement: PARTIAL MESSAGE. One qualifying substring is enough and unrelated words may appear before or after it. Required: one complete regex alternative (items separated by | are OR choices, not cumulative requirements). Optional: only tokens/groups marked with ?, *, or a zero-minimum quantifier; + requires one or more. Words in other alternatives are not required. Searches the raw message text. Matching is case-insensitive. Runtime status: active by default when its category is enabled. Visible effect: after a rule wins overlap/priority selection, the extension highlights the entire inbound message block, even when the trigger itself is only a substring."
"opt_out_22","/(?:^(?:ima\s+block\s+you)$)|(?:\b(?:blocking\ all\ texts|blocking\ you|block\ texts|uninstalled|uninstaller|block\ you|uninstall|(?:i(?:['\u2019`]|\s)?ll|i\s+will)\ block|blocking)\b)/gi","Classifies the message as an actionable opt-out. Recognizes blocking all texts blocking you block texts uninstalled uninstaller bl as blocking rejection. Match requirement: PARTIAL MESSAGE. One qualifying substring is enough and unrelated words may appear before or after it. Alternatives containing ^ and $ still require the start/end of the searched message; unanchored alternatives may match inside longer text. Required: one complete regex alternative (items separated by | are OR choices, not cumulative requirements). Optional: only tokens/groups marked with ?, *, or a zero-minimum quantifier; + requires one or more. Words in other alternatives are not required. Searches normalized lowercase text (diacritics folded; most punctuation becomes spacing; apostrophes are ignored). Matching is case-insensitive. Observed coverage: 1 additional normalized phrase are OR-ed into the effective regex; each such phrase is an exact whole-message alternative. Runtime status: active by default when its category is enabled. Visible effect: after a rule wins overlap/priority selection, the extension highlights the entire inbound message block, even when the trigger itself is only a substring."
"opt_out_23","/(?:^(?:stop\s+wrong\s+number)$)|(?:\b(wrong number|wrong\s*#(?=\W|$)|wrong person|you (?:have|got) the wrong (?:number|person)|not me|this is\s*not me|this is\s*not (?:her|his) number|this is\s*not .*account|new phone number|new number|change my number|change phone number|change my phone number|change number|change my text subscription number|this phone number is no longer in service|not my number|this is\s*not [a-z]+|i'?ve had this number for years|someone else had this number))/gi","Classifies the message as an actionable opt-out. Recognizes wrong number wrong person not me this is not me this is not account ne as wrong number. Match requirement: PARTIAL MESSAGE. One qualifying substring is enough and unrelated words may appear before or after it. Alternatives containing ^ and $ still require the start/end of the searched message; unanchored alternatives may match inside longer text. Required: one complete regex alternative (items separated by | are OR choices, not cumulative requirements). Optional: only tokens/groups marked with ?, *, or a zero-minimum quantifier; + requires one or more. Words in other alternatives are not required. Searches the raw message text. Matching is case-insensitive. Observed coverage: 1 additional normalized phrase are OR-ed into the effective regex; each such phrase is an exact whole-message alternative. Runtime status: active by default when its category is enabled. Visible effect: after a rule wins overlap/priority selection, the extension highlights the entire inbound message block, even when the trigger itself is only a substring."
"opt_out_24","/\b(?:fuck|fucking|f\s+u|fuxk|stfu|sybau)\b/gi","Classifies the message as an actionable opt-out. Recognizes offensive word re as offensive rejection. Match requirement: PARTIAL MESSAGE. One qualifying substring is enough and unrelated words may appear before or after it. Required: one complete regex alternative (items separated by | are OR choices, not cumulative requirements). Optional: only tokens/groups marked with ?, *, or a zero-minimum quantifier; + requires one or more. Words in other alternatives are not required. Searches the raw message text. Matching is case-insensitive. Runtime status: active by default when its category is enabled. Visible effect: after a rule wins overlap/priority selection, the extension highlights the entire inbound message block, even when the trigger itself is only a substring."
"fuzzy_opt_out_7","/(?:i\s+)?(?:don(?:['\u2019`]|\s)?t|do\s*not)\s+want(?:\s+(?:this|these|anything))?/gi","Flags the message as a possible but ambiguous opt-out. Recognizes dont want this or these as generic disinterest. Match requirement: WHOLE MESSAGE. After trimming outer punctuation/whitespace and collapsing spaces, the matched text must equal the entire message body; extra words cause rejection. Required: one complete regex alternative (items separated by | are OR choices, not cumulative requirements). Optional: only tokens/groups marked with ?, *, or a zero-minimum quantifier; + requires one or more. Words in other alternatives are not required. Searches normalized lowercase text (diacritics folded; most punctuation becomes spacing; apostrophes are ignored). Matching is case-insensitive. Runtime status: active by default when its category is enabled. Visible effect: after a rule wins overlap/priority selection, the extension highlights the entire inbound message block, even when the trigger itself is only a substring."
"fuzzy_opt_out_8","/(?:i\s+)?(?:don(?:['\u2019`]|\s)?t|do\s*not)\s+want\s+any/gi","Flags the message as a possible but ambiguous opt-out. Recognizes dont want any as generic disinterest. Match requirement: WHOLE MESSAGE. After trimming outer punctuation/whitespace and collapsing spaces, the matched text must equal the entire message body; extra words cause rejection. Required: one complete regex alternative (items separated by | are OR choices, not cumulative requirements). Optional: only tokens/groups marked with ?, *, or a zero-minimum quantifier; + requires one or more. Words in other alternatives are not required. Searches normalized lowercase text (diacritics folded; most punctuation becomes spacing; apostrophes are ignored). Matching is case-insensitive. Runtime status: active by default when its category is enabled. Visible effect: after a rule wins overlap/priority selection, the extension highlights the entire inbound message block, even when the trigger itself is only a substring."
"fuzzy_opt_out_9","/(?:i\s+)?(?:don(?:['\u2019`]|\s)?t|do\s*not)\s+want\s+it/gi","Flags the message as a possible but ambiguous opt-out. Recognizes dont want it as generic disinterest. Match requirement: WHOLE MESSAGE. After trimming outer punctuation/whitespace and collapsing spaces, the matched text must equal the entire message body; extra words cause rejection. Required: one complete regex alternative (items separated by | are OR choices, not cumulative requirements). Optional: only tokens/groups marked with ?, *, or a zero-minimum quantifier; + requires one or more. Words in other alternatives are not required. Searches normalized lowercase text (diacritics folded; most punctuation becomes spacing; apostrophes are ignored). Matching is case-insensitive. Runtime status: active by default when its category is enabled. Visible effect: after a rule wins overlap/priority selection, the extension highlights the entire inbound message block, even when the trigger itself is only a substring."
"fuzzy_opt_out_10","/(?<![a-z0-9])(?:(?:i(?:['\u2019`]|\s)?ll|i\s+will) never come back)(?![a-z0-9])/gi","Flags the message as a possible but ambiguous opt-out. Recognizes i ll ill never come back as brand rejection. Match requirement: PARTIAL MESSAGE. One qualifying substring is enough and unrelated words may appear before or after it. Required: one complete regex alternative (items separated by | are OR choices, not cumulative requirements). Optional: only tokens/groups marked with ?, *, or a zero-minimum quantifier; + requires one or more. Words in other alternatives are not required. Searches normalized lowercase text (diacritics folded; most punctuation becomes spacing; apostrophes are ignored). Matching is case-insensitive. Runtime status: active by default when its category is enabled. Visible effect: after a rule wins overlap/priority selection, the extension highlights the entire inbound message block, even when the trigger itself is only a substring."
"fuzzy_opt_out_11","/(?<![a-z0-9])(?:(?:i(?:['\u2019`]|\s)?ll|i\s+will) never shop here again)(?![a-z0-9])/gi","Flags the message as a possible but ambiguous opt-out. Recognizes i ll ill never shop here again as brand rejection. Match requirement: PARTIAL MESSAGE. One qualifying substring is enough and unrelated words may appear before or after it. Required: one complete regex alternative (items separated by | are OR choices, not cumulative requirements). Optional: only tokens/groups marked with ?, *, or a zero-minimum quantifier; + requires one or more. Words in other alternatives are not required. Searches normalized lowercase text (diacritics folded; most punctuation becomes spacing; apostrophes are ignored). Matching is case-insensitive. Runtime status: active by default when its category is enabled. Visible effect: after a rule wins overlap/priority selection, the extension highlights the entire inbound message block, even when the trigger itself is only a substring."
"fuzzy_opt_out_12","/(?<![a-z0-9])(?:(?:i(?:['\u2019`]|\s)?m|i\s+am) done with this brand)(?![a-z0-9])/gi","Flags the message as a possible but ambiguous opt-out. Recognizes i m im i am done with this brand as brand rejection. Match requirement: PARTIAL MESSAGE. One qualifying substring is enough and unrelated words may appear before or after it. Required: one complete regex alternative (items separated by | are OR choices, not cumulative requirements). Optional: only tokens/groups marked with ?, *, or a zero-minimum quantifier; + requires one or more. Words in other alternatives are not required. Searches normalized lowercase text (diacritics folded; most punctuation becomes spacing; apostrophes are ignored). Matching is case-insensitive. Runtime status: active by default when its category is enabled. Visible effect: after a rule wins overlap/priority selection, the extension highlights the entire inbound message block, even when the trigger itself is only a substring."
"fuzzy_opt_out_13","/(?<![a-z0-9])(?:(?:i(?:['\u2019`]|\s)?m|i\s+am) not a customer anymore)(?![a-z0-9])/gi","Flags the message as a possible but ambiguous opt-out. Recognizes i m im i am not a customer anymore as brand rejection. Match requirement: PARTIAL MESSAGE. One qualifying substring is enough and unrelated words may appear before or after it. Required: one complete regex alternative (items separated by | are OR choices, not cumulative requirements). Optional: only tokens/groups marked with ?, *, or a zero-minimum quantifier; + requires one or more. Words in other alternatives are not required. Searches normalized lowercase text (diacritics folded; most punctuation becomes spacing; apostrophes are ignored). Matching is case-insensitive. Runtime status: active by default when its category is enabled. Visible effect: after a rule wins overlap/priority selection, the extension highlights the entire inbound message block, even when the trigger itself is only a substring."
"fuzzy_opt_out_14","/i (?:don(?:['\u2019`]|\s)?t|do\s*not) want any more/gi","Flags the message as a possible but ambiguous opt-out. Recognizes i don t want any more as generic disinterest. Match requirement: PARTIAL MESSAGE. One qualifying substring is enough and unrelated words may appear before or after it. Required: one complete regex alternative (items separated by | are OR choices, not cumulative requirements). Optional: only tokens/groups marked with ?, *, or a zero-minimum quantifier; + requires one or more. Words in other alternatives are not required. Searches normalized lowercase text (diacritics folded; most punctuation becomes spacing; apostrophes are ignored). Matching is case-insensitive. Runtime status: active by default when its category is enabled. Visible effect: after a rule wins overlap/priority selection, the extension highlights the entire inbound message block, even when the trigger itself is only a substring."
"fuzzy_opt_out_15","/i (?:don(?:['\u2019`]|\s)?t|do\s*not) want more/gi","Flags the message as a possible but ambiguous opt-out. Recognizes i don t want more as generic disinterest. Match requirement: PARTIAL MESSAGE. One qualifying substring is enough and unrelated words may appear before or after it. Required: one complete regex alternative (items separated by | are OR choices, not cumulative requirements). Optional: only tokens/groups marked with ?, *, or a zero-minimum quantifier; + requires one or more. Words in other alternatives are not required. Searches normalized lowercase text (diacritics folded; most punctuation becomes spacing; apostrophes are ignored). Matching is case-insensitive. Runtime status: active by default when its category is enabled. Visible effect: after a rule wins overlap/priority selection, the extension highlights the entire inbound message block, even when the trigger itself is only a substring."
"fuzzy_opt_out_16","/i (?:don(?:['\u2019`]|\s)?t|do\s*not) want this brand/gi","Flags the message as a possible but ambiguous opt-out. Recognizes i don t want this brand as brand rejection. Match requirement: PARTIAL MESSAGE. One qualifying substring is enough and unrelated words may appear before or after it. Required: one complete regex alternative (items separated by | are OR choices, not cumulative requirements). Optional: only tokens/groups marked with ?, *, or a zero-minimum quantifier; + requires one or more. Words in other alternatives are not required. Searches normalized lowercase text (diacritics folded; most punctuation becomes spacing; apostrophes are ignored). Matching is case-insensitive. Runtime status: active by default when its category is enabled. Visible effect: after a rule wins overlap/priority selection, the extension highlights the entire inbound message block, even when the trigger itself is only a substring."
"fuzzy_opt_out_17","/(?<![a-z0-9])(?:(?:quit|stop)\s+(?:playing|lying))(?![a-z0-9])/gi","Flags the message as a possible but ambiguous opt-out. Recognizes quit playing as frustration. Match requirement: PARTIAL MESSAGE. One qualifying substring is enough and unrelated words may appear before or after it. Required: one complete regex alternative (items separated by | are OR choices, not cumulative requirements). Optional: only tokens/groups marked with ?, *, or a zero-minimum quantifier; + requires one or more. Words in other alternatives are not required. Searches normalized lowercase text (diacritics folded; most punctuation becomes spacing; apostrophes are ignored). Matching is case-insensitive. Runtime status: active by default when its category is enabled. Visible effect: after a rule wins overlap/priority selection, the extension highlights the entire inbound message block, even when the trigger itself is only a substring."
"fuzzy_opt_out_18","/(?<![a-z0-9])(?:stop wasting my time)(?![a-z0-9])/gi","Flags the message as a possible but ambiguous opt-out. Recognizes stop wasting my time as frustration. Match requirement: PARTIAL MESSAGE. One qualifying substring is enough and unrelated words may appear before or after it. Required: one complete regex alternative (items separated by | are OR choices, not cumulative requirements). Optional: only tokens/groups marked with ?, *, or a zero-minimum quantifier; + requires one or more. Words in other alternatives are not required. Searches normalized lowercase text (diacritics folded; most punctuation becomes spacing; apostrophes are ignored). Matching is case-insensitive. Runtime status: active by default when its category is enabled. Visible effect: after a rule wins overlap/priority selection, the extension highlights the entire inbound message block, even when the trigger itself is only a substring."
"fuzzy_opt_out_19","/(?:i\s+(?:don(?:['\u2019`]|\s)?t|do\s*not)) want( any| it| these| this)?/gi","Flags the message as a possible but ambiguous opt-out. Recognizes i don t i dont i do not want any it these this as generic disinterest. Match requirement: PARTIAL MESSAGE. One qualifying substring is enough and unrelated words may appear before or after it. Required: one complete regex alternative (items separated by | are OR choices, not cumulative requirements). Optional: only tokens/groups marked with ?, *, or a zero-minimum quantifier; + requires one or more. Words in other alternatives are not required. Searches normalized lowercase text (diacritics folded; most punctuation becomes spacing; apostrophes are ignored). Matching is case-insensitive. Runtime status: active by default when its category is enabled. Visible effect: after a rule wins overlap/priority selection, the extension highlights the entire inbound message block, even when the trigger itself is only a substring."
"fuzzy_opt_out_20","/(?:i(?:['\u2019`]|\s)?m|i\s+am) done with this brand/gi","Flags the message as a possible but ambiguous opt-out. Recognizes brand rejection as brand rejection. Match requirement: PARTIAL MESSAGE. One qualifying substring is enough and unrelated words may appear before or after it. Required: one complete regex alternative (items separated by | are OR choices, not cumulative requirements). Optional: only tokens/groups marked with ?, *, or a zero-minimum quantifier; + requires one or more. Words in other alternatives are not required. Searches the raw message text. Matching is case-insensitive. Runtime status: active by default when its category is enabled. Visible effect: after a rule wins overlap/priority selection, the extension highlights the entire inbound message block, even when the trigger itself is only a substring."
"fuzzy_opt_out_21","/(?:i(?:['\u2019`]|\s)?m|i\s+am) not a customer anymore/gi","Flags the message as a possible but ambiguous opt-out. Recognizes brand rejection as brand rejection. Match requirement: PARTIAL MESSAGE. One qualifying substring is enough and unrelated words may appear before or after it. Required: one complete regex alternative (items separated by | are OR choices, not cumulative requirements). Optional: only tokens/groups marked with ?, *, or a zero-minimum quantifier; + requires one or more. Words in other alternatives are not required. Searches the raw message text. Matching is case-insensitive. Runtime status: active by default when its category is enabled. Visible effect: after a rule wins overlap/priority selection, the extension highlights the entire inbound message block, even when the trigger itself is only a substring."
"fuzzy_opt_out_22","/\bdone\b/gi","Flags the message as a possible but ambiguous opt-out. Recognizes generic done as ambiguous termination. Match requirement: PARTIAL MESSAGE. One qualifying substring is enough and unrelated words may appear before or after it. Required: one complete regex alternative (items separated by | are OR choices, not cumulative requirements). Optional: only tokens/groups marked with ?, *, or a zero-minimum quantifier; + requires one or more. Words in other alternatives are not required. Searches normalized lowercase text (diacritics folded; most punctuation becomes spacing; apostrophes are ignored). Matching is case-insensitive. Runtime status: active by default when its category is enabled. Visible effect: after a rule wins overlap/priority selection, the extension highlights the entire inbound message block, even when the trigger itself is only a substring."
"fuzzy_opt_out_23","/\bnever come back\b/gi","Flags the message as a possible but ambiguous opt-out. Recognizes never come back as brand rejection. Match requirement: PARTIAL MESSAGE. One qualifying substring is enough and unrelated words may appear before or after it. Required: one complete regex alternative (items separated by | are OR choices, not cumulative requirements). Optional: only tokens/groups marked with ?, *, or a zero-minimum quantifier; + requires one or more. Words in other alternatives are not required. Searches the raw message text. Matching is case-insensitive. Runtime status: active by default when its category is enabled. Visible effect: after a rule wins overlap/priority selection, the extension highlights the entire inbound message block, even when the trigger itself is only a substring."
"fuzzy_opt_out_24","/\bnot a customer anymore\b/gi","Flags the message as a possible but ambiguous opt-out. Recognizes not a customer anymore as brand rejection. Match requirement: PARTIAL MESSAGE. One qualifying substring is enough and unrelated words may appear before or after it. Required: one complete regex alternative (items separated by | are OR choices, not cumulative requirements). Optional: only tokens/groups marked with ?, *, or a zero-minimum quantifier; + requires one or more. Words in other alternatives are not required. Searches the raw message text. Matching is case-insensitive. Runtime status: active by default when its category is enabled. Visible effect: after a rule wins overlap/priority selection, the extension highlights the entire inbound message block, even when the trigger itself is only a substring."
"fuzzy_opt_out_25","/\bnot subscribing\b/gi","Flags the message as a possible but ambiguous opt-out. Recognizes not subscribing as communication rejection. Match requirement: PARTIAL MESSAGE. One qualifying substring is enough and unrelated words may appear before or after it. Required: one complete regex alternative (items separated by | are OR choices, not cumulative requirements). Optional: only tokens/groups marked with ?, *, or a zero-minimum quantifier; + requires one or more. Words in other alternatives are not required. Searches the raw message text. Matching is case-insensitive. Runtime status: active by default when its category is enabled. Visible effect: after a rule wins overlap/priority selection, the extension highlights the entire inbound message block, even when the trigger itself is only a substring."
"fuzzy_opt_out_26","/\bsick of (?:you|us|this|these|all this)\b/gi","Flags the message as a possible but ambiguous opt-out. Recognizes sick of as frustration. Match requirement: PARTIAL MESSAGE. One qualifying substring is enough and unrelated words may appear before or after it. Required: one complete regex alternative (items separated by | are OR choices, not cumulative requirements). Optional: only tokens/groups marked with ?, *, or a zero-minimum quantifier; + requires one or more. Words in other alternatives are not required. Searches normalized lowercase text (diacritics folded; most punctuation becomes spacing; apostrophes are ignored). Matching is case-insensitive. Runtime status: active by default when its category is enabled. Visible effect: after a rule wins overlap/priority selection, the extension highlights the entire inbound message block, even when the trigger itself is only a substring."
"fuzzy_opt_out_27","/\btired of (?:you|us|this|these|all this)\b/gi","Flags the message as a possible but ambiguous opt-out. Recognizes tired of as frustration. Match requirement: PARTIAL MESSAGE. One qualifying substring is enough and unrelated words may appear before or after it. Required: one complete regex alternative (items separated by | are OR choices, not cumulative requirements). Optional: only tokens/groups marked with ?, *, or a zero-minimum quantifier; + requires one or more. Words in other alternatives are not required. Searches normalized lowercase text (diacritics folded; most punctuation becomes spacing; apostrophes are ignored). Matching is case-insensitive. Runtime status: active by default when its category is enabled. Visible effect: after a rule wins overlap/priority selection, the extension highlights the entire inbound message block, even when the trigger itself is only a substring."
"reply_1","/^yo$/giu","Classifies the message as needing a reply. Recognizes greeting as greeting. Match requirement: WHOLE MESSAGE. After trimming outer punctuation/whitespace and collapsing spaces, the matched text must equal the entire message body; extra words cause rejection. Required: one complete regex alternative (items separated by | are OR choices, not cumulative requirements). Optional: only tokens/groups marked with ?, *, or a zero-minimum quantifier; + requires one or more. Words in other alternatives are not required. Searches normalized lowercase text (diacritics folded; most punctuation becomes spacing; apostrophes are ignored). Matching is case-insensitive. Runtime status: active by default when its category is enabled. Visible effect: after a rule wins overlap/priority selection, the extension highlights the entire inbound message block, even when the trigger itself is only a substring."
"reply_2","/^support$/giu","Classifies the message as needing a reply. Recognizes help as general help. Match requirement: WHOLE MESSAGE. After trimming outer punctuation/whitespace and collapsing spaces, the matched text must equal the entire message body; extra words cause rejection. Required: one complete regex alternative (items separated by | are OR choices, not cumulative requirements). Optional: only tokens/groups marked with ?, *, or a zero-minimum quantifier; + requires one or more. Words in other alternatives are not required. Searches normalized lowercase text (diacritics folded; most punctuation becomes spacing; apostrophes are ignored). Matching is case-insensitive. Runtime status: active by default when its category is enabled. Visible effect: after a rule wins overlap/priority selection, the extension highlights the entire inbound message block, even when the trigger itself is only a substring."
"reply_3","/^refund$/giu","Classifies the message as needing a reply. Recognizes issue as refund return exchange. Match requirement: WHOLE MESSAGE. After trimming outer punctuation/whitespace and collapsing spaces, the matched text must equal the entire message body; extra words cause rejection. Required: one complete regex alternative (items separated by | are OR choices, not cumulative requirements). Optional: only tokens/groups marked with ?, *, or a zero-minimum quantifier; + requires one or more. Words in other alternatives are not required. Searches normalized lowercase text (diacritics folded; most punctuation becomes spacing; apostrophes are ignored). Matching is case-insensitive. Runtime status: active by default when its category is enabled. Visible effect: after a rule wins overlap/priority selection, the extension highlights the entire inbound message block, even when the trigger itself is only a substring."
"reply_4","/^too expensive$/giu","Classifies the message as needing a reply. Recognizes issue as pricing. Match requirement: WHOLE MESSAGE. After trimming outer punctuation/whitespace and collapsing spaces, the matched text must equal the entire message body; extra words cause rejection. Required: one complete regex alternative (items separated by | are OR choices, not cumulative requirements). Optional: only tokens/groups marked with ?, *, or a zero-minimum quantifier; + requires one or more. Words in other alternatives are not required. Searches normalized lowercase text (diacritics folded; most punctuation becomes spacing; apostrophes are ignored). Matching is case-insensitive. Runtime status: active by default when its category is enabled. Visible effect: after a rule wins overlap/priority selection, the extension highlights the entire inbound message block, even when the trigger itself is only a substring."
"close_14","/^shop$/giu","Classifies the message as non-opt-out and suitable to close. Recognizes near stop as real word collision. Match requirement: WHOLE MESSAGE. After trimming outer punctuation/whitespace and collapsing spaces, the matched text must equal the entire message body; extra words cause rejection. Required: one complete regex alternative (items separated by | are OR choices, not cumulative requirements). Optional: only tokens/groups marked with ?, *, or a zero-minimum quantifier; + requires one or more. Words in other alternatives are not required. Searches normalized lowercase text (diacritics folded; most punctuation becomes spacing; apostrophes are ignored). Matching is case-insensitive. Runtime status: active by default when its category is enabled. Visible effect: after a rule wins overlap/priority selection, the extension highlights the entire inbound message block, even when the trigger itself is only a substring."
"close_15","/^top$/giu","Classifies the message as non-opt-out and suitable to close. Recognizes near stop as real word collision. Match requirement: WHOLE MESSAGE. After trimming outer punctuation/whitespace and collapsing spaces, the matched text must equal the entire message body; extra words cause rejection. Required: one complete regex alternative (items separated by | are OR choices, not cumulative requirements). Optional: only tokens/groups marked with ?, *, or a zero-minimum quantifier; + requires one or more. Words in other alternatives are not required. Searches normalized lowercase text (diacritics folded; most punctuation becomes spacing; apostrophes are ignored). Matching is case-insensitive. Runtime status: active by default when its category is enabled. Visible effect: after a rule wins overlap/priority selection, the extension highlights the entire inbound message block, even when the trigger itself is only a substring."
"close_16","/^(?:^subscribe$)$|^(?:^start$)$|^(?:^unstop$)$/gi","Classifies the message as non-opt-out and suitable to close. Exact opt-in commands: START, SUBSCRIBE, or UNSTOP. Match requirement: WHOLE MESSAGE. After trimming outer punctuation/whitespace and collapsing spaces, the matched text must equal the entire message body; extra words cause rejection. Required: one complete regex alternative (items separated by | are OR choices, not cumulative requirements). Optional: only tokens/groups marked with ?, *, or a zero-minimum quantifier; + requires one or more. Words in other alternatives are not required. Searches normalized lowercase text (diacritics folded; most punctuation becomes spacing; apostrophes are ignored). Matching is case-insensitive. Runtime status: active by default when its category is enabled. Visible effect: after a rule wins overlap/priority selection, the extension highlights the entire inbound message block, even when the trigger itself is only a substring."
"reply_5","/(?<![a-z0-9])(?:attn hey i need help with something)(?![a-z0-9])/gi","Classifies the message as needing a reply. Recognizes attn hey i need help with something as general help. Match requirement: WHOLE MESSAGE. After trimming outer punctuation/whitespace and collapsing spaces, the matched text must equal the entire message body; extra words cause rejection. Required: one complete regex alternative (items separated by | are OR choices, not cumulative requirements). Optional: only tokens/groups marked with ?, *, or a zero-minimum quantifier; + requires one or more. Words in other alternatives are not required. Searches normalized lowercase text (diacritics folded; most punctuation becomes spacing; apostrophes are ignored). Matching is case-insensitive. Runtime status: active by default when its category is enabled. Visible effect: after a rule wins overlap/priority selection, the extension highlights the entire inbound message block, even when the trigger itself is only a substring."
"close_17","/call me asap/gi","Classifies the message as non-opt-out and suitable to close. call me asap. Match requirement: WHOLE MESSAGE. After trimming outer punctuation/whitespace and collapsing spaces, the matched text must equal the entire message body; extra words cause rejection. Required: one complete regex alternative (items separated by | are OR choices, not cumulative requirements). Optional: only tokens/groups marked with ?, *, or a zero-minimum quantifier; + requires one or more. Words in other alternatives are not required. Searches normalized lowercase text (diacritics folded; most punctuation becomes spacing; apostrophes are ignored). Matching is case-insensitive. Runtime status: active by default when its category is enabled. Visible effect: after a rule wins overlap/priority selection, the extension highlights the entire inbound message block, even when the trigger itself is only a substring."
"close_18","/(?<![a-z0-9])(?:can i call you later)(?![a-z0-9])/gi","Classifies the message as non-opt-out and suitable to close. Recognizes can i call you later as customer request. Match requirement: WHOLE MESSAGE. After trimming outer punctuation/whitespace and collapsing spaces, the matched text must equal the entire message body; extra words cause rejection. Required: one complete regex alternative (items separated by | are OR choices, not cumulative requirements). Optional: only tokens/groups marked with ?, *, or a zero-minimum quantifier; + requires one or more. Words in other alternatives are not required. Searches normalized lowercase text (diacritics folded; most punctuation becomes spacing; apostrophes are ignored). Matching is case-insensitive. Runtime status: active by default when its category is enabled. Visible effect: after a rule wins overlap/priority selection, the extension highlights the entire inbound message block, even when the trigger itself is only a substring."
"reply_6","/(?<![a-z0-9])(?:cancel (my )?(order|account))(?![a-z0-9])/gi","Classifies the message as needing a reply. Recognizes cancel my order account as order account support. Match requirement: WHOLE MESSAGE. After trimming outer punctuation/whitespace and collapsing spaces, the matched text must equal the entire message body; extra words cause rejection. Required: one complete regex alternative (items separated by | are OR choices, not cumulative requirements). Optional: only tokens/groups marked with ?, *, or a zero-minimum quantifier; + requires one or more. Words in other alternatives are not required. Searches normalized lowercase text (diacritics folded; most punctuation becomes spacing; apostrophes are ignored). Matching is case-insensitive. Runtime status: active by default when its category is enabled. Visible effect: after a rule wins overlap/priority selection, the extension highlights the entire inbound message block, even when the trigger itself is only a substring."
"close_19","/check out my bet on fanduel sportsbook/gi","Classifies the message as non-opt-out and suitable to close. check out my bet on fanduel sportsbook. Match requirement: WHOLE MESSAGE. After trimming outer punctuation/whitespace and collapsing spaces, the matched text must equal the entire message body; extra words cause rejection. Required: one complete regex alternative (items separated by | are OR choices, not cumulative requirements). Optional: only tokens/groups marked with ?, *, or a zero-minimum quantifier; + requires one or more. Words in other alternatives are not required. Searches normalized lowercase text (diacritics folded; most punctuation becomes spacing; apostrophes are ignored). Matching is case-insensitive. Runtime status: active by default when its category is enabled. Visible effect: after a rule wins overlap/priority selection, the extension highlights the entire inbound message block, even when the trigger itself is only a substring."
"close_20","/claim 5 free shein products now click the link to help and lets both win big/gi","Classifies the message as non-opt-out and suitable to close. claim 5 free shein products now click the link to help and lets both win big. Match requirement: WHOLE MESSAGE. After trimming outer punctuation/whitespace and collapsing spaces, the matched text must equal the entire message body; extra words cause rejection. Required: one complete regex alternative (items separated by | are OR choices, not cumulative requirements). Optional: only tokens/groups marked with ?, *, or a zero-minimum quantifier; + requires one or more. Words in other alternatives are not required. Searches normalized lowercase text (diacritics folded; most punctuation becomes spacing; apostrophes are ignored). Matching is case-insensitive. Runtime status: active by default when its category is enabled. Visible effect: after a rule wins overlap/priority selection, the extension highlights the entire inbound message block, even when the trigger itself is only a substring."
"reply_7","/code/gi","Classifies the message as needing a reply. code. Match requirement: WHOLE MESSAGE. After trimming outer punctuation/whitespace and collapsing spaces, the matched text must equal the entire message body; extra words cause rejection. Required: one complete regex alternative (items separated by | are OR choices, not cumulative requirements). Optional: only tokens/groups marked with ?, *, or a zero-minimum quantifier; + requires one or more. Words in other alternatives are not required. Searches normalized lowercase text (diacritics folded; most punctuation becomes spacing; apostrophes are ignored). Matching is case-insensitive. Runtime status: active by default when its category is enabled. Visible effect: after a rule wins overlap/priority selection, the extension highlights the entire inbound message block, even when the trigger itself is only a substring."
"close_21","/(?<![a-z0-9])(?:could you do me a huge favor please accept my invite so that i can get free gifts)(?![a-z0-9])/gi","Classifies the message as non-opt-out and suitable to close. Recognizes could you do me a huge favor please accept my invite so that i can get as known inbound spam. Match requirement: WHOLE MESSAGE. After trimming outer punctuation/whitespace and collapsing spaces, the matched text must equal the entire message body; extra words cause rejection. Required: one complete regex alternative (items separated by | are OR choices, not cumulative requirements). Optional: only tokens/groups marked with ?, *, or a zero-minimum quantifier; + requires one or more. Words in other alternatives are not required. Searches normalized lowercase text (diacritics folded; most punctuation becomes spacing; apostrophes are ignored). Matching is case-insensitive. Runtime status: active by default when its category is enabled. Visible effect: after a rule wins overlap/priority selection, the extension highlights the entire inbound message block, even when the trigger itself is only a substring."
"reply_8","/coupon/gi","Classifies the message as needing a reply. coupon. Match requirement: WHOLE MESSAGE. After trimming outer punctuation/whitespace and collapsing spaces, the matched text must equal the entire message body; extra words cause rejection. Required: one complete regex alternative (items separated by | are OR choices, not cumulative requirements). Optional: only tokens/groups marked with ?, *, or a zero-minimum quantifier; + requires one or more. Words in other alternatives are not required. Searches normalized lowercase text (diacritics folded; most punctuation becomes spacing; apostrophes are ignored). Matching is case-insensitive. Runtime status: active by default when its category is enabled. Visible effect: after a rule wins overlap/priority selection, the extension highlights the entire inbound message block, even when the trigger itself is only a substring."
"reply_9","/(?<![a-z0-9])(?:coupons)(?![a-z0-9])/gi","Classifies the message as needing a reply. Recognizes coupons as discount coupon. Match requirement: WHOLE MESSAGE. After trimming outer punctuation/whitespace and collapsing spaces, the matched text must equal the entire message body; extra words cause rejection. Required: one complete regex alternative (items separated by | are OR choices, not cumulative requirements). Optional: only tokens/groups marked with ?, *, or a zero-minimum quantifier; + requires one or more. Words in other alternatives are not required. Searches normalized lowercase text (diacritics folded; most punctuation becomes spacing; apostrophes are ignored). Matching is case-insensitive. Runtime status: active by default when its category is enabled. Visible effect: after a rule wins overlap/priority selection, the extension highlights the entire inbound message block, even when the trigger itself is only a substring."
"reply_10","/(?<![a-z0-9])(?:customer service|customer support)(?![a-z0-9])/gi","Classifies the message as needing a reply. Recognizes customer service as general help. Match requirement: WHOLE MESSAGE. After trimming outer punctuation/whitespace and collapsing spaces, the matched text must equal the entire message body; extra words cause rejection. Required: one complete regex alternative (items separated by | are OR choices, not cumulative requirements). Optional: only tokens/groups marked with ?, *, or a zero-minimum quantifier; + requires one or more. Words in other alternatives are not required. Searches normalized lowercase text (diacritics folded; most punctuation becomes spacing; apostrophes are ignored). Matching is case-insensitive. Runtime status: active by default when its category is enabled. Visible effect: after a rule wins overlap/priority selection, the extension highlights the entire inbound message block, even when the trigger itself is only a substring."
"reply_11","/discount/gi","Classifies the message as needing a reply. discount. Match requirement: WHOLE MESSAGE. After trimming outer punctuation/whitespace and collapsing spaces, the matched text must equal the entire message body; extra words cause rejection. Required: one complete regex alternative (items separated by | are OR choices, not cumulative requirements). Optional: only tokens/groups marked with ?, *, or a zero-minimum quantifier; + requires one or more. Words in other alternatives are not required. Searches normalized lowercase text (diacritics folded; most punctuation becomes spacing; apostrophes are ignored). Matching is case-insensitive. Runtime status: active by default when its category is enabled. Visible effect: after a rule wins overlap/priority selection, the extension highlights the entire inbound message block, even when the trigger itself is only a substring."
"reply_12","/(?<![a-z0-9])(?:free shipping)(?![a-z0-9])/gi","Classifies the message as needing a reply. Recognizes free shipping as shipping delivery. Match requirement: WHOLE MESSAGE. After trimming outer punctuation/whitespace and collapsing spaces, the matched text must equal the entire message body; extra words cause rejection. Required: one complete regex alternative (items separated by | are OR choices, not cumulative requirements). Optional: only tokens/groups marked with ?, *, or a zero-minimum quantifier; + requires one or more. Words in other alternatives are not required. Searches normalized lowercase text (diacritics folded; most punctuation becomes spacing; apostrophes are ignored). Matching is case-insensitive. Runtime status: active by default when its category is enabled. Visible effect: after a rule wins overlap/priority selection, the extension highlights the entire inbound message block, even when the trigger itself is only a substring."
"reply_13","/hello/gi","Classifies the message as needing a reply. hello. Match requirement: WHOLE MESSAGE. After trimming outer punctuation/whitespace and collapsing spaces, the matched text must equal the entire message body; extra words cause rejection. Required: one complete regex alternative (items separated by | are OR choices, not cumulative requirements). Optional: only tokens/groups marked with ?, *, or a zero-minimum quantifier; + requires one or more. Words in other alternatives are not required. Searches normalized lowercase text (diacritics folded; most punctuation becomes spacing; apostrophes are ignored). Matching is case-insensitive. Runtime status: active by default when its category is enabled. Visible effect: after a rule wins overlap/priority selection, the extension highlights the entire inbound message block, even when the trigger itself is only a substring."
"reply_14","/(?<![a-z0-9])(?:help)(?![a-z0-9])/gi","Classifies the message as needing a reply. Recognizes help as general help. Match requirement: WHOLE MESSAGE. After trimming outer punctuation/whitespace and collapsing spaces, the matched text must equal the entire message body; extra words cause rejection. Required: one complete regex alternative (items separated by | are OR choices, not cumulative requirements). Optional: only tokens/groups marked with ?, *, or a zero-minimum quantifier; + requires one or more. Words in other alternatives are not required. Searches normalized lowercase text (diacritics folded; most punctuation becomes spacing; apostrophes are ignored). Matching is case-insensitive. Runtime status: active by default when its category is enabled. Visible effect: after a rule wins overlap/priority selection, the extension highlights the entire inbound message block, even when the trigger itself is only a substring."
"reply_15","/hey/gi","Classifies the message as needing a reply. hey. Match requirement: WHOLE MESSAGE. After trimming outer punctuation/whitespace and collapsing spaces, the matched text must equal the entire message body; extra words cause rejection. Required: one complete regex alternative (items separated by | are OR choices, not cumulative requirements). Optional: only tokens/groups marked with ?, *, or a zero-minimum quantifier; + requires one or more. Words in other alternatives are not required. Searches normalized lowercase text (diacritics folded; most punctuation becomes spacing; apostrophes are ignored). Matching is case-insensitive. Runtime status: active by default when its category is enabled. Visible effect: after a rule wins overlap/priority selection, the extension highlights the entire inbound message block, even when the trigger itself is only a substring."
"reply_16","/hi/gi","Classifies the message as needing a reply. hi. Match requirement: WHOLE MESSAGE. After trimming outer punctuation/whitespace and collapsing spaces, the matched text must equal the entire message body; extra words cause rejection. Required: one complete regex alternative (items separated by | are OR choices, not cumulative requirements). Optional: only tokens/groups marked with ?, *, or a zero-minimum quantifier; + requires one or more. Words in other alternatives are not required. Searches normalized lowercase text (diacritics folded; most punctuation becomes spacing; apostrophes are ignored). Matching is case-insensitive. Runtime status: active by default when its category is enabled. Visible effect: after a rule wins overlap/priority selection, the extension highlights the entire inbound message block, even when the trigger itself is only a substring."
"close_22","/how much/gi","Classifies the message as non-opt-out and suitable to close. how much. Match requirement: WHOLE MESSAGE. After trimming outer punctuation/whitespace and collapsing spaces, the matched text must equal the entire message body; extra words cause rejection. Required: one complete regex alternative (items separated by | are OR choices, not cumulative requirements). Optional: only tokens/groups marked with ?, *, or a zero-minimum quantifier; + requires one or more. Words in other alternatives are not required. Searches normalized lowercase text (diacritics folded; most punctuation becomes spacing; apostrophes are ignored). Matching is case-insensitive. Runtime status: active by default when its category is enabled. Visible effect: after a rule wins overlap/priority selection, the extension highlights the entire inbound message block, even when the trigger itself is only a substring."
"close_23","/i\s*m|im/gi","Classifies the message as non-opt-out and suitable to close. Recognizes i m as noise. Match requirement: WHOLE MESSAGE. After trimming outer punctuation/whitespace and collapsing spaces, the matched text must equal the entire message body; extra words cause rejection. Required: one complete regex alternative (items separated by | are OR choices, not cumulative requirements). Optional: only tokens/groups marked with ?, *, or a zero-minimum quantifier; + requires one or more. Words in other alternatives are not required. Searches normalized lowercase text (diacritics folded; most punctuation becomes spacing; apostrophes are ignored). Matching is case-insensitive. Runtime status: active by default when its category is enabled. Visible effect: after a rule wins overlap/priority selection, the extension highlights the entire inbound message block, even when the trigger itself is only a substring."
"close_24","/lol/gi","Classifies the message as non-opt-out and suitable to close. lol. Match requirement: WHOLE MESSAGE. After trimming outer punctuation/whitespace and collapsing spaces, the matched text must equal the entire message body; extra words cause rejection. Required: one complete regex alternative (items separated by | are OR choices, not cumulative requirements). Optional: only tokens/groups marked with ?, *, or a zero-minimum quantifier; + requires one or more. Words in other alternatives are not required. Searches normalized lowercase text (diacritics folded; most punctuation becomes spacing; apostrophes are ignored). Matching is case-insensitive. Runtime status: active by default when its category is enabled. Visible effect: after a rule wins overlap/priority selection, the extension highlights the entire inbound message block, even when the trigger itself is only a substring."
"close_25","/(?<![a-z0-9])(?:michaels michaels)(?![a-z0-9])/gi","Classifies the message as non-opt-out and suitable to close. Recognizes michaels michaels as known keyword. Match requirement: WHOLE MESSAGE. After trimming outer punctuation/whitespace and collapsing spaces, the matched text must equal the entire message body; extra words cause rejection. Required: one complete regex alternative (items separated by | are OR choices, not cumulative requirements). Optional: only tokens/groups marked with ?, *, or a zero-minimum quantifier; + requires one or more. Words in other alternatives are not required. Searches normalized lowercase text (diacritics folded; most punctuation becomes spacing; apostrophes are ignored). Matching is case-insensitive. Runtime status: active by default when its category is enabled. Visible effect: after a rule wins overlap/priority selection, the extension highlights the entire inbound message block, even when the trigger itself is only a substring."
"reply_17","/(?<![a-z0-9])(?:order updates)(?![a-z0-9])/gi","Classifies the message as needing a reply. Recognizes order updates as order support. Match requirement: WHOLE MESSAGE. After trimming outer punctuation/whitespace and collapsing spaces, the matched text must equal the entire message body; extra words cause rejection. Required: one complete regex alternative (items separated by | are OR choices, not cumulative requirements). Optional: only tokens/groups marked with ?, *, or a zero-minimum quantifier; + requires one or more. Words in other alternatives are not required. Searches normalized lowercase text (diacritics folded; most punctuation becomes spacing; apostrophes are ignored). Matching is case-insensitive. Runtime status: active by default when its category is enabled. Visible effect: after a rule wins overlap/priority selection, the extension highlights the entire inbound message block, even when the trigger itself is only a substring."
"reply_18","/(?<![a-z0-9])(?:where is my (order|package))(?![a-z0-9])/gi","Classifies the message as needing a reply. Recognizes where is my order package as order support. Match requirement: WHOLE MESSAGE. After trimming outer punctuation/whitespace and collapsing spaces, the matched text must equal the entire message body; extra words cause rejection. Required: one complete regex alternative (items separated by | are OR choices, not cumulative requirements). Optional: only tokens/groups marked with ?, *, or a zero-minimum quantifier; + requires one or more. Words in other alternatives are not required. Searches normalized lowercase text (diacritics folded; most punctuation becomes spacing; apostrophes are ignored). Matching is case-insensitive. Runtime status: active by default when its category is enabled. Visible effect: after a rule wins overlap/priority selection, the extension highlights the entire inbound message block, even when the trigger itself is only a substring."
"reply_19","/where s my order/gi","Classifies the message as needing a reply. where s my order. Match requirement: WHOLE MESSAGE. After trimming outer punctuation/whitespace and collapsing spaces, the matched text must equal the entire message body; extra words cause rejection. Required: one complete regex alternative (items separated by | are OR choices, not cumulative requirements). Optional: only tokens/groups marked with ?, *, or a zero-minimum quantifier; + requires one or more. Words in other alternatives are not required. Searches normalized lowercase text (diacritics folded; most punctuation becomes spacing; apostrophes are ignored). Matching is case-insensitive. Runtime status: active by default when its category is enabled. Visible effect: after a rule wins overlap/priority selection, the extension highlights the entire inbound message block, even when the trigger itself is only a substring."
"reply_20","/(code|discount) did not work/gi","Classifies the message as needing a reply. Recognizes code discount did not work as discount coupon. Match requirement: WHOLE MESSAGE. After trimming outer punctuation/whitespace and collapsing spaces, the matched text must equal the entire message body; extra words cause rejection. Required: one complete regex alternative (items separated by | are OR choices, not cumulative requirements). Optional: only tokens/groups marked with ?, *, or a zero-minimum quantifier; + requires one or more. Words in other alternatives are not required. Searches normalized lowercase text (diacritics folded; most punctuation becomes spacing; apostrophes are ignored). Matching is case-insensitive. Runtime status: active by default when its category is enabled. Visible effect: after a rule wins overlap/priority selection, the extension highlights the entire inbound message block, even when the trigger itself is only a substring."
"reply_21","/(deliver|send me) my package/gi","Classifies the message as needing a reply. Recognizes deliver send me my package as shipping delivery. Match requirement: WHOLE MESSAGE. After trimming outer punctuation/whitespace and collapsing spaces, the matched text must equal the entire message body; extra words cause rejection. Required: one complete regex alternative (items separated by | are OR choices, not cumulative requirements). Optional: only tokens/groups marked with ?, *, or a zero-minimum quantifier; + requires one or more. Words in other alternatives are not required. Searches normalized lowercase text (diacritics folded; most punctuation becomes spacing; apostrophes are ignored). Matching is case-insensitive. Runtime status: active by default when its category is enabled. Visible effect: after a rule wins overlap/priority selection, the extension highlights the entire inbound message block, even when the trigger itself is only a substring."
"reply_22","/\b(?:size|inventory|availability|color|colour)\b/gi","Classifies the message as needing a reply. Recognizes product request as product question. Match requirement: WHOLE MESSAGE. After trimming outer punctuation/whitespace and collapsing spaces, the matched text must equal the entire message body; extra words cause rejection. Required: one complete regex alternative (items separated by | are OR choices, not cumulative requirements). Optional: only tokens/groups marked with ?, *, or a zero-minimum quantifier; + requires one or more. Words in other alternatives are not required. Searches normalized lowercase text (diacritics folded; most punctuation becomes spacing; apostrophes are ignored). Matching is case-insensitive. Runtime status: active by default when its category is enabled. Visible effect: after a rule wins overlap/priority selection, the extension highlights the entire inbound message block, even when the trigger itself is only a substring."
"reply_23","/\b(?:update|change|reset|fix|review) (?:my )?(?:account|login|password|email|address)\b/gi","Classifies the message as needing a reply. Recognizes account request as account support. Match requirement: WHOLE MESSAGE. After trimming outer punctuation/whitespace and collapsing spaces, the matched text must equal the entire message body; extra words cause rejection. Required: one complete regex alternative (items separated by | are OR choices, not cumulative requirements). Optional: only tokens/groups marked with ?, *, or a zero-minimum quantifier; + requires one or more. Words in other alternatives are not required. Searches normalized lowercase text (diacritics folded; most punctuation becomes spacing; apostrophes are ignored). Matching is case-insensitive. Runtime status: active by default when its category is enabled. Visible effect: after a rule wins overlap/priority selection, the extension highlights the entire inbound message block, even when the trigger itself is only a substring."
"reply_24","/\b(?:where(?: is|s)? my order|order status|track(?:ing)?(?: my)? order)\b/gi","Classifies the message as needing a reply. Recognizes order status as order support. Match requirement: WHOLE MESSAGE. After trimming outer punctuation/whitespace and collapsing spaces, the matched text must equal the entire message body; extra words cause rejection. Required: one complete regex alternative (items separated by | are OR choices, not cumulative requirements). Optional: only tokens/groups marked with ?, *, or a zero-minimum quantifier; + requires one or more. Words in other alternatives are not required. Searches normalized lowercase text (diacritics folded; most punctuation becomes spacing; apostrophes are ignored). Matching is case-insensitive. Runtime status: active by default when its category is enabled. Visible effect: after a rule wins overlap/priority selection, the extension highlights the entire inbound message block, even when the trigger itself is only a substring."
"reply_25","/\bcancel (?:my )?order\b/gi","Classifies the message as needing a reply. Recognizes cancel order as order support. Match requirement: WHOLE MESSAGE. After trimming outer punctuation/whitespace and collapsing spaces, the matched text must equal the entire message body; extra words cause rejection. Required: one complete regex alternative (items separated by | are OR choices, not cumulative requirements). Optional: only tokens/groups marked with ?, *, or a zero-minimum quantifier; + requires one or more. Words in other alternatives are not required. Searches normalized lowercase text (diacritics folded; most punctuation becomes spacing; apostrophes are ignored). Matching is case-insensitive. Runtime status: active by default when its category is enabled. Visible effect: after a rule wins overlap/priority selection, the extension highlights the entire inbound message block, even when the trigger itself is only a substring."
"reply_26","/\brefund\b|\breturn\b|\bexchange\b/gi","Classifies the message as needing a reply. Recognizes refund request as refund return exchange. Match requirement: WHOLE MESSAGE. After trimming outer punctuation/whitespace and collapsing spaces, the matched text must equal the entire message body; extra words cause rejection. Required: one complete regex alternative (items separated by | are OR choices, not cumulative requirements). Optional: only tokens/groups marked with ?, *, or a zero-minimum quantifier; + requires one or more. Words in other alternatives are not required. Searches normalized lowercase text (diacritics folded; most punctuation becomes spacing; apostrophes are ignored). Matching is case-insensitive. Runtime status: active by default when its category is enabled. Visible effect: after a rule wins overlap/priority selection, the extension highlights the entire inbound message block, even when the trigger itself is only a substring."
"reply_27","/\bshipping\b|\bshipment\b|\bdelivery\b/gi","Classifies the message as needing a reply. Recognizes shipping request as shipping delivery. Match requirement: WHOLE MESSAGE. After trimming outer punctuation/whitespace and collapsing spaces, the matched text must equal the entire message body; extra words cause rejection. Required: one complete regex alternative (items separated by | are OR choices, not cumulative requirements). Optional: only tokens/groups marked with ?, *, or a zero-minimum quantifier; + requires one or more. Words in other alternatives are not required. Searches normalized lowercase text (diacritics folded; most punctuation becomes spacing; apostrophes are ignored). Matching is case-insensitive. Runtime status: active by default when its category is enabled. Visible effect: after a rule wins overlap/priority selection, the extension highlights the entire inbound message block, even when the trigger itself is only a substring."
"reply_28","/code doesn t work/gi","Classifies the message as needing a reply. code doesn t work. Match requirement: WHOLE MESSAGE. After trimming outer punctuation/whitespace and collapsing spaces, the matched text must equal the entire message body; extra words cause rejection. Required: one complete regex alternative (items separated by | are OR choices, not cumulative requirements). Optional: only tokens/groups marked with ?, *, or a zero-minimum quantifier; + requires one or more. Words in other alternatives are not required. Searches normalized lowercase text (diacritics folded; most punctuation becomes spacing; apostrophes are ignored). Matching is case-insensitive. Runtime status: active by default when its category is enabled. Visible effect: after a rule wins overlap/priority selection, the extension highlights the entire inbound message block, even when the trigger itself is only a substring."
"close_26","/michaels/gi","Classifies the message as non-opt-out and suitable to close. michaels. Match requirement: WHOLE MESSAGE. After trimming outer punctuation/whitespace and collapsing spaces, the matched text must equal the entire message body; extra words cause rejection. Required: one complete regex alternative (items separated by | are OR choices, not cumulative requirements). Optional: only tokens/groups marked with ?, *, or a zero-minimum quantifier; + requires one or more. Words in other alternatives are not required. Searches normalized lowercase text (diacritics folded; most punctuation becomes spacing; apostrophes are ignored). Matching is case-insensitive. Runtime status: active by default when its category is enabled. Visible effect: after a rule wins overlap/priority selection, the extension highlights the entire inbound message block, even when the trigger itself is only a substring."
"close_27","/sri/gi","Classifies the message as non-opt-out and suitable to close. sri. Match requirement: WHOLE MESSAGE. After trimming outer punctuation/whitespace and collapsing spaces, the matched text must equal the entire message body; extra words cause rejection. Required: one complete regex alternative (items separated by | are OR choices, not cumulative requirements). Optional: only tokens/groups marked with ?, *, or a zero-minimum quantifier; + requires one or more. Words in other alternatives are not required. Searches normalized lowercase text (diacritics folded; most punctuation becomes spacing; apostrophes are ignored). Matching is case-insensitive. Runtime status: active by default when its category is enabled. Visible effect: after a rule wins overlap/priority selection, the extension highlights the entire inbound message block, even when the trigger itself is only a substring."
"close_28","/\b(?:start|starts|started|starting)\b/gi","Classifies the message as non-opt-out and suitable to close. Recognizes start as opt in. Match requirement: WHOLE MESSAGE. After trimming outer punctuation/whitespace and collapsing spaces, the matched text must equal the entire message body; extra words cause rejection. Required: one complete regex alternative (items separated by | are OR choices, not cumulative requirements). Optional: only tokens/groups marked with ?, *, or a zero-minimum quantifier; + requires one or more. Words in other alternatives are not required. Searches normalized lowercase text (diacritics folded; most punctuation becomes spacing; apostrophes are ignored). Matching is case-insensitive. Runtime status: active by default when its category is enabled. Visible effect: after a rule wins overlap/priority selection, the extension highlights the entire inbound message block, even when the trigger itself is only a substring."
"close_29","/take10/gi","Classifies the message as non-opt-out and suitable to close. take10. Match requirement: WHOLE MESSAGE. After trimming outer punctuation/whitespace and collapsing spaces, the matched text must equal the entire message body; extra words cause rejection. Required: one complete regex alternative (items separated by | are OR choices, not cumulative requirements). Optional: only tokens/groups marked with ?, *, or a zero-minimum quantifier; + requires one or more. Words in other alternatives are not required. Searches normalized lowercase text (diacritics folded; most punctuation becomes spacing; apostrophes are ignored). Matching is case-insensitive. Runtime status: active by default when its category is enabled. Visible effect: after a rule wins overlap/priority selection, the extension highlights the entire inbound message block, even when the trigger itself is only a substring."
"close_30","/test/gi","Classifies the message as non-opt-out and suitable to close. test. Match requirement: WHOLE MESSAGE. After trimming outer punctuation/whitespace and collapsing spaces, the matched text must equal the entire message body; extra words cause rejection. Required: one complete regex alternative (items separated by | are OR choices, not cumulative requirements). Optional: only tokens/groups marked with ?, *, or a zero-minimum quantifier; + requires one or more. Words in other alternatives are not required. Searches normalized lowercase text (diacritics folded; most punctuation becomes spacing; apostrophes are ignored). Matching is case-insensitive. Runtime status: active by default when its category is enabled. Visible effect: after a rule wins overlap/priority selection, the extension highlights the entire inbound message block, even when the trigger itself is only a substring."
"no_action_1","/^(?:thank u|thanks|thx)$/gi","Defines a no-action classification. Recognizes short gratitude as gratitude. Match requirement: PARTIAL MESSAGE. One qualifying substring is enough and unrelated words may appear before or after it. Alternatives containing ^ and $ still require the start/end of the searched message; unanchored alternatives may match inside longer text. Required: one complete regex alternative (items separated by | are OR choices, not cumulative requirements). Optional: only tokens/groups marked with ?, *, or a zero-minimum quantifier; + requires one or more. Words in other alternatives are not required. Searches normalized lowercase text (diacritics folded; most punctuation becomes spacing; apostrophes are ignored). Matching is case-insensitive. Runtime status: DORMANT. The loader always excludes no_action rules, even if settings enable that category. Visible effect: none in the current runtime."
"close_31","/the/gi","Classifies the message as non-opt-out and suitable to close. the. Match requirement: WHOLE MESSAGE. After trimming outer punctuation/whitespace and collapsing spaces, the matched text must equal the entire message body; extra words cause rejection. Required: one complete regex alternative (items separated by | are OR choices, not cumulative requirements). Optional: only tokens/groups marked with ?, *, or a zero-minimum quantifier; + requires one or more. Words in other alternatives are not required. Searches normalized lowercase text (diacritics folded; most punctuation becomes spacing; apostrophes are ignored). Matching is case-insensitive. Runtime status: active by default when its category is enabled. Visible effect: after a rule wins overlap/priority selection, the extension highlights the entire inbound message block, even when the trigger itself is only a substring."
"reply_29","/the code doesn t work/gi","Classifies the message as needing a reply. the code doesn t work. Match requirement: WHOLE MESSAGE. After trimming outer punctuation/whitespace and collapsing spaces, the matched text must equal the entire message body; extra words cause rejection. Required: one complete regex alternative (items separated by | are OR choices, not cumulative requirements). Optional: only tokens/groups marked with ?, *, or a zero-minimum quantifier; + requires one or more. Words in other alternatives are not required. Searches normalized lowercase text (diacritics folded; most punctuation becomes spacing; apostrophes are ignored). Matching is case-insensitive. Runtime status: active by default when its category is enabled. Visible effect: after a rule wins overlap/priority selection, the extension highlights the entire inbound message block, even when the trigger itself is only a substring."
"close_32","/welcome15/gi","Classifies the message as non-opt-out and suitable to close. welcome15. Match requirement: WHOLE MESSAGE. After trimming outer punctuation/whitespace and collapsing spaces, the matched text must equal the entire message body; extra words cause rejection. Required: one complete regex alternative (items separated by | are OR choices, not cumulative requirements). Optional: only tokens/groups marked with ?, *, or a zero-minimum quantifier; + requires one or more. Words in other alternatives are not required. Searches normalized lowercase text (diacritics folded; most punctuation becomes spacing; apostrophes are ignored). Matching is case-insensitive. Runtime status: active by default when its category is enabled. Visible effect: after a rule wins overlap/priority selection, the extension highlights the entire inbound message block, even when the trigger itself is only a substring."
"reply_30","/what s the code/gi","Classifies the message as needing a reply. what s the code. Match requirement: WHOLE MESSAGE. After trimming outer punctuation/whitespace and collapsing spaces, the matched text must equal the entire message body; extra words cause rejection. Required: one complete regex alternative (items separated by | are OR choices, not cumulative requirements). Optional: only tokens/groups marked with ?, *, or a zero-minimum quantifier; + requires one or more. Words in other alternatives are not required. Searches normalized lowercase text (diacritics folded; most punctuation becomes spacing; apostrophes are ignored). Matching is case-insensitive. Runtime status: active by default when its category is enabled. Visible effect: after a rule wins overlap/priority selection, the extension highlights the entire inbound message block, even when the trigger itself is only a substring."
"fuzzy_opt_out_28","/(?<![a-z0-9])(?:i (?:don(?:['\u2019`]|\s)?t|do\s*not) want (this|these) anymore)(?![a-z0-9])/gi","Flags the message as a possible but ambiguous opt-out. Recognizes i don t dont want this these anymore as generic disinterest. Match requirement: PARTIAL MESSAGE. One qualifying substring is enough and unrelated words may appear before or after it. Required: one complete regex alternative (items separated by | are OR choices, not cumulative requirements). Optional: only tokens/groups marked with ?, *, or a zero-minimum quantifier; + requires one or more. Words in other alternatives are not required. Searches normalized lowercase text (diacritics folded; most punctuation becomes spacing; apostrophes are ignored). Matching is case-insensitive. Runtime status: active by default when its category is enabled. Visible effect: after a rule wins overlap/priority selection, the extension highlights the entire inbound message block, even when the trigger itself is only a substring."
"fuzzy_opt_out_29","/i (?:don(?:['\u2019`]|\s)?t|do\s*not) want to be here/gi","Flags the message as a possible but ambiguous opt-out. Recognizes generic disinterest as generic disinterest. Match requirement: PARTIAL MESSAGE. One qualifying substring is enough and unrelated words may appear before or after it. Required: one complete regex alternative (items separated by | are OR choices, not cumulative requirements). Optional: only tokens/groups marked with ?, *, or a zero-minimum quantifier; + requires one or more. Words in other alternatives are not required. Searches the raw message text. Matching is case-insensitive. Runtime status: active by default when its category is enabled. Visible effect: after a rule wins overlap/priority selection, the extension highlights the entire inbound message block, even when the trigger itself is only a substring."
"opt_out_25","/(?:i(?:['\u2019`]|\s)?m|i\s+am) blocking you/gi","Classifies the message as an actionable opt-out. Recognizes i m blocking you as blocking rejection. Match requirement: PARTIAL MESSAGE. One qualifying substring is enough and unrelated words may appear before or after it. Required: one complete regex alternative (items separated by | are OR choices, not cumulative requirements). Optional: only tokens/groups marked with ?, *, or a zero-minimum quantifier; + requires one or more. Words in other alternatives are not required. Searches normalized lowercase text (diacritics folded; most punctuation becomes spacing; apostrophes are ignored). Matching is case-insensitive. Runtime status: active by default when its category is enabled. Visible effect: after a rule wins overlap/priority selection, the extension highlights the entire inbound message block, even when the trigger itself is only a substring."
"opt_out_26","/(?:i(?:['\u2019`]|\s)?m|i\s+am) deleting you/gi","Classifies the message as an actionable opt-out. Recognizes blocking rejection as blocking rejection. Match requirement: PARTIAL MESSAGE. One qualifying substring is enough and unrelated words may appear before or after it. Required: one complete regex alternative (items separated by | are OR choices, not cumulative requirements). Optional: only tokens/groups marked with ?, *, or a zero-minimum quantifier; + requires one or more. Words in other alternatives are not required. Searches the raw message text. Matching is case-insensitive. Runtime status: active by default when its category is enabled. Visible effect: after a rule wins overlap/priority selection, the extension highlights the entire inbound message block, even when the trigger itself is only a substring."
"fuzzy_opt_out_30","/(?:i(?:['\u2019`]|\s)?m|i\s+am) tired of yall/gi","Flags the message as a possible but ambiguous opt-out. Recognizes i m tired of y all as frustration. Match requirement: PARTIAL MESSAGE. One qualifying substring is enough and unrelated words may appear before or after it. Required: one complete regex alternative (items separated by | are OR choices, not cumulative requirements). Optional: only tokens/groups marked with ?, *, or a zero-minimum quantifier; + requires one or more. Words in other alternatives are not required. Searches normalized lowercase text (diacritics folded; most punctuation becomes spacing; apostrophes are ignored). Matching is case-insensitive. Runtime status: active by default when its category is enabled. Visible effect: after a rule wins overlap/priority selection, the extension highlights the entire inbound message block, even when the trigger itself is only a substring."
"fuzzy_opt_out_31","/(?:i(?:['\u2019`]|\s)?m|i\s+am) tired of you/gi","Flags the message as a possible but ambiguous opt-out. Recognizes frustration as frustration. Match requirement: PARTIAL MESSAGE. One qualifying substring is enough and unrelated words may appear before or after it. Required: one complete regex alternative (items separated by | are OR choices, not cumulative requirements). Optional: only tokens/groups marked with ?, *, or a zero-minimum quantifier; + requires one or more. Words in other alternatives are not required. Searches the raw message text. Matching is case-insensitive. Runtime status: active by default when its category is enabled. Visible effect: after a rule wins overlap/priority selection, the extension highlights the entire inbound message block, even when the trigger itself is only a substring."
"opt_out_27","/once i get my order (?:i(?:['\u2019`]|\s)?m|i\s+am) going to block you/gi","Classifies the message as an actionable opt-out. Recognizes once i get my order i m going to block you as blocking rejection. Match requirement: PARTIAL MESSAGE. One qualifying substring is enough and unrelated words may appear before or after it. Required: one complete regex alternative (items separated by | are OR choices, not cumulative requirements). Optional: only tokens/groups marked with ?, *, or a zero-minimum quantifier; + requires one or more. Words in other alternatives are not required. Searches normalized lowercase text (diacritics folded; most punctuation becomes spacing; apostrophes are ignored). Matching is case-insensitive. Runtime status: active by default when its category is enabled. Visible effect: after a rule wins overlap/priority selection, the extension highlights the entire inbound message block, even when the trigger itself is only a substring."
"opt_out_28","/fu/gi","Classifies the message as an actionable opt-out. fu. Match requirement: WHOLE MESSAGE. After trimming outer punctuation/whitespace and collapsing spaces, the matched text must equal the entire message body; extra words cause rejection. Required: one complete regex alternative (items separated by | are OR choices, not cumulative requirements). Optional: only tokens/groups marked with ?, *, or a zero-minimum quantifier; + requires one or more. Words in other alternatives are not required. Searches normalized lowercase text (diacritics folded; most punctuation becomes spacing; apostrophes are ignored). Matching is case-insensitive. Runtime status: active by default when its category is enabled. Visible effect: after a rule wins overlap/priority selection, the extension highlights the entire inbound message block, even when the trigger itself is only a substring."
"txt_1","/\bhow did (?:you|u) get my (?:number|phone number|contact)\b|\bwhere did (?:you|u) get my (?:number|phone number|contact)\b|\bwho gave (?:you|u) my (?:number|phone number|contact)\b|\bwhy (?:am i|do i) (?:getting|get|receive|receiving) (?:these )?(?:texts?|text messages?|messages?|msgs?)\b|\bwhy (?:are|r) (?:you|u) (?:texting|messaging|msging|contacting) me\b|\bwhy (?:are|r) (?:you|u) sending (?:me )?(?:texts?|text messages?|messages?|msgs?)\b|\bwhy did (?:you|u) (?:text|message|msg|contact) me\b|\bwhy did i get (?:this|these) (?:text|texts|message|messages|msg|msgs)\b|\bwhy do (?:you|u) (?:text|message|msg) me\b|\bwhy do (?:you|u) keep (?:texting|messaging|contacting)(?: me)?\b|\bi (?:dont|do not) know (?:you|u)\b|\bwho (?:is|are) (?:this|you|u)\b/gi","Flags a question or concern about why the sender is texting or has the customer's number. Customer asks how/where the sender got their number, who the sender is, who gave out their number, why they are getting texts/messages, why the sender is texting/contacting/sending messages, or says they do not know the sender. Match requirement: PARTIAL MESSAGE. One qualifying substring is enough and unrelated words may appear before or after it. Required/optional terms are stated in the detector condition above; listed alternatives are OR choices unless the condition explicitly says they must all be present. Searches the raw message text. Matching is case-insensitive. Runtime status: active by default when its category is enabled. Visible effect: after a rule wins overlap/priority selection, the extension highlights the entire inbound message block, even when the trigger itself is only a substring."
"close_33","/^michaels michaels$/giu","Classifies the message as non-opt-out and suitable to close. Recognizes random as known keyword. Match requirement: WHOLE MESSAGE. After trimming outer punctuation/whitespace and collapsing spaces, the matched text must equal the entire message body; extra words cause rejection. Required: one complete regex alternative (items separated by | are OR choices, not cumulative requirements). Optional: only tokens/groups marked with ?, *, or a zero-minimum quantifier; + requires one or more. Words in other alternatives are not required. Searches normalized lowercase text (diacritics folded; most punctuation becomes spacing; apostrophes are ignored). Matching is case-insensitive. Runtime status: active by default when its category is enabled. Visible effect: after a rule wins overlap/priority selection, the extension highlights the entire inbound message block, even when the trigger itself is only a substring."
"close_34","/^michaels$/giu","Classifies the message as non-opt-out and suitable to close. Recognizes random as known keyword. Match requirement: WHOLE MESSAGE. After trimming outer punctuation/whitespace and collapsing spaces, the matched text must equal the entire message body; extra words cause rejection. Required: one complete regex alternative (items separated by | are OR choices, not cumulative requirements). Optional: only tokens/groups marked with ?, *, or a zero-minimum quantifier; + requires one or more. Words in other alternatives are not required. Searches normalized lowercase text (diacritics folded; most punctuation becomes spacing; apostrophes are ignored). Matching is case-insensitive. Runtime status: active by default when its category is enabled. Visible effect: after a rule wins overlap/priority selection, the extension highlights the entire inbound message block, even when the trigger itself is only a substring."
"close_35","/^nice$/giu","Classifies the message as non-opt-out and suitable to close. Recognizes random as acknowledgement. Match requirement: WHOLE MESSAGE. After trimming outer punctuation/whitespace and collapsing spaces, the matched text must equal the entire message body; extra words cause rejection. Required: one complete regex alternative (items separated by | are OR choices, not cumulative requirements). Optional: only tokens/groups marked with ?, *, or a zero-minimum quantifier; + requires one or more. Words in other alternatives are not required. Searches normalized lowercase text (diacritics folded; most punctuation becomes spacing; apostrophes are ignored). Matching is case-insensitive. Runtime status: active by default when its category is enabled. Visible effect: after a rule wins overlap/priority selection, the extension highlights the entire inbound message block, even when the trigger itself is only a substring."
"close_36","/^oh$/giu","Classifies the message as non-opt-out and suitable to close. Recognizes random as acknowledgement. Match requirement: WHOLE MESSAGE. After trimming outer punctuation/whitespace and collapsing spaces, the matched text must equal the entire message body; extra words cause rejection. Required: one complete regex alternative (items separated by | are OR choices, not cumulative requirements). Optional: only tokens/groups marked with ?, *, or a zero-minimum quantifier; + requires one or more. Words in other alternatives are not required. Searches normalized lowercase text (diacritics folded; most punctuation becomes spacing; apostrophes are ignored). Matching is case-insensitive. Runtime status: active by default when its category is enabled. Visible effect: after a rule wins overlap/priority selection, the extension highlights the entire inbound message block, even when the trigger itself is only a substring."
"close_37","/^save$/giu","Classifies the message as non-opt-out and suitable to close. Recognizes random as noise. Match requirement: WHOLE MESSAGE. After trimming outer punctuation/whitespace and collapsing spaces, the matched text must equal the entire message body; extra words cause rejection. Required: one complete regex alternative (items separated by | are OR choices, not cumulative requirements). Optional: only tokens/groups marked with ?, *, or a zero-minimum quantifier; + requires one or more. Words in other alternatives are not required. Searches normalized lowercase text (diacritics folded; most punctuation becomes spacing; apostrophes are ignored). Matching is case-insensitive. Runtime status: active by default when its category is enabled. Visible effect: after a rule wins overlap/priority selection, the extension highlights the entire inbound message block, even when the trigger itself is only a substring."
"close_38","/^sri$/giu","Classifies the message as non-opt-out and suitable to close. Recognizes random as noise. Match requirement: WHOLE MESSAGE. After trimming outer punctuation/whitespace and collapsing spaces, the matched text must equal the entire message body; extra words cause rejection. Required: one complete regex alternative (items separated by | are OR choices, not cumulative requirements). Optional: only tokens/groups marked with ?, *, or a zero-minimum quantifier; + requires one or more. Words in other alternatives are not required. Searches normalized lowercase text (diacritics folded; most punctuation becomes spacing; apostrophes are ignored). Matching is case-insensitive. Runtime status: active by default when its category is enabled. Visible effect: after a rule wins overlap/priority selection, the extension highlights the entire inbound message block, even when the trigger itself is only a substring."
"close_39","/^test$/giu","Classifies the message as non-opt-out and suitable to close. Recognizes random as noise. Match requirement: WHOLE MESSAGE. After trimming outer punctuation/whitespace and collapsing spaces, the matched text must equal the entire message body; extra words cause rejection. Required: one complete regex alternative (items separated by | are OR choices, not cumulative requirements). Optional: only tokens/groups marked with ?, *, or a zero-minimum quantifier; + requires one or more. Words in other alternatives are not required. Searches normalized lowercase text (diacritics folded; most punctuation becomes spacing; apostrophes are ignored). Matching is case-insensitive. Runtime status: active by default when its category is enabled. Visible effect: after a rule wins overlap/priority selection, the extension highlights the entire inbound message block, even when the trigger itself is only a substring."
"close_40","/^10 shein freebies and a 50 allowance for the lucky just click and claim so easy$/giu","Classifies the message as non-opt-out and suitable to close. Recognizes scam as known inbound spam. Match requirement: WHOLE MESSAGE. After trimming outer punctuation/whitespace and collapsing spaces, the matched text must equal the entire message body; extra words cause rejection. Required: one complete regex alternative (items separated by | are OR choices, not cumulative requirements). Optional: only tokens/groups marked with ?, *, or a zero-minimum quantifier; + requires one or more. Words in other alternatives are not required. Searches normalized lowercase text (diacritics folded; most punctuation becomes spacing; apostrophes are ignored). Matching is case-insensitive. Runtime status: active by default when its category is enabled. Visible effect: after a rule wins overlap/priority selection, the extension highlights the entire inbound message block, even when the trigger itself is only a substring."
"no_action_2","/^thank you so much$/giu","Defines a no-action classification. Recognizes thanks as gratitude. Match requirement: WHOLE MESSAGE. After trimming outer punctuation/whitespace and collapsing spaces, the matched text must equal the entire message body; extra words cause rejection. Required: one complete regex alternative (items separated by | are OR choices, not cumulative requirements). Optional: only tokens/groups marked with ?, *, or a zero-minimum quantifier; + requires one or more. Words in other alternatives are not required. Searches normalized lowercase text (diacritics folded; most punctuation becomes spacing; apostrophes are ignored). Matching is case-insensitive. Runtime status: DORMANT. The loader always excludes no_action rules, even if settings enable that category. Visible effect: none in the current runtime."
"no_action_3","/^thank you$/giu","Defines a no-action classification. Recognizes thanks as gratitude. Match requirement: WHOLE MESSAGE. After trimming outer punctuation/whitespace and collapsing spaces, the matched text must equal the entire message body; extra words cause rejection. Required: one complete regex alternative (items separated by | are OR choices, not cumulative requirements). Optional: only tokens/groups marked with ?, *, or a zero-minimum quantifier; + requires one or more. Words in other alternatives are not required. Searches normalized lowercase text (diacritics folded; most punctuation becomes spacing; apostrophes are ignored). Matching is case-insensitive. Runtime status: DORMANT. The loader always excludes no_action rules, even if settings enable that category. Visible effect: none in the current runtime."
"no_action_4","/^thanks so much$/giu","Defines a no-action classification. Recognizes thanks as gratitude. Match requirement: WHOLE MESSAGE. After trimming outer punctuation/whitespace and collapsing spaces, the matched text must equal the entire message body; extra words cause rejection. Required: one complete regex alternative (items separated by | are OR choices, not cumulative requirements). Optional: only tokens/groups marked with ?, *, or a zero-minimum quantifier; + requires one or more. Words in other alternatives are not required. Searches normalized lowercase text (diacritics folded; most punctuation becomes spacing; apostrophes are ignored). Matching is case-insensitive. Runtime status: DORMANT. The loader always excludes no_action rules, even if settings enable that category. Visible effect: none in the current runtime."
"tmt_1","/(?:(?:don(?:['\u2019`]|\s)?t|do\s*not)\s+(?:text|message|contact)\s+(?:me\s+)?so\s+much)|(?:(?:send\s+)?less\s+(?:texts|text\s+messages|messages|msgs))|(?:(?:text|message|contact)\s+me\s+less)|(?:(?:text|message|contact|send)\s+me\s+less\s+often)|(?:\b(?:send )?fewer (?:texts?|text messages?|messages?|msgs?)\b)|(?:\blower (?:the )?frequency\b)|(?:\bnot as many (?:texts?|text messages?|messages?|msgs?)\b)|(?:\breduce (?:the )?(?:texts?|text messages?|messages?|msgs?)\b)|(?:\breduce (?:the )?frequency\b)|(?:\bsend (?:me )?(?:texts?|text messages?|messages?|msgs?) less\b)|(?:\bsend me less\b)|(?:\bslow down (?:on )?(?:the )?(?:texts?|text messages?|messages?|msgs?)\b)|(?:\bso many (?:texts?|text messages?|messages?|msgs?)\b)|(?:\bstop (?:texting|messaging|contacting) (?:me )?so much\b)|(?:\btoo many (?:texts?|text messages?|messages?|msgs?)\b)|(?:not\s+so\s+many\s+(?:texts|text\s+messages|messages|msgs))|(?:junk)/gi","Flags a request to reduce texting frequency. All existing TMT rules, including frequency-reduction requests and other TMT-classified short messages. Match requirement: PARTIAL MESSAGE. One qualifying substring is enough and unrelated words may appear before or after it. Required: one complete regex alternative (items separated by | are OR choices, not cumulative requirements). Optional: only tokens/groups marked with ?, *, or a zero-minimum quantifier; + requires one or more. Words in other alternatives are not required. Searches normalized lowercase text (diacritics folded; most punctuation becomes spacing; apostrophes are ignored). Matching is case-insensitive. Runtime status: active by default when its category is enabled. Visible effect: after a rule wins overlap/priority selection, the extension highlights the entire inbound message block, even when the trigger itself is only a substring."
"opt_out_29","/f u/gi","Classifies the message as an actionable opt-out. f u. Match requirement: PARTIAL MESSAGE. One qualifying substring is enough and unrelated words may appear before or after it. Required: every word/character in the literal phrase. Optional: none. Searches the raw message text. Matching is case-insensitive. Runtime status: active by default when its category is enabled. Visible effect: after a rule wins overlap/priority selection, the extension highlights the entire inbound message block, even when the trigger itself is only a substring."
"fuzzy_opt_out_32","/\bnot\s+doing\s+business\b/gi","Flags the message as a possible but ambiguous opt-out. Recognizes not doing business as brand rejection. Match requirement: PARTIAL MESSAGE. One qualifying substring is enough and unrelated words may appear before or after it. Required: one complete regex alternative (items separated by | are OR choices, not cumulative requirements). Optional: only tokens/groups marked with ?, *, or a zero-minimum quantifier; + requires one or more. Words in other alternatives are not required. Searches normalized lowercase text (diacritics folded; most punctuation becomes spacing; apostrophes are ignored). Matching is case-insensitive. Runtime status: active by default when its category is enabled. Visible effect: after a rule wins overlap/priority selection, the extension highlights the entire inbound message block, even when the trigger itself is only a substring."
"close_41","[no compiled matcher] empty_customer_message","Classifies the message as non-opt-out and suitable to close. Customer message is empty or whitespace only. Match requirement: WHOLE MESSAGE. After trimming outer punctuation/whitespace and collapsing spaces, the matched text must equal the entire message body; extra words cause rejection. Required/optional terms are stated in the detector condition above; listed alternatives are OR choices unless the condition explicitly says they must all be present. Runtime status: DORMANT in the current extension because core.js has no compiled matcher for this configured procedural detector. Visible effect: none in the current runtime."
"close_42","[no compiled matcher] real_word_collision","Classifies the message as non-opt-out and suitable to close. Normalized customer message is an exact known word that resembles an opt-out token. Match requirement: WHOLE MESSAGE. After trimming outer punctuation/whitespace and collapsing spaces, the matched text must equal the entire message body; extra words cause rejection. Required/optional terms are stated in the detector condition above; listed alternatives are OR choices unless the condition explicitly says they must all be present. Runtime status: DORMANT in the current extension because core.js has no compiled matcher for this configured procedural detector. Visible effect: none in the current runtime."
"opt_out_30","/\b(?:my age is\s*)?(?:[0-9]|1[0-2]|one|two|three|four|five|six|seven|eight|nine|ten|eleven|twelve)\s*(?:years?\s*old|yrs?\s*old|yo|y\/o)\b|\bmy age is\s*(?:[0-9]|1[0-2]|one|two|three|four|five|six|seven|eight|nine|ten|eleven|twelve)\b|\b(?:grade\s*[1-6]|[1-6](?:st|nd|rd|th)\s*grade)\b/gi","Classifies the message as an actionable opt-out. Customer states that they are under 13 or in an equivalent school grade; procedural age extraction is retained. Match requirement: PARTIAL MESSAGE. One qualifying substring is enough and unrelated words may appear before or after it. Required/optional terms are stated in the detector condition above; listed alternatives are OR choices unless the condition explicitly says they must all be present. Searches the raw message text. Matching is case-insensitive. Runtime status: active by default when its category is enabled. Visible effect: after a rule wins overlap/priority selection, the extension highlights the entire inbound message block, even when the trigger itself is only a substring."
"close_43","[no compiled matcher] language_filter_non_opt_out","Classifies the message as non-opt-out and suitable to close. Customer message is a short non-opt-out word or sufficiently noisy gibberish. Match requirement: WHOLE MESSAGE. After trimming outer punctuation/whitespace and collapsing spaces, the matched text must equal the entire message body; extra words cause rejection. Required/optional terms are stated in the detector condition above; listed alternatives are OR choices unless the condition explicitly says they must all be present. Runtime status: DORMANT in the current extension because core.js has no compiled matcher for this configured procedural detector. Visible effect: none in the current runtime."
"opt_out_31","[no compiled matcher] bounded_block_intent","Classifies the message as an actionable opt-out. Normalized customer message is a bounded request to block the sender or number. Match requirement: PARTIAL MESSAGE. One qualifying substring is enough and unrelated words may appear before or after it. Required/optional terms are stated in the detector condition above; listed alternatives are OR choices unless the condition explicitly says they must all be present. Runtime status: DORMANT in the current extension because core.js has no compiled matcher for this configured procedural detector. Visible effect: none in the current runtime."
"opt_out_32","[no compiled matcher] targeted_legal_intent","Classifies the message as an actionable opt-out. Normalized customer message contains a targeted legal threat or agency complaint. Match requirement: PARTIAL MESSAGE. One qualifying substring is enough and unrelated words may appear before or after it. Required/optional terms are stated in the detector condition above; listed alternatives are OR choices unless the condition explicitly says they must all be present. Runtime status: DORMANT in the current extension because core.js has no compiled matcher for this configured procedural detector. Visible effect: none in the current runtime."
"close_44","/^(?:https?:\/\/\S+|www\.\S+)(?:\s+(?:https?:\/\/\S+|www\.\S+))*$/gi","Classifies the message as non-opt-out and suitable to close. Every whitespace-delimited customer token is a URL-like token. Match requirement: WHOLE MESSAGE. After trimming outer punctuation/whitespace and collapsing spaces, the matched text must equal the entire message body; extra words cause rejection. Required/optional terms are stated in the detector condition above; listed alternatives are OR choices unless the condition explicitly says they must all be present. Searches the raw message text. Matching is case-insensitive. Runtime status: active by default when its category is enabled. Visible effect: after a rule wins overlap/priority selection, the extension highlights the entire inbound message block, even when the trigger itself is only a substring."
"fuzzy_opt_out_33","/\bno[\W_]+longer\b/gi","Flags the message as a possible but ambiguous opt-out. no longer. Match requirement: PARTIAL MESSAGE. One qualifying substring is enough and unrelated words may appear before or after it. Required: every word/character in the literal phrase. Optional: none. Searches the raw message text. Matching is case-insensitive. Runtime status: active by default when its category is enabled. Visible effect: after a rule wins overlap/priority selection, the extension highlights the entire inbound message block, even when the trigger itself is only a substring."
"opt_out_33","/(?:^(?:leave\s+me\s+the\s+fuck\s+alone|stop\s+yall\s+suck|stop\s+dammit|stop\s+nigga|bitch\s+stop|stop\s+shit|fuck\s+of)$)|(?:\b(?:go\ fuck\ yourself|shut\ the\ fuck\ up|go\ to\ hell|fuck\ yall|fuck\ off|fuck\ you|fuck\ u|sybau|stfu|fu|fuxk\ you)\b)/gi","Classifies the message as an actionable opt-out. Recognizes go fuck yourself shut the fuck up go to hell fuck yall fuck off fuck y as offensive rejection. Match requirement: PARTIAL MESSAGE. One qualifying substring is enough and unrelated words may appear before or after it. Alternatives containing ^ and $ still require the start/end of the searched message; unanchored alternatives may match inside longer text. Required: one complete regex alternative (items separated by | are OR choices, not cumulative requirements). Optional: only tokens/groups marked with ?, *, or a zero-minimum quantifier; + requires one or more. Words in other alternatives are not required. Searches normalized lowercase text (diacritics folded; most punctuation becomes spacing; apostrophes are ignored). Matching is case-insensitive. Observed coverage: 7 additional normalized phrases are OR-ed into the effective regex; each such phrase is an exact whole-message alternative. Runtime status: active by default when its category is enabled. Visible effect: after a rule wins overlap/priority selection, the extension highlights the entire inbound message block, even when the trigger itself is only a substring."
"fuzzy_opt_out_34","/\b(?:i(?:['\u2019`]|\s)?m|i\s+am)\s+done\b/gi","Flags the message as a possible but ambiguous opt-out. Recognizes i m done as ambiguous termination. Match requirement: PARTIAL MESSAGE. One qualifying substring is enough and unrelated words may appear before or after it. Required: one complete regex alternative (items separated by | are OR choices, not cumulative requirements). Optional: only tokens/groups marked with ?, *, or a zero-minimum quantifier; + requires one or more. Words in other alternatives are not required. Searches normalized lowercase text (diacritics folded; most punctuation becomes spacing; apostrophes are ignored). Matching is case-insensitive. Runtime status: active by default when its category is enabled. Visible effect: after a rule wins overlap/priority selection, the extension highlights the entire inbound message block, even when the trigger itself is only a substring."
"fuzzy_opt_out_35","/(?<![a-z0-9])(?:no longer needed)(?![a-z0-9])/gi","Flags the message as a possible but ambiguous opt-out. Recognizes no longer needed as ambiguous termination. Match requirement: PARTIAL MESSAGE. One qualifying substring is enough and unrelated words may appear before or after it. Required: one complete regex alternative (items separated by | are OR choices, not cumulative requirements). Optional: only tokens/groups marked with ?, *, or a zero-minimum quantifier; + requires one or more. Words in other alternatives are not required. Searches normalized lowercase text (diacritics folded; most punctuation becomes spacing; apostrophes are ignored). Matching is case-insensitive. Runtime status: active by default when its category is enabled. Visible effect: after a rule wins overlap/priority selection, the extension highlights the entire inbound message block, even when the trigger itself is only a substring."
"fuzzy_opt_out_36","/(?:i(?:['\u2019`]|\s)?ll|i\s+will) never shop here again/gi","Flags the message as a possible but ambiguous opt-out. Recognizes i ll ill never shop here again as brand rejection. Match requirement: PARTIAL MESSAGE. One qualifying substring is enough and unrelated words may appear before or after it. Required: one complete regex alternative (items separated by | are OR choices, not cumulative requirements). Optional: only tokens/groups marked with ?, *, or a zero-minimum quantifier; + requires one or more. Words in other alternatives are not required. Searches normalized lowercase text (diacritics folded; most punctuation becomes spacing; apostrophes are ignored). Matching is case-insensitive. Runtime status: active by default when its category is enabled. Visible effect: after a rule wins overlap/priority selection, the extension highlights the entire inbound message block, even when the trigger itself is only a substring."
"fuzzy_opt_out_37","/no longer want( it| this| these)?/gi","Flags the message as a possible but ambiguous opt-out. Recognizes no longer want it this these as generic disinterest. Match requirement: PARTIAL MESSAGE. One qualifying substring is enough and unrelated words may appear before or after it. Required: one complete regex alternative (items separated by | are OR choices, not cumulative requirements). Optional: only tokens/groups marked with ?, *, or a zero-minimum quantifier; + requires one or more. Words in other alternatives are not required. Searches normalized lowercase text (diacritics folded; most punctuation becomes spacing; apostrophes are ignored). Matching is case-insensitive. Runtime status: active by default when its category is enabled. Visible effect: after a rule wins overlap/priority selection, the extension highlights the entire inbound message block, even when the trigger itself is only a substring."
"fuzzy_opt_out_38","/not\s+a\s+customer\s+anymore/gi","Flags the message as a possible but ambiguous opt-out. Recognizes not a customer anymore as brand rejection. Match requirement: PARTIAL MESSAGE. One qualifying substring is enough and unrelated words may appear before or after it. Required: one complete regex alternative (items separated by | are OR choices, not cumulative requirements). Optional: only tokens/groups marked with ?, *, or a zero-minimum quantifier; + requires one or more. Words in other alternatives are not required. Searches normalized lowercase text (diacritics folded; most punctuation becomes spacing; apostrophes are ignored). Matching is case-insensitive. Runtime status: active by default when its category is enabled. Visible effect: after a rule wins overlap/priority selection, the extension highlights the entire inbound message block, even when the trigger itself is only a substring."
"close_45","/(?<![a-z0-9])(?:10 shein freebies and a 50 allowance for the lucky just click and claim\s+so easy)(?![a-z0-9])/gi","Classifies the message as non-opt-out and suitable to close. Recognizes shein freebies and a 50 allowance for the lucky just click and clai as known inbound spam. Match requirement: WHOLE MESSAGE. After trimming outer punctuation/whitespace and collapsing spaces, the matched text must equal the entire message body; extra words cause rejection. Required: one complete regex alternative (items separated by | are OR choices, not cumulative requirements). Optional: only tokens/groups marked with ?, *, or a zero-minimum quantifier; + requires one or more. Words in other alternatives are not required. Searches normalized lowercase text (diacritics folded; most punctuation becomes spacing; apostrophes are ignored). Matching is case-insensitive. Runtime status: active by default when its category is enabled. Visible effect: after a rule wins overlap/priority selection, the extension highlights the entire inbound message block, even when the trigger itself is only a substring."
"close_46","/10 shein freebies and a 50 allowance for the lucky just click and claim\s+so easy/gi","Classifies the message as non-opt-out and suitable to close. 10 shein freebies and a 50 allowance for the lucky just click and claim-so easy. Match requirement: WHOLE MESSAGE. After trimming outer punctuation/whitespace and collapsing spaces, the matched text must equal the entire message body; extra words cause rejection. Required: one complete regex alternative (items separated by | are OR choices, not cumulative requirements). Optional: only tokens/groups marked with ?, *, or a zero-minimum quantifier; + requires one or more. Words in other alternatives are not required. Searches normalized lowercase text (diacritics folded; most punctuation becomes spacing; apostrophes are ignored). Matching is case-insensitive. Runtime status: active by default when its category is enabled. Visible effect: after a rule wins overlap/priority selection, the extension highlights the entire inbound message block, even when the trigger itself is only a substring."
"no_action_5","/^thanks$/gi","Defines a no-action classification. Recognizes thanks as gratitude. Match requirement: PARTIAL MESSAGE. One qualifying substring is enough and unrelated words may appear before or after it. Alternatives containing ^ and $ still require the start/end of the searched message; unanchored alternatives may match inside longer text. Required: one complete regex alternative (items separated by | are OR choices, not cumulative requirements). Optional: only tokens/groups marked with ?, *, or a zero-minimum quantifier; + requires one or more. Words in other alternatives are not required. Searches normalized lowercase text (diacritics folded; most punctuation becomes spacing; apostrophes are ignored). Matching is case-insensitive. Runtime status: DORMANT. The loader always excludes no_action rules, even if settings enable that category. Visible effect: none in the current runtime."
"no_action_6","/^thx$/gi","Defines a no-action classification. Recognizes thx as gratitude. Match requirement: PARTIAL MESSAGE. One qualifying substring is enough and unrelated words may appear before or after it. Alternatives containing ^ and $ still require the start/end of the searched message; unanchored alternatives may match inside longer text. Required: one complete regex alternative (items separated by | are OR choices, not cumulative requirements). Optional: only tokens/groups marked with ?, *, or a zero-minimum quantifier; + requires one or more. Words in other alternatives are not required. Searches normalized lowercase text (diacritics folded; most punctuation becomes spacing; apostrophes are ignored). Matching is case-insensitive. Runtime status: DORMANT. The loader always excludes no_action rules, even if settings enable that category. Visible effect: none in the current runtime."
"opt_out_34","/(?:wrong\s+(?:number|person)|(?:not|this\s+(?:(?:isn(?:['\u2019`]|\s)?t|is\s*not)))\s+my\s+number|you\s+(?:have|got)\s+the\s+wrong\s+number)/gi","Classifies the message as an actionable opt-out. Recognizes wrong number as wrong number. Match requirement: PARTIAL MESSAGE. One qualifying substring is enough and unrelated words may appear before or after it. Required: one complete regex alternative (items separated by | are OR choices, not cumulative requirements). Optional: only tokens/groups marked with ?, *, or a zero-minimum quantifier; + requires one or more. Words in other alternatives are not required. Searches normalized lowercase text (diacritics folded; most punctuation becomes spacing; apostrophes are ignored). Matching is case-insensitive. Runtime status: active by default when its category is enabled. Visible effect: after a rule wins overlap/priority selection, the extension highlights the entire inbound message block, even when the trigger itself is only a substring."
"close_47","/^take10$/giu","Classifies the message as non-opt-out and suitable to close. Recognizes random as known keyword. Match requirement: WHOLE MESSAGE. After trimming outer punctuation/whitespace and collapsing spaces, the matched text must equal the entire message body; extra words cause rejection. Required: one complete regex alternative (items separated by | are OR choices, not cumulative requirements). Optional: only tokens/groups marked with ?, *, or a zero-minimum quantifier; + requires one or more. Words in other alternatives are not required. Searches normalized lowercase text (diacritics folded; most punctuation becomes spacing; apostrophes are ignored). Matching is case-insensitive. Runtime status: active by default when its category is enabled. Visible effect: after a rule wins overlap/priority selection, the extension highlights the entire inbound message block, even when the trigger itself is only a substring."
"close_48","/^welcome15$/giu","Classifies the message as non-opt-out and suitable to close. Recognizes random as known keyword. Match requirement: WHOLE MESSAGE. After trimming outer punctuation/whitespace and collapsing spaces, the matched text must equal the entire message body; extra words cause rejection. Required: one complete regex alternative (items separated by | are OR choices, not cumulative requirements). Optional: only tokens/groups marked with ?, *, or a zero-minimum quantifier; + requires one or more. Words in other alternatives are not required. Searches normalized lowercase text (diacritics folded; most punctuation becomes spacing; apostrophes are ignored). Matching is case-insensitive. Runtime status: active by default when its category is enabled. Visible effect: after a rule wins overlap/priority selection, the extension highlights the entire inbound message block, even when the trigger itself is only a substring."
"close_49","/^claim 5 free shein products now click the link to help and lets both win big$/giu","Classifies the message as non-opt-out and suitable to close. Recognizes scam as known inbound spam. Match requirement: WHOLE MESSAGE. After trimming outer punctuation/whitespace and collapsing spaces, the matched text must equal the entire message body; extra words cause rejection. Required: one complete regex alternative (items separated by | are OR choices, not cumulative requirements). Optional: only tokens/groups marked with ?, *, or a zero-minimum quantifier; + requires one or more. Words in other alternatives are not required. Searches normalized lowercase text (diacritics folded; most punctuation becomes spacing; apostrophes are ignored). Matching is case-insensitive. Runtime status: active by default when its category is enabled. Visible effect: after a rule wins overlap/priority selection, the extension highlights the entire inbound message block, even when the trigger itself is only a substring."
"close_50","/^could you do me a huge favor please accept my invite so that i can get free gifts$/giu","Classifies the message as non-opt-out and suitable to close. Recognizes scam as known inbound spam. Match requirement: WHOLE MESSAGE. After trimming outer punctuation/whitespace and collapsing spaces, the matched text must equal the entire message body; extra words cause rejection. Required: one complete regex alternative (items separated by | are OR choices, not cumulative requirements). Optional: only tokens/groups marked with ?, *, or a zero-minimum quantifier; + requires one or more. Words in other alternatives are not required. Searches normalized lowercase text (diacritics folded; most punctuation becomes spacing; apostrophes are ignored). Matching is case-insensitive. Runtime status: active by default when its category is enabled. Visible effect: after a rule wins overlap/priority selection, the extension highlights the entire inbound message block, even when the trigger itself is only a substring."
"opt_out_35","/(?:\bmy age is\s*(?:[0-9]|1[0-2])\b|\b(?:i(?:['\u2019`]|\s)?m|i\s+am)(?:\s+(?:only|just))?\s*(?:[0-9]|1[0-2])\s*(?:years?\s*old|yrs?\s*old|yo|y\/o)\b)|(?:\bmy age is\s*(?:one|two|three|four|five|six|seven|eight|nine|ten|eleven|twelve)\b|\b(?:i(?:['\u2019`]|\s)?m|i\s+am)(?:\s+(?:only|just))?\s*(?:one|two|three|four|five|six|seven|eight|nine|ten|eleven|twelve)\s*(?:years?\s*old|yrs?\s*old|yo|y\/o)\b)|(?:elementary school)|(?:first grader)|(?:grade [1-6])|(?:grade school)|(?:i\s+am in [1-6](?:st|nd|rd|th) grade)|(?:i\s+am in grade [1-6])|(?:(?:i(?:['\u2019`]|\s)?m|i\s+am) in [1-6](?:st|nd|rd|th) grade)|(?:(?:i(?:['\u2019`]|\s)?m|i\s+am) in grade [1-6])|(?:primary school)|(?:second grader)|(?:sixth grader)|(?:third grader)|(?:under 13)|(?:younger than 13)/gi","Classifies the message as an actionable opt-out. All existing explicit age, word-age, grade, school, under-13, and younger-than-13 patterns. Match requirement: PARTIAL MESSAGE. One qualifying substring is enough and unrelated words may appear before or after it. Required: one complete regex alternative (items separated by | are OR choices, not cumulative requirements). Optional: only tokens/groups marked with ?, *, or a zero-minimum quantifier; + requires one or more. Words in other alternatives are not required. Searches normalized lowercase text (diacritics folded; most punctuation becomes spacing; apostrophes are ignored). Matching is case-insensitive. Runtime status: active by default when its category is enabled. Visible effect: after a rule wins overlap/priority selection, the extension highlights the entire inbound message block, even when the trigger itself is only a substring."
"code:escalation_immediately","bullet /\u2022[^\r\n]*/ containing /\bimmediately\b/i","Highlights an escalation instruction bullet when it contains the immediately trigger. Match requirement: PARTIAL BULLET—text must begin with the • bullet character, and the trigger may occur anywhere before the newline. Required: one occurrence of the trigger pattern. Optional: all other words in the bullet. The trigger uses case-insensitive matching. Visible effect: the entire bullet line is highlighted, not only the trigger words. Runtime status: active code-only rule; it is not stored in the JSON rule inventory."
"code:escalation_use_temp","bullet /\u2022[^\r\n]*/ containing /\b(?:use|Use|USE)\s+[A-Z]+\s+(?:temp|Temp|TEMP)\b/","Highlights an escalation instruction bullet when it contains the use temp trigger. Match requirement: PARTIAL BULLET—text must begin with the • bullet character, and the trigger may occur anywhere before the newline. Required: one occurrence of the trigger pattern. Optional: all other words in the bullet. The trigger uses case-sensitive matching. Visible effect: the entire bullet line is highlighted, not only the trigger words. Runtime status: active code-only rule; it is not stored in the JSON rule inventory."
"code:escalation_use_shortcut","bullet /\u2022[^\r\n]*/ containing /\b(?:use|Use|USE)\s+[A-Z]+\s+(?:shortcut|Shortcut|SHORTCUT)\b/","Highlights an escalation instruction bullet when it contains the use shortcut trigger. Match requirement: PARTIAL BULLET—text must begin with the • bullet character, and the trigger may occur anywhere before the newline. Required: one occurrence of the trigger pattern. Optional: all other words in the bullet. The trigger uses case-sensitive matching. Visible effect: the entire bullet line is highlighted, not only the trigger words. Runtime status: active code-only rule; it is not stored in the JSON rule inventory."
"code:escalation_no_esc","bullet /\u2022[^\r\n]*/ containing /\bno esc\b/","Highlights an escalation instruction bullet when it contains the no esc trigger. Match requirement: PARTIAL BULLET—text must begin with the • bullet character, and the trigger may occur anywhere before the newline. Required: one occurrence of the trigger pattern. Optional: all other words in the bullet. The bullet is lowercased and all non-alphanumeric runs become spaces before testing. Visible effect: the entire bullet line is highlighted, not only the trigger words. Runtime status: active code-only rule; it is not stored in the JSON rule inventory."
"code:escalation_post_purchase","bullet /\u2022[^\r\n]*/ containing /\bpost purchase\b/","Highlights an escalation instruction bullet when it contains the post purchase trigger. Match requirement: PARTIAL BULLET—text must begin with the • bullet character, and the trigger may occur anywhere before the newline. Required: one occurrence of the trigger pattern. Optional: all other words in the bullet. The bullet is lowercased and all non-alphanumeric runs become spaces before testing. Visible effect: the entire bullet line is highlighted, not only the trigger words. Runtime status: active code-only rule; it is not stored in the JSON rule inventory."
"code:escalation_client_takeover","bullet /\u2022[^\r\n]*/ containing /\bclose\s+when\s+(?:the\s+)?client\s+takes\s+over\b/i","Highlights an escalation instruction bullet when it contains the client takeover trigger. Match requirement: PARTIAL BULLET—text must begin with the • bullet character, and the trigger may occur anywhere before the newline. Required: one occurrence of the trigger pattern. Optional: all other words in the bullet. The trigger uses case-insensitive matching. Visible effect: the entire bullet line is highlighted, not only the trigger words. Runtime status: active code-only rule; it is not stored in the JSON rule inventory."
"code:escalation_last_word","bullet /\u2022[^\r\n]*/ containing /\blet\s+the\s+customer\s+have\s+the\s+last\s+word\b/i","Highlights an escalation instruction bullet when it contains the last word trigger. Match requirement: PARTIAL BULLET—text must begin with the • bullet character, and the trigger may occur anywhere before the newline. Required: one occurrence of the trigger pattern. Optional: all other words in the bullet. The trigger uses case-insensitive matching. Visible effect: the entire bullet line is highlighted, not only the trigger words. Runtime status: active code-only rule; it is not stored in the JSON rule inventory."
"user_added:{index}","literal user-configured keyword, escaped as regex and compiled /.../gi","Represents every custom keyword saved by the user. Match requirement: PARTIAL MESSAGE—a case-insensitive literal substring is enough, so word boundaries are not required and the keyword may occur inside a longer word. Required: the complete configured keyword exactly apart from letter case. Optional: any surrounding message text. User-added rules run before configured rules; after one wins, the entire inbound message block is highlighted. Runtime status: dynamic code-only rule family; one rule is created per saved keyword."
